district,Female_Literate,TOTAL POULATION,gdp_per_capita,Average days of employment provided per Household,pct_villages_all_weather_road,upi_txn_volume,upi_missing_flag,avg_monthly_income
kupwara,156831,875564.0,58.42857142857143,17.0,1.2298624754420433,46637.0,0,41679.37875904172
kupwara,156831,875564.0,58.42857142857143,17.0,1.2298624754420433,65813.0,0,77221.51260244704
kupwara,156831,875564.0,58.42857142857143,17.0,1.2298624754420433,75719.0,0,50821.520500198065
kupwara,156831,875564.0,58.42857142857143,17.0,1.2298624754420433,35301.0,0,69809.88285211902
kupwara,156831,875564.0,58.42857142857143,17.0,1.2298624754420433,29357.0,0,46518.62862373088
kupwara,156831,875564.0,58.42857142857143,17.0,1.2298624754420433,114772.0,0,5000.0
kupwara,156831,875564.0,58.42857142857143,17.0,1.2298624754420433,157369.0,0,67683.89124132608
kupwara,156831,875564.0,58.42857142857143,17.0,1.2298624754420433,303474.0,0,58252.663292954334
kupwara,156831,875564.0,58.42857142857143,17.0,1.2298624754420433,287414.0,0,55869.917124212414
kupwara,156831,875564.0,58.42857142857143,17.0,1.2298624754420433,408584.0,0,64233.41313225053
kupwara,156831,875564.0,58.42857142857143,17.0,1.2298624754420433,477130.0,0,83561.08846089672
kupwara,156831,875564.0,58.42857142857143,17.0,1.2298624754420433,597802.0,0,80332.143391783
kupwara,156831,875564.0,58.42857142857143,17.0,1.2298624754420433,654488.0,0,42286.03280571912
kupwara,156831,875564.0,58.42857142857143,17.0,1.2298624754420433,975579.0,0,38101.28103385579
kupwara,156831,875564.0,58.42857142857143,17.0,1.2298624754420433,1028821.0,0,90619.56745722068
kupwara,156831,875564.0,58.42857142857143,17.0,1.2298624754420433,1219778.0,0,59090.83249050245
badgam,127908,735753.0,58.42857142857143,23.0,1.1814595660749507,1047786.5,1,52365.73333962467
leh(ladakh),30936,1698560.0,58.42857142857143,31.0,1.2838878674801244,1047786.5,1,37577.69432336862
kargil,29935,143388.0,58.42857142857143,18.0,1.3676470588235294,1244.0,0,26788.507161872833
kargil,29935,143388.0,58.42857142857143,18.0,1.3676470588235294,4041.0,0,32525.694109014068
kargil,29935,143388.0,58.42857142857143,18.0,1.3676470588235294,6149.0,0,70835.53145547872
kargil,29935,143388.0,58.42857142857143,18.0,1.3676470588235294,8373.0,0,52465.88621493559
kargil,29935,143388.0,58.42857142857143,18.0,1.3676470588235294,9825.0,0,34249.718754131856
kargil,29935,143388.0,58.42857142857143,18.0,1.3676470588235294,15289.0,0,11926.20053569192
kargil,29935,143388.0,58.42857142857143,18.0,1.3676470588235294,13855.0,0,12500.677343135312
kargil,29935,143388.0,58.42857142857143,18.0,1.3676470588235294,5302.0,0,55794.54498761406
kargil,29935,143388.0,58.42857142857143,18.0,1.3676470588235294,24169.0,0,74904.01970052891
kargil,29935,143388.0,58.42857142857143,18.0,1.3676470588235294,38403.0,0,54307.648143627346
kargil,29935,143388.0,58.42857142857143,18.0,1.3676470588235294,53708.0,0,5000.0
kargil,29935,143388.0,58.42857142857143,18.0,1.3676470588235294,79680.0,0,38061.50843401745
kargil,29935,143388.0,58.42857142857143,18.0,1.3676470588235294,58756.0,0,77311.26590992874
kargil,29935,143388.0,58.42857142857143,18.0,1.3676470588235294,91914.0,0,15074.555278923777
kargil,29935,143388.0,58.42857142857143,18.0,1.3676470588235294,128949.0,0,35184.16005459927
kargil,29935,143388.0,58.42857142857143,18.0,1.3676470588235294,134957.0,0,31431.926954107737
kargil,29935,143388.0,58.42857142857143,18.0,1.3676470588235294,129349.0,0,9755.706129130029
kargil,29935,143388.0,58.42857142857143,18.0,1.3676470588235294,229338.0,0,23949.34562509817
kargil,29935,143388.0,58.42857142857143,18.0,1.3676470588235294,244513.0,0,41254.596239152306
kargil,29935,143388.0,58.42857142857143,18.0,1.3676470588235294,233208.0,0,48197.262095838516
punch,98391,476820.0,58.42857142857143,31.0,1.2838878674801244,1047786.5,1,54702.38104804051
rajouri,139640,1698560.0,58.42857142857143,31.0,1.2838878674801244,59741.0,0,53000.052203643325
rajouri,139640,1698560.0,58.42857142857143,31.0,1.2838878674801244,34386.0,0,46883.76363186152
rajouri,139640,1698560.0,58.42857142857143,31.0,1.2838878674801244,15973.0,0,66250.44156979147
rajouri,139640,1698560.0,58.42857142857143,31.0,1.2838878674801244,28561.0,0,63371.62503851734
rajouri,139640,1698560.0,58.42857142857143,31.0,1.2838878674801244,104655.0,0,64064.97125412313
rajouri,139640,1698560.0,58.42857142857143,31.0,1.2838878674801244,125973.0,0,33441.73913035254
rajouri,139640,1698560.0,58.42857142857143,31.0,1.2838878674801244,196713.0,0,84862.43706085779
kathua,160705,615711.0,58.42857142857143,20.0,1.3198529411764706,50640.0,0,94203.57451962047
kathua,160705,615711.0,58.42857142857143,20.0,1.3198529411764706,65843.0,0,84610.06817643772
kathua,160705,615711.0,58.42857142857143,20.0,1.3198529411764706,62989.0,0,65158.15651460752
kathua,160705,615711.0,58.42857142857143,20.0,1.3198529411764706,42083.0,0,85502.24431737306
kathua,160705,615711.0,58.42857142857143,20.0,1.3198529411764706,28288.0,0,95098.9125692985
kathua,160705,615711.0,58.42857142857143,20.0,1.3198529411764706,48120.0,0,70552.77015573988
kathua,160705,615711.0,58.42857142857143,20.0,1.3198529411764706,114835.0,0,23982.53818114572
kathua,160705,615711.0,58.42857142857143,20.0,1.3198529411764706,126283.0,0,83819.91791931109
kathua,160705,615711.0,58.42857142857143,20.0,1.3198529411764706,226360.0,0,92381.98414419743
kathua,160705,615711.0,58.42857142857143,20.0,1.3198529411764706,245017.0,0,93681.92376081995
kathua,160705,615711.0,58.42857142857143,20.0,1.3198529411764706,329534.0,0,63482.74113318684
kathua,160705,615711.0,58.42857142857143,20.0,1.3198529411764706,399722.0,0,96003.18568951465
kathua,160705,615711.0,58.42857142857143,20.0,1.3198529411764706,528207.0,0,39932.49203171034
kathua,160705,615711.0,58.42857142857143,20.0,1.3198529411764706,608852.0,0,64251.05235462826
kathua,160705,615711.0,58.42857142857143,20.0,1.3198529411764706,817009.0,0,60333.29210518614
kathua,160705,615711.0,58.42857142857143,20.0,1.3198529411764706,834884.0,0,51123.11594540737
kathua,160705,615711.0,58.42857142857143,20.0,1.3198529411764706,1035799.0,0,56969.60438612186
baramula,207979,1015503.0,58.42857142857143,31.0,1.2838878674801244,1047786.5,1,22515.47723050967
bandipore,68921,1698560.0,58.42857142857143,31.0,1.2838878674801244,38208.0,0,11218.322529105208
bandipore,68921,1698560.0,58.42857142857143,31.0,1.2838878674801244,64888.0,0,55003.268130544864
bandipore,68921,1698560.0,58.42857142857143,31.0,1.2838878674801244,87129.0,0,26639.600903507693
srinagar,316838,1269751.0,58.42857142857143,12.0,1.2692307692307692,47285.0,0,72966.51492091044
srinagar,316838,1269751.0,58.42857142857143,12.0,1.2692307692307692,92244.0,0,141117.90527752077
srinagar,316838,1269751.0,58.42857142857143,12.0,1.2692307692307692,154314.0,0,116437.43294184298
srinagar,316838,1269751.0,58.42857142857143,12.0,1.2692307692307692,144970.0,0,146028.36936796329
srinagar,316838,1269751.0,58.42857142857143,12.0,1.2692307692307692,310516.0,0,104427.95667435038
srinagar,316838,1269751.0,58.42857142857143,12.0,1.2692307692307692,721517.0,0,134640.3752485946
srinagar,316838,1269751.0,58.42857142857143,12.0,1.2692307692307692,329195.0,0,139894.4500442098
srinagar,316838,1269751.0,58.42857142857143,12.0,1.2692307692307692,117133.0,0,108800.37089829495
srinagar,316838,1269751.0,58.42857142857143,12.0,1.2692307692307692,127979.0,0,119797.9386187441
srinagar,316838,1269751.0,58.42857142857143,12.0,1.2692307692307692,440808.0,0,81884.78894968171
srinagar,316838,1269751.0,58.42857142857143,12.0,1.2692307692307692,461915.0,0,60713.50296448127
srinagar,316838,1269751.0,58.42857142857143,12.0,1.2692307692307692,731076.0,0,66908.36227577279
srinagar,316838,1269751.0,58.42857142857143,12.0,1.2692307692307692,1027161.0,0,126995.93388861723
srinagar,316838,1269751.0,58.42857142857143,12.0,1.2692307692307692,1529261.0,0,161024.4223139273
srinagar,316838,1269751.0,58.42857142857143,12.0,1.2692307692307692,2196468.0,0,90904.76712469451
srinagar,316838,1269751.0,58.42857142857143,12.0,1.2692307692307692,2900577.0,0,116610.3003274663
srinagar,316838,1269751.0,58.42857142857143,12.0,1.2692307692307692,2743701.0,0,65703.69974206727
srinagar,316838,1269751.0,58.42857142857143,12.0,1.2692307692307692,4660647.0,0,132822.4940739295
srinagar,316838,1269751.0,58.42857142857143,12.0,1.2692307692307692,2447805.0,0,40499.58326667371
srinagar,316838,1269751.0,58.42857142857143,12.0,1.2692307692307692,3176470.0,0,105014.6857345223
ganderbal,52695,297003.0,58.42857142857143,21.0,1.2413793103448276,20571.0,0,41691.678982881895
ganderbal,52695,297003.0,58.42857142857143,21.0,1.2413793103448276,41415.0,0,32911.1163576557
ganderbal,52695,297003.0,58.42857142857143,21.0,1.2413793103448276,52136.0,0,53468.8819639082
pulwama,115632,570060.0,58.42857142857143,25.0,1.10625,35793.0,0,88018.54457382885
pulwama,115632,570060.0,58.42857142857143,25.0,1.10625,54034.0,0,41209.37072180273
pulwama,115632,570060.0,58.42857142857143,25.0,1.10625,65491.0,0,64529.33497350325
pulwama,115632,570060.0,58.42857142857143,25.0,1.10625,43706.0,0,84344.44422771207
pulwama,115632,570060.0,58.42857142857143,25.0,1.10625,73558.0,0,42835.47054262868
pulwama,115632,570060.0,58.42857142857143,25.0,1.10625,72486.0,0,85248.01472653085
pulwama,115632,570060.0,58.42857142857143,25.0,1.10625,33089.0,0,59648.12774947843
pulwama,115632,570060.0,58.42857142857143,25.0,1.10625,26598.0,0,94142.55762349746
pulwama,115632,570060.0,58.42857142857143,25.0,1.10625,85402.0,0,57590.96199703407
pulwama,115632,570060.0,58.42857142857143,25.0,1.10625,114833.0,0,35680.642522779846
pulwama,115632,570060.0,58.42857142857143,25.0,1.10625,219731.0,0,42170.312733839695
pulwama,115632,570060.0,58.42857142857143,25.0,1.10625,230547.0,0,5000.0
pulwama,115632,570060.0,58.42857142857143,25.0,1.10625,332326.0,0,32761.68262487746
pulwama,115632,570060.0,58.42857142857143,25.0,1.10625,393629.0,0,61321.36226350405
pulwama,115632,570060.0,58.42857142857143,25.0,1.10625,462342.0,0,59251.61632543552
pulwama,115632,570060.0,58.42857142857143,25.0,1.10625,508605.0,0,46606.92159282774
pulwama,115632,570060.0,58.42857142857143,25.0,1.10625,790442.0,0,84948.12789502117
pulwama,115632,570060.0,58.42857142857143,25.0,1.10625,847472.0,0,23475.28317808935
pulwama,115632,570060.0,58.42857142857143,25.0,1.10625,963378.0,0,43698.238205929156
shupiyan,56145,1698560.0,58.42857142857143,31.0,1.2838878674801244,1047786.5,1,20682.269483871292
anantnag,221115,1070144.0,58.42857142857143,34.0,1.1905882352941175,64478.0,0,93375.85291736352
anantnag,221115,1070144.0,58.42857142857143,34.0,1.1905882352941175,70838.0,0,115065.30011830827
anantnag,221115,1070144.0,58.42857142857143,34.0,1.1905882352941175,69967.0,0,35505.38080253146
anantnag,221115,1070144.0,58.42857142857143,34.0,1.1905882352941175,79193.0,0,84002.55997068042
anantnag,221115,1070144.0,58.42857142857143,34.0,1.1905882352941175,92467.0,0,48205.31830788256
anantnag,221115,1070144.0,58.42857142857143,34.0,1.1905882352941175,76968.0,0,72516.40696761949
anantnag,221115,1070144.0,58.42857142857143,34.0,1.1905882352941175,39325.0,0,75429.93001236758
anantnag,221115,1070144.0,58.42857142857143,34.0,1.1905882352941175,128022.0,0,86479.03243541144
anantnag,221115,1070144.0,58.42857142857143,34.0,1.1905882352941175,282499.0,0,49650.7293441388
anantnag,221115,1070144.0,58.42857142857143,34.0,1.1905882352941175,317577.0,0,96147.07537012847
anantnag,221115,1070144.0,58.42857142857143,34.0,1.1905882352941175,479956.0,0,57361.91707055589
anantnag,221115,1070144.0,58.42857142857143,34.0,1.1905882352941175,580106.0,0,44213.040761716846
anantnag,221115,1070144.0,58.42857142857143,34.0,1.1905882352941175,683078.0,0,115713.36767557214
anantnag,221115,1070144.0,58.42857142857143,34.0,1.1905882352941175,728868.0,0,32617.02697342381
anantnag,221115,1070144.0,58.42857142857143,34.0,1.1905882352941175,1214291.0,0,63617.41323966824
anantnag,221115,1070144.0,58.42857142857143,34.0,1.1905882352941175,1263844.0,0,63911.70677800322
anantnag,221115,1070144.0,58.42857142857143,34.0,1.1905882352941175,1338553.0,0,117536.31053480481
kulgam,84033,422786.0,58.42857142857143,39.0,1.105072463768116,23587.0,0,39699.45055575335
kulgam,84033,422786.0,58.42857142857143,39.0,1.105072463768116,30822.0,0,11572.84357383104
kulgam,84033,422786.0,58.42857142857143,39.0,1.105072463768116,64816.0,0,68971.69907522673
doda,80463,409576.0,58.42857142857143,23.0,1.719298245614035,1047786.5,1,30509.601241890537
ramban,41127,283313.0,58.42857142857143,26.0,1.7261904761904765,14088.0,0,38340.70563210082
kishtwar,38806,231037.0,58.42857142857143,23.0,1.67,1047786.5,1,54569.405884766384
udhampur,124811,555357.0,58.42857142857143,19.0,1.4199029126213591,37014.0,0,73337.97696315045
udhampur,124811,555357.0,58.42857142857143,19.0,1.4199029126213591,50056.0,0,60074.868770447734
udhampur,124811,555357.0,58.42857142857143,19.0,1.4199029126213591,70405.0,0,45604.11171191362
udhampur,124811,555357.0,58.42857142857143,19.0,1.4199029126213591,43153.0,0,31168.650601018948
udhampur,124811,555357.0,58.42857142857143,19.0,1.4199029126213591,22103.0,0,70822.27900014396
udhampur,124811,555357.0,58.42857142857143,19.0,1.4199029126213591,45339.0,0,56893.865849927766
udhampur,124811,555357.0,58.42857142857143,19.0,1.4199029126213591,127419.0,0,41637.77317465367
udhampur,124811,555357.0,58.42857142857143,19.0,1.4199029126213591,154296.0,0,73618.98335498058
udhampur,124811,555357.0,58.42857142857143,19.0,1.4199029126213591,248906.0,0,84460.85080689836
udhampur,124811,555357.0,58.42857142857143,19.0,1.4199029126213591,253788.0,0,58687.18268888103
udhampur,124811,555357.0,58.42857142857143,19.0,1.4199029126213591,361814.0,0,11667.10696762582
udhampur,124811,555357.0,58.42857142857143,19.0,1.4199029126213591,476615.0,0,35593.13746005847
udhampur,124811,555357.0,58.42857142857143,19.0,1.4199029126213591,621122.0,0,91290.53693885068
udhampur,124811,555357.0,58.42857142857143,19.0,1.4199029126213591,729905.0,0,47364.17225221792
udhampur,124811,555357.0,58.42857142857143,19.0,1.4199029126213591,947548.0,0,54457.74930580848
udhampur,124811,555357.0,58.42857142857143,19.0,1.4199029126213591,997199.0,0,56080.093058191225
udhampur,124811,555357.0,58.42857142857143,19.0,1.4199029126213591,1227109.0,0,16772.615024094375
reasi,56605,314714.0,58.42857142857143,26.0,1.6586345381526104,12986.0,0,43312.235248724115
jammu,495219,1526406.0,58.42857142857143,19.0,1.2090395480225988,81381.0,0,163313.7414402597
jammu,495219,1526406.0,58.42857142857143,19.0,1.2090395480225988,112434.0,0,130945.11606048953
jammu,495219,1526406.0,58.42857142857143,19.0,1.2090395480225988,145123.0,0,143549.59738157885
jammu,495219,1526406.0,58.42857142857143,19.0,1.2090395480225988,226829.0,0,162080.69325525104
jammu,495219,1526406.0,58.42857142857143,19.0,1.2090395480225988,336553.0,0,139378.79321257528
jammu,495219,1526406.0,58.42857142857143,19.0,1.2090395480225988,532412.0,0,180881.7493960563
jammu,495219,1526406.0,58.42857142857143,19.0,1.2090395480225988,275239.0,0,74667.175272865
jammu,495219,1526406.0,58.42857142857143,19.0,1.2090395480225988,231238.0,0,119341.80684887656
jammu,495219,1526406.0,58.42857142857143,19.0,1.2090395480225988,363150.0,0,161786.15033648777
jammu,495219,1526406.0,58.42857142857143,19.0,1.2090395480225988,819252.0,0,142249.53978892617
jammu,495219,1526406.0,58.42857142857143,19.0,1.2090395480225988,1266667.0,0,157847.34112679155
jammu,495219,1526406.0,58.42857142857143,19.0,1.2090395480225988,1776840.0,0,166929.83925843696
jammu,495219,1526406.0,58.42857142857143,19.0,1.2090395480225988,2651223.0,0,166122.57193485083
jammu,495219,1526406.0,58.42857142857143,19.0,1.2090395480225988,3793205.0,0,110464.70799620706
jammu,495219,1526406.0,58.42857142857143,19.0,1.2090395480225988,5192026.0,0,127934.04280819793
jammu,495219,1526406.0,58.42857142857143,19.0,1.2090395480225988,6639541.0,0,157141.0846292759
jammu,495219,1526406.0,58.42857142857143,19.0,1.2090395480225988,5510056.0,0,156751.80766149933
jammu,495219,1526406.0,58.42857142857143,19.0,1.2090395480225988,7441002.0,0,145975.95336273368
jammu,495219,1526406.0,58.42857142857143,19.0,1.2090395480225988,7526503.0,0,167358.92799776114
jammu,495219,1526406.0,58.42857142857143,19.0,1.2090395480225988,9213783.0,0,100850.56331761944
samba,97827,318611.0,58.42857142857143,18.0,1.3653333333333333,14817.0,0,42903.11185872066
samba,97827,318611.0,58.42857142857143,18.0,1.3653333333333333,32933.0,0,72502.21623928107
samba,97827,318611.0,58.42857142857143,18.0,1.3653333333333333,92336.0,0,29827.213382433718
samba,97827,318611.0,58.42857142857143,18.0,1.3653333333333333,201873.0,0,53140.67932110642
samba,97827,318611.0,58.42857142857143,18.0,1.3653333333333333,272944.0,0,53569.48221874019
samba,97827,318611.0,58.42857142857143,18.0,1.3653333333333333,352992.0,0,33230.483068956404
samba,97827,318611.0,58.42857142857143,18.0,1.3653333333333333,492079.0,0,35109.96877029221
samba,97827,318611.0,58.42857142857143,18.0,1.3653333333333333,588078.0,0,25478.736505968074
samba,97827,318611.0,58.42857142857143,18.0,1.3653333333333333,783532.0,0,69998.77674941435
samba,97827,318611.0,58.42857142857143,18.0,1.3653333333333333,842829.0,0,48740.709948134725
samba,97827,318611.0,58.42857142857143,18.0,1.3653333333333333,1025985.0,0,64319.69742176014
chamba,137778,518844.0,60.71428571428572,31.0,1.647816750178955,41138.0,0,64265.959172897725
chamba,137778,518844.0,60.71428571428572,31.0,1.647816750178955,55922.0,0,41389.78929141477
chamba,137778,518844.0,60.71428571428572,31.0,1.647816750178955,44858.0,0,88820.16157296795
chamba,137778,518844.0,60.71428571428572,31.0,1.647816750178955,63298.0,0,64304.574063572574
chamba,137778,518844.0,60.71428571428572,31.0,1.647816750178955,104811.0,0,39675.343331489246
chamba,137778,518844.0,60.71428571428572,31.0,1.647816750178955,62922.0,0,24895.205939935153
chamba,137778,518844.0,60.71428571428572,31.0,1.647816750178955,87489.0,0,68097.70146015877
chamba,137778,518844.0,60.71428571428572,31.0,1.647816750178955,111755.0,0,75098.4570031938
chamba,137778,518844.0,60.71428571428572,31.0,1.647816750178955,139862.0,0,81964.1202884526
chamba,137778,518844.0,60.71428571428572,31.0,1.647816750178955,195242.0,0,57262.21086690646
chamba,137778,518844.0,60.71428571428572,31.0,1.647816750178955,219469.0,0,47609.48519983816
chamba,137778,518844.0,60.71428571428572,31.0,1.647816750178955,304032.0,0,88482.39629997272
chamba,137778,518844.0,60.71428571428572,31.0,1.647816750178955,273886.0,0,48367.57777660573
chamba,137778,518844.0,60.71428571428572,31.0,1.647816750178955,364270.0,0,78612.86800710307
chamba,137778,518844.0,60.71428571428572,31.0,1.647816750178955,426381.0,0,44301.13229067412
chamba,137778,518844.0,60.71428571428572,31.0,1.647816750178955,507614.0,0,80138.08171428893
chamba,137778,518844.0,60.71428571428572,31.0,1.647816750178955,544135.0,0,52420.748082418395
chamba,137778,518844.0,60.71428571428572,31.0,1.647816750178955,727701.0,0,74388.48342732954
chamba,137778,518844.0,60.71428571428572,31.0,1.647816750178955,1270412.0,0,63619.74242915651
chamba,137778,518844.0,60.71428571428572,31.0,1.647816750178955,831315.0,0,69603.2178983083
kangra,546197,1507223.0,75.28571428571429,19.0,1.2526545058535257,62061.0,0,123292.47434591551
kangra,546197,1507223.0,75.28571428571429,19.0,1.2526545058535257,97426.0,0,144809.7706073986
kangra,546197,1507223.0,75.28571428571429,19.0,1.2526545058535257,123560.0,0,144135.4229714766
kangra,546197,1507223.0,75.28571428571429,19.0,1.2526545058535257,187764.0,0,176648.23854963476
kangra,546197,1507223.0,75.28571428571429,19.0,1.2526545058535257,266655.0,0,182555.52125605795
kangra,546197,1507223.0,75.28571428571429,19.0,1.2526545058535257,295433.0,0,152794.9681574578
kangra,546197,1507223.0,75.28571428571429,19.0,1.2526545058535257,373339.0,0,154467.62599218966
kangra,546197,1507223.0,75.28571428571429,19.0,1.2526545058535257,492277.0,0,163003.1283031128
kangra,546197,1507223.0,75.28571428571429,19.0,1.2526545058535257,569437.0,0,145725.7301691437
kangra,546197,1507223.0,75.28571428571429,19.0,1.2526545058535257,800587.0,0,126300.15147862399
kangra,546197,1507223.0,75.28571428571429,19.0,1.2526545058535257,874419.0,0,181877.87986047976
kangra,546197,1507223.0,75.28571428571429,19.0,1.2526545058535257,1184008.0,0,120207.09322584243
kangra,546197,1507223.0,75.28571428571429,19.0,1.2526545058535257,1122291.0,0,171262.85471795945
kangra,546197,1507223.0,75.28571428571429,19.0,1.2526545058535257,1399606.0,0,176223.68880139757
kangra,546197,1507223.0,75.28571428571429,19.0,1.2526545058535257,1671112.0,0,162349.71478262963
kangra,546197,1507223.0,75.28571428571429,19.0,1.2526545058535257,2130139.0,0,200000.0
kangra,546197,1507223.0,75.28571428571429,19.0,1.2526545058535257,2261593.0,0,140523.59591663664
kangra,546197,1507223.0,75.28571428571429,19.0,1.2526545058535257,2984544.0,0,173374.4836334631
kangra,546197,1507223.0,75.28571428571429,19.0,1.2526545058535257,3342842.0,0,198364.55629175587
kangra,546197,1507223.0,75.28571428571429,19.0,1.2526545058535257,4885938.0,0,160574.30272544373
lahul and spiti,8948,31528.0,58.42857142857143,24.0,1.550387596899225,1047786.5,1,8034.405295755276
kullu,133122,437474.0,83.57142857142857,28.0,1.2842105263157897,23978.0,0,45511.59750755934
kullu,133122,437474.0,83.57142857142857,28.0,1.2842105263157897,39948.0,0,44158.48125688043
kullu,133122,437474.0,83.57142857142857,28.0,1.2842105263157897,40813.0,0,58788.31027349144
kullu,133122,437474.0,83.57142857142857,28.0,1.2842105263157897,64285.0,0,31891.820518196222
kullu,133122,437474.0,83.57142857142857,28.0,1.2842105263157897,92009.0,0,76215.38748244883
kullu,133122,437474.0,83.57142857142857,28.0,1.2842105263157897,129068.0,0,5000.0
kullu,133122,437474.0,83.57142857142857,28.0,1.2842105263157897,146216.0,0,59996.859728003736
kullu,133122,437474.0,83.57142857142857,28.0,1.2842105263157897,204518.0,0,58622.97313723515
kullu,133122,437474.0,83.57142857142857,28.0,1.2842105263157897,245803.0,0,16952.761010947543
kullu,133122,437474.0,83.57142857142857,28.0,1.2842105263157897,211730.0,0,17150.663604371555
kullu,133122,437474.0,83.57142857142857,28.0,1.2842105263157897,256926.0,0,51171.70425364809
kullu,133122,437474.0,83.57142857142857,28.0,1.2842105263157897,468786.0,0,57383.62149544076
kullu,133122,437474.0,83.57142857142857,28.0,1.2842105263157897,550514.0,0,84889.03438876139
kullu,133122,437474.0,83.57142857142857,28.0,1.2842105263157897,510109.0,0,5000.0
kullu,133122,437474.0,83.57142857142857,28.0,1.2842105263157897,730794.0,0,52552.435343178775
kullu,133122,437474.0,83.57142857142857,28.0,1.2842105263157897,1078809.0,0,85395.37763183127
kullu,133122,437474.0,83.57142857142857,28.0,1.2842105263157897,1100232.0,0,58488.52630245216
kullu,133122,437474.0,83.57142857142857,28.0,1.2842105263157897,1646598.0,0,83044.5989575645
kullu,133122,437474.0,83.57142857142857,28.0,1.2842105263157897,1202861.0,0,66868.65484486482
kullu,133122,437474.0,83.57142857142857,28.0,1.2842105263157897,2047414.0,0,87435.78288584459
mandi,330078,999518.0,61.71428571428572,23.0,1.3831512160733168,44169.0,0,84300.06575060709
mandi,330078,999518.0,61.71428571428572,23.0,1.3831512160733168,58415.0,0,101080.84605024253
mandi,330078,999518.0,61.71428571428572,23.0,1.3831512160733168,74604.0,0,110331.40892194843
mandi,330078,999518.0,61.71428571428572,23.0,1.3831512160733168,109661.0,0,127900.7603237828
mandi,330078,999518.0,61.71428571428572,23.0,1.3831512160733168,167637.0,0,113887.85024599236
mandi,330078,999518.0,61.71428571428572,23.0,1.3831512160733168,245467.0,0,128182.34311770934
mandi,330078,999518.0,61.71428571428572,23.0,1.3831512160733168,262386.0,0,76664.11030852344
mandi,330078,999518.0,61.71428571428572,23.0,1.3831512160733168,332554.0,0,86777.03283501853
mandi,330078,999518.0,61.71428571428572,23.0,1.3831512160733168,357222.0,0,83406.7440645212
mandi,330078,999518.0,61.71428571428572,23.0,1.3831512160733168,476844.0,0,109041.3928755689
mandi,330078,999518.0,61.71428571428572,23.0,1.3831512160733168,510105.0,0,156795.92765853705
mandi,330078,999518.0,61.71428571428572,23.0,1.3831512160733168,671714.0,0,103066.89560715595
mandi,330078,999518.0,61.71428571428572,23.0,1.3831512160733168,659769.0,0,54546.047222394016
mandi,330078,999518.0,61.71428571428572,23.0,1.3831512160733168,832152.0,0,99268.71919112574
mandi,330078,999518.0,61.71428571428572,23.0,1.3831512160733168,945135.0,0,116187.10811889704
mandi,330078,999518.0,61.71428571428572,23.0,1.3831512160733168,1092862.0,0,160061.43945193008
mandi,330078,999518.0,61.71428571428572,23.0,1.3831512160733168,1201568.0,0,56822.6073075117
mandi,330078,999518.0,61.71428571428572,23.0,1.3831512160733168,1587222.0,0,82380.90809511064
mandi,330078,999518.0,61.71428571428572,23.0,1.3831512160733168,1666670.0,0,122536.34091188762
mandi,330078,999518.0,61.71428571428572,23.0,1.3831512160733168,1994054.0,0,99873.3494025994
hamirpur,177536,1698560.0,25.0,23.0,1.1986175115207374,32709.0,0,60213.59545027937
hamirpur,177536,1698560.0,25.0,23.0,1.1986175115207374,41507.0,0,84585.65959948389
hamirpur,177536,1698560.0,25.0,23.0,1.1986175115207374,58022.0,0,106468.20593140888
hamirpur,177536,1698560.0,25.0,23.0,1.1986175115207374,76300.0,0,56132.14563424098
hamirpur,177536,1698560.0,25.0,23.0,1.1986175115207374,126323.0,0,87227.27563867613
hamirpur,177536,1698560.0,25.0,23.0,1.1986175115207374,150149.0,0,99971.18860368585
hamirpur,177536,1698560.0,25.0,23.0,1.1986175115207374,187716.0,0,32325.728354131134
hamirpur,177536,1698560.0,25.0,23.0,1.1986175115207374,258323.0,0,45944.43744437815
hamirpur,177536,1698560.0,25.0,23.0,1.1986175115207374,247878.0,0,77250.17211494638
hamirpur,177536,1698560.0,25.0,23.0,1.1986175115207374,283099.0,0,64668.85471537277
hamirpur,177536,1698560.0,25.0,23.0,1.1986175115207374,330684.0,0,90719.7758591328
hamirpur,177536,1698560.0,25.0,23.0,1.1986175115207374,431123.0,0,56127.49518735364
hamirpur,177536,1698560.0,25.0,23.0,1.1986175115207374,416499.0,0,85650.49371862519
hamirpur,177536,1698560.0,25.0,23.0,1.1986175115207374,551934.0,0,68527.33247595996
hamirpur,177536,1698560.0,25.0,23.0,1.1986175115207374,626711.0,0,106344.51108561418
hamirpur,177536,1698560.0,25.0,23.0,1.1986175115207374,717321.0,0,72075.89975683401
hamirpur,177536,1698560.0,25.0,23.0,1.1986175115207374,751389.0,0,83748.10421247565
hamirpur,177536,1698560.0,25.0,23.0,1.1986175115207374,1002506.0,0,69864.31097508335
hamirpur,177536,1698560.0,25.0,23.0,1.1986175115207374,934529.0,0,77434.91462225482
hamirpur,177536,1698560.0,25.0,23.0,1.1986175115207374,1161191.0,0,54977.85612102489
hamirpur,177536,1698560.0,25.0,42.0,1.1986175115207374,32709.0,0,56596.78960026862
hamirpur,177536,1698560.0,25.0,42.0,1.1986175115207374,41507.0,0,58020.337991219305
hamirpur,177536,1698560.0,25.0,42.0,1.1986175115207374,58022.0,0,49006.51999730563
hamirpur,177536,1698560.0,25.0,42.0,1.1986175115207374,76300.0,0,45326.53607032112
hamirpur,177536,1698560.0,25.0,42.0,1.1986175115207374,126323.0,0,46991.933755734906
hamirpur,177536,1698560.0,25.0,42.0,1.1986175115207374,150149.0,0,90857.92703781145
hamirpur,177536,1698560.0,25.0,42.0,1.1986175115207374,187716.0,0,71215.72619899415
hamirpur,177536,1698560.0,25.0,42.0,1.1986175115207374,258323.0,0,87157.81699065649
hamirpur,177536,1698560.0,25.0,42.0,1.1986175115207374,247878.0,0,70167.21369532596
hamirpur,177536,1698560.0,25.0,42.0,1.1986175115207374,283099.0,0,55453.62875080532
hamirpur,177536,1698560.0,25.0,42.0,1.1986175115207374,330684.0,0,77715.6536473801
hamirpur,177536,1698560.0,25.0,42.0,1.1986175115207374,431123.0,0,59363.642302190085
hamirpur,177536,1698560.0,25.0,42.0,1.1986175115207374,416499.0,0,57884.974819983676
hamirpur,177536,1698560.0,25.0,42.0,1.1986175115207374,551934.0,0,84645.01285433181
hamirpur,177536,1698560.0,25.0,42.0,1.1986175115207374,626711.0,0,90910.07173981458
hamirpur,177536,1698560.0,25.0,42.0,1.1986175115207374,717321.0,0,53202.164349588864
hamirpur,177536,1698560.0,25.0,42.0,1.1986175115207374,751389.0,0,54747.018360462775
hamirpur,177536,1698560.0,25.0,42.0,1.1986175115207374,1002506.0,0,89412.5533286513
hamirpur,177536,1698560.0,25.0,42.0,1.1986175115207374,934529.0,0,76549.94173555248
hamirpur,177536,1698560.0,25.0,42.0,1.1986175115207374,1161191.0,0,32436.078115201337
una,186434,521057.0,58.42857142857143,28.0,1.2064439140811456,39070.0,0,67720.9464272247
una,186434,521057.0,58.42857142857143,28.0,1.2064439140811456,51637.0,0,73248.45478745409
una,186434,521057.0,58.42857142857143,28.0,1.2064439140811456,73766.0,0,69535.60453147757
una,186434,521057.0,58.42857142857143,28.0,1.2064439140811456,110312.0,0,59975.41449587149
una,186434,521057.0,58.42857142857143,28.0,1.2064439140811456,151550.0,0,92716.77491804102
una,186434,521057.0,58.42857142857143,28.0,1.2064439140811456,105685.0,0,102116.3209898549
una,186434,521057.0,58.42857142857143,28.0,1.2064439140811456,134630.0,0,57442.353374155784
una,186434,521057.0,58.42857142857143,28.0,1.2064439140811456,173510.0,0,127992.33807017248
una,186434,521057.0,58.42857142857143,28.0,1.2064439140811456,208785.0,0,55360.25624813173
una,186434,521057.0,58.42857142857143,28.0,1.2064439140811456,271636.0,0,111896.35355255977
una,186434,521057.0,58.42857142857143,28.0,1.2064439140811456,351065.0,0,41791.94102810318
una,186434,521057.0,58.42857142857143,28.0,1.2064439140811456,449443.0,0,117330.62451997535
una,186434,521057.0,58.42857142857143,28.0,1.2064439140811456,490374.0,0,96043.3295938519
una,186434,521057.0,58.42857142857143,28.0,1.2064439140811456,634078.0,0,58851.74943742478
una,186434,521057.0,58.42857142857143,28.0,1.2064439140811456,799861.0,0,51375.25670636869
una,186434,521057.0,58.42857142857143,28.0,1.2064439140811456,1048351.0,0,39969.75755723874
una,186434,521057.0,58.42857142857143,28.0,1.2064439140811456,1164923.0,0,99607.34900937788
una,186434,521057.0,58.42857142857143,28.0,1.2064439140811456,1526243.0,0,87136.77570787394
una,186434,521057.0,58.42857142857143,28.0,1.2064439140811456,1233226.0,0,75247.26265556764
una,186434,521057.0,58.42857142857143,28.0,1.2064439140811456,1173607.0,0,12955.19399392594
bilaspur,132021,1698560.0,47.42857142857143,35.0,1.2640615748963884,158509.0,0,112925.35978262332
bilaspur,132021,1698560.0,47.42857142857143,35.0,1.2640615748963884,227499.0,0,64961.561327133975
bilaspur,132021,1698560.0,47.42857142857143,35.0,1.2640615748963884,335751.0,0,53816.748696313305
bilaspur,132021,1698560.0,47.42857142857143,35.0,1.2640615748963884,471373.0,0,60627.85660638681
bilaspur,132021,1698560.0,47.42857142857143,35.0,1.2640615748963884,760633.0,0,28839.39910455415
bilaspur,132021,1698560.0,47.42857142857143,35.0,1.2640615748963884,845039.0,0,24120.098473407685
bilaspur,132021,1698560.0,47.42857142857143,35.0,1.2640615748963884,998165.0,0,109160.52345063577
bilaspur,132021,1698560.0,47.42857142857143,35.0,1.2640615748963884,1367178.0,0,92034.47750539993
bilaspur,132021,1698560.0,47.42857142857143,35.0,1.2640615748963884,1626602.0,0,42417.905221094596
bilaspur,132021,1698560.0,47.42857142857143,35.0,1.2640615748963884,1317592.0,0,5000.0
bilaspur,132021,1698560.0,47.42857142857143,35.0,1.2640615748963884,1745292.0,0,37663.49507156729
bilaspur,132021,1698560.0,47.42857142857143,35.0,1.2640615748963884,2837963.0,0,37947.58328649466
bilaspur,132021,1698560.0,47.42857142857143,35.0,1.2640615748963884,3400745.0,0,44784.601494095026
bilaspur,132021,1698560.0,47.42857142857143,35.0,1.2640615748963884,3617926.0,0,52930.058432828475
bilaspur,132021,1698560.0,47.42857142857143,35.0,1.2640615748963884,5603933.0,0,86203.95720267338
bilaspur,132021,1698560.0,47.42857142857143,35.0,1.2640615748963884,7784221.0,0,59548.58409217518
bilaspur,132021,1698560.0,47.42857142857143,35.0,1.2640615748963884,9081044.0,0,7846.864544842203
bilaspur,132021,1698560.0,47.42857142857143,35.0,1.2640615748963884,11026765.0,0,107810.7104511849
bilaspur,132021,1698560.0,47.42857142857143,35.0,1.2640615748963884,13659373.0,0,94833.49928360581
bilaspur,132021,1698560.0,47.42857142857143,35.0,1.2640615748963884,16252139.0,0,37076.81336999325
bilaspur,132021,1698560.0,47.42857142857143,35.0,1.2640615748963884,21880.0,0,92813.77534966604
bilaspur,132021,1698560.0,47.42857142857143,35.0,1.2640615748963884,30705.0,0,52072.991274547334
bilaspur,132021,1698560.0,47.42857142857143,35.0,1.2640615748963884,37993.0,0,33547.01342913328
bilaspur,132021,1698560.0,47.42857142857143,35.0,1.2640615748963884,51395.0,0,85154.67322856092
bilaspur,132021,1698560.0,47.42857142857143,35.0,1.2640615748963884,73141.0,0,5000.0
bilaspur,132021,1698560.0,47.42857142857143,35.0,1.2640615748963884,68748.0,0,45385.91880082113
bilaspur,132021,1698560.0,47.42857142857143,35.0,1.2640615748963884,88416.0,0,67917.89458867411
bilaspur,132021,1698560.0,47.42857142857143,35.0,1.2640615748963884,114888.0,0,22249.700518890564
bilaspur,132021,1698560.0,47.42857142857143,35.0,1.2640615748963884,144278.0,0,52788.96647626983
bilaspur,132021,1698560.0,47.42857142857143,35.0,1.2640615748963884,191375.0,0,99760.95062800776
bilaspur,132021,1698560.0,47.42857142857143,35.0,1.2640615748963884,202526.0,0,39934.316823495596
bilaspur,132021,1698560.0,47.42857142857143,35.0,1.2640615748963884,275513.0,0,85172.37459807459
bilaspur,132021,1698560.0,47.42857142857143,35.0,1.2640615748963884,256578.0,0,73664.94947997344
bilaspur,132021,1698560.0,47.42857142857143,35.0,1.2640615748963884,322915.0,0,30591.6546733838
bilaspur,132021,1698560.0,47.42857142857143,35.0,1.2640615748963884,364475.0,0,74120.50292032669
bilaspur,132021,1698560.0,47.42857142857143,35.0,1.2640615748963884,430870.0,0,79839.21787946278
bilaspur,132021,1698560.0,47.42857142857143,35.0,1.2640615748963884,472169.0,0,59545.54550667013
bilaspur,132021,1698560.0,47.42857142857143,35.0,1.2640615748963884,597379.0,0,59578.97845774141
bilaspur,132021,1698560.0,47.42857142857143,35.0,1.2640615748963884,936750.0,0,22679.042711602426
bilaspur,132021,1698560.0,47.42857142857143,35.0,1.2640615748963884,622642.0,0,8348.779241745557
bilaspur,132021,1698560.0,47.42857142857143,31.0,1.2640615748963884,158509.0,0,83272.37056265978
bilaspur,132021,1698560.0,47.42857142857143,31.0,1.2640615748963884,227499.0,0,103070.93518720177
bilaspur,132021,1698560.0,47.42857142857143,31.0,1.2640615748963884,335751.0,0,81189.03283957343
bilaspur,132021,1698560.0,47.42857142857143,31.0,1.2640615748963884,471373.0,0,53748.557929132134
bilaspur,132021,1698560.0,47.42857142857143,31.0,1.2640615748963884,760633.0,0,80142.6655521647
bilaspur,132021,1698560.0,47.42857142857143,31.0,1.2640615748963884,845039.0,0,60583.14408451569
bilaspur,132021,1698560.0,47.42857142857143,31.0,1.2640615748963884,998165.0,0,15635.139979426312
bilaspur,132021,1698560.0,47.42857142857143,31.0,1.2640615748963884,1367178.0,0,74062.34313701611
bilaspur,132021,1698560.0,47.42857142857143,31.0,1.2640615748963884,1626602.0,0,72334.71325674253
bilaspur,132021,1698560.0,47.42857142857143,31.0,1.2640615748963884,1317592.0,0,85362.0615426756
bilaspur,132021,1698560.0,47.42857142857143,31.0,1.2640615748963884,1745292.0,0,27151.822303532295
bilaspur,132021,1698560.0,47.42857142857143,31.0,1.2640615748963884,2837963.0,0,27973.522521130628
bilaspur,132021,1698560.0,47.42857142857143,31.0,1.2640615748963884,3400745.0,0,57762.964106371204
bilaspur,132021,1698560.0,47.42857142857143,31.0,1.2640615748963884,3617926.0,0,57361.55792160969
bilaspur,132021,1698560.0,47.42857142857143,31.0,1.2640615748963884,5603933.0,0,18915.939900223857
bilaspur,132021,1698560.0,47.42857142857143,31.0,1.2640615748963884,7784221.0,0,58685.319406077375
bilaspur,132021,1698560.0,47.42857142857143,31.0,1.2640615748963884,9081044.0,0,59012.51794048228
bilaspur,132021,1698560.0,47.42857142857143,31.0,1.2640615748963884,11026765.0,0,76550.90221364165
bilaspur,132021,1698560.0,47.42857142857143,31.0,1.2640615748963884,13659373.0,0,70700.89044355071
bilaspur,132021,1698560.0,47.42857142857143,31.0,1.2640615748963884,16252139.0,0,90526.77581510812
bilaspur,132021,1698560.0,47.42857142857143,31.0,1.2640615748963884,21880.0,0,104043.74051042383
bilaspur,132021,1698560.0,47.42857142857143,31.0,1.2640615748963884,30705.0,0,44928.95873349744
bilaspur,132021,1698560.0,47.42857142857143,31.0,1.2640615748963884,37993.0,0,50832.60480319121
bilaspur,132021,1698560.0,47.42857142857143,31.0,1.2640615748963884,51395.0,0,75005.15137904129
bilaspur,132021,1698560.0,47.42857142857143,31.0,1.2640615748963884,73141.0,0,8141.357197440149
bilaspur,132021,1698560.0,47.42857142857143,31.0,1.2640615748963884,68748.0,0,15701.81573493941
bilaspur,132021,1698560.0,47.42857142857143,31.0,1.2640615748963884,88416.0,0,59678.00842525594
bilaspur,132021,1698560.0,47.42857142857143,31.0,1.2640615748963884,114888.0,0,38047.583852672156
bilaspur,132021,1698560.0,47.42857142857143,31.0,1.2640615748963884,144278.0,0,60786.18293375487
bilaspur,132021,1698560.0,47.42857142857143,31.0,1.2640615748963884,191375.0,0,45908.23495153002
bilaspur,132021,1698560.0,47.42857142857143,31.0,1.2640615748963884,202526.0,0,86460.30758108478
bilaspur,132021,1698560.0,47.42857142857143,31.0,1.2640615748963884,275513.0,0,46250.43621320862
bilaspur,132021,1698560.0,47.42857142857143,31.0,1.2640615748963884,256578.0,0,29198.089025683676
bilaspur,132021,1698560.0,47.42857142857143,31.0,1.2640615748963884,322915.0,0,107449.32519509741
bilaspur,132021,1698560.0,47.42857142857143,31.0,1.2640615748963884,364475.0,0,19910.952107583158
bilaspur,132021,1698560.0,47.42857142857143,31.0,1.2640615748963884,430870.0,0,59218.27027622619
bilaspur,132021,1698560.0,47.42857142857143,31.0,1.2640615748963884,472169.0,0,43688.21244275267
bilaspur,132021,1698560.0,47.42857142857143,31.0,1.2640615748963884,597379.0,0,97604.60120723589
bilaspur,132021,1698560.0,47.42857142857143,31.0,1.2640615748963884,936750.0,0,55274.22767568392
bilaspur,132021,1698560.0,47.42857142857143,31.0,1.2640615748963884,622642.0,0,6334.902625823372
solan,184206,576670.0,150.57142857142858,29.0,1.3399513776337115,118881.0,0,40047.48167322881
solan,184206,576670.0,150.57142857142858,29.0,1.3399513776337115,166516.0,0,105349.4382949414
solan,184206,576670.0,150.57142857142858,29.0,1.3399513776337115,229164.0,0,45936.305687058266
solan,184206,576670.0,150.57142857142858,29.0,1.3399513776337115,347191.0,0,86563.13542943276
solan,184206,576670.0,150.57142857142858,29.0,1.3399513776337115,626201.0,0,74157.4727332807
solan,184206,576670.0,150.57142857142858,29.0,1.3399513776337115,481957.0,0,123962.81022057413
solan,184206,576670.0,150.57142857142858,29.0,1.3399513776337115,563580.0,0,24843.31258067739
solan,184206,576670.0,150.57142857142858,29.0,1.3399513776337115,693523.0,0,53066.95370712956
solan,184206,576670.0,150.57142857142858,29.0,1.3399513776337115,821088.0,0,46570.638281442974
solan,184206,576670.0,150.57142857142858,29.0,1.3399513776337115,808170.0,0,5000.0
solan,184206,576670.0,150.57142857142858,29.0,1.3399513776337115,1025251.0,0,68327.95891844844
solan,184206,576670.0,150.57142857142858,29.0,1.3399513776337115,1429031.0,0,72870.65778779179
solan,184206,576670.0,150.57142857142858,29.0,1.3399513776337115,1415611.0,0,99937.4688592669
solan,184206,576670.0,150.57142857142858,29.0,1.3399513776337115,1658067.0,0,66357.88365456685
solan,184206,576670.0,150.57142857142858,29.0,1.3399513776337115,2183306.0,0,84362.11656634966
solan,184206,576670.0,150.57142857142858,29.0,1.3399513776337115,2640011.0,0,68456.03413727641
solan,184206,576670.0,150.57142857142858,29.0,1.3399513776337115,2993489.0,0,83796.8382363033
solan,184206,576670.0,150.57142857142858,29.0,1.3399513776337115,3773789.0,0,70143.50927545699
solan,184206,576670.0,150.57142857142858,29.0,1.3399513776337115,4064523.0,0,29832.382014007875
solan,184206,576670.0,150.57142857142858,29.0,1.3399513776337115,4436709.0,0,72101.00076796504
sirmaur,157028,530164.0,58.42857142857143,31.0,1.3006072874493928,37721.0,0,59034.89581368504
sirmaur,157028,530164.0,58.42857142857143,31.0,1.3006072874493928,53040.0,0,44820.76113805396
sirmaur,157028,530164.0,58.42857142857143,31.0,1.3006072874493928,78762.0,0,59221.03552863175
sirmaur,157028,530164.0,58.42857142857143,31.0,1.3006072874493928,122707.0,0,67584.90009064153
sirmaur,157028,530164.0,58.42857142857143,31.0,1.3006072874493928,174812.0,0,52297.61425668822
sirmaur,157028,530164.0,58.42857142857143,31.0,1.3006072874493928,127208.0,0,67149.95974892915
sirmaur,157028,530164.0,58.42857142857143,31.0,1.3006072874493928,154972.0,0,49279.33703828606
sirmaur,157028,530164.0,58.42857142857143,31.0,1.3006072874493928,190673.0,0,71781.20278923343
sirmaur,157028,530164.0,58.42857142857143,31.0,1.3006072874493928,240485.0,0,98047.08109976625
sirmaur,157028,530164.0,58.42857142857143,31.0,1.3006072874493928,281385.0,0,59989.80308289247
sirmaur,157028,530164.0,58.42857142857143,31.0,1.3006072874493928,327646.0,0,48816.50397777755
sirmaur,157028,530164.0,58.42857142857143,31.0,1.3006072874493928,443100.0,0,5000.0
sirmaur,157028,530164.0,58.42857142857143,31.0,1.3006072874493928,451501.0,0,8719.832117181104
sirmaur,157028,530164.0,58.42857142857143,31.0,1.3006072874493928,567339.0,0,86948.63530436078
sirmaur,157028,530164.0,58.42857142857143,31.0,1.3006072874493928,681413.0,0,79650.67710093613
sirmaur,157028,530164.0,58.42857142857143,31.0,1.3006072874493928,847647.0,0,52783.765549832955
sirmaur,157028,530164.0,58.42857142857143,31.0,1.3006072874493928,962227.0,0,70452.4806247948
sirmaur,157028,530164.0,58.42857142857143,31.0,1.3006072874493928,1196118.0,0,81268.82475155704
sirmaur,157028,530164.0,58.42857142857143,31.0,1.3006072874493928,1266132.0,0,70442.33444501669
sirmaur,157028,530164.0,58.42857142857143,31.0,1.3006072874493928,1454224.0,0,89848.79133537548
shimla,269796,813384.0,85.71428571428571,28.0,1.4768101434768102,54161.0,0,106938.62286802489
shimla,269796,813384.0,85.71428571428571,28.0,1.4768101434768102,82195.0,0,82132.131866556
shimla,269796,813384.0,85.71428571428571,28.0,1.4768101434768102,109765.0,0,86686.69525751565
shimla,269796,813384.0,85.71428571428571,28.0,1.4768101434768102,156832.0,0,70885.37764085107
shimla,269796,813384.0,85.71428571428571,28.0,1.4768101434768102,363648.0,0,128620.87346229609
shimla,269796,813384.0,85.71428571428571,28.0,1.4768101434768102,807095.0,0,86658.86372051208
shimla,269796,813384.0,85.71428571428571,28.0,1.4768101434768102,695970.0,0,74829.3659844319
shimla,269796,813384.0,85.71428571428571,28.0,1.4768101434768102,900252.0,0,102086.43271513715
shimla,269796,813384.0,85.71428571428571,28.0,1.4768101434768102,1115491.0,0,62962.919973777985
shimla,269796,813384.0,85.71428571428571,28.0,1.4768101434768102,1090361.0,0,56628.98979777467
shimla,269796,813384.0,85.71428571428571,28.0,1.4768101434768102,1285819.0,0,73151.21875220895
shimla,269796,813384.0,85.71428571428571,28.0,1.4768101434768102,1481567.0,0,135621.6563638705
shimla,269796,813384.0,85.71428571428571,28.0,1.4768101434768102,1871647.0,0,101151.18929306381
shimla,269796,813384.0,85.71428571428571,28.0,1.4768101434768102,2474329.0,0,84014.82568690581
shimla,269796,813384.0,85.71428571428571,28.0,1.4768101434768102,3421673.0,0,132402.75705435956
shimla,269796,813384.0,85.71428571428571,28.0,1.4768101434768102,3957985.0,0,107876.30221869095
shimla,269796,813384.0,85.71428571428571,28.0,1.4768101434768102,4441906.0,0,69997.10203868907
shimla,269796,813384.0,85.71428571428571,28.0,1.4768101434768102,5875215.0,0,68797.37220848224
shimla,269796,813384.0,85.71428571428571,28.0,1.4768101434768102,8892834.0,0,113487.67729611875
shimla,269796,813384.0,85.71428571428571,28.0,1.4768101434768102,9603309.0,0,117482.02943710849
kinnaur,24002,84298.0,133.0,28.0,1.7641325536062378,1047786.5,1,39789.91570713901
gurdaspur,727059,2299026.0,65.42857142857143,25.0,1.2308733920108328,1047786.5,1,200000.0
kapurthala,260313,817668.0,82.71428571428571,23.0,1.5158150851581509,65770.0,0,94312.14167636386
kapurthala,260313,817668.0,82.71428571428571,23.0,1.5158150851581509,80199.0,0,137844.74052322825
kapurthala,260313,817668.0,82.71428571428571,23.0,1.5158150851581509,106984.0,0,77174.99286240783
kapurthala,260313,817668.0,82.71428571428571,23.0,1.5158150851581509,140093.0,0,91182.2799256197
kapurthala,260313,817668.0,82.71428571428571,23.0,1.5158150851581509,262162.0,0,110926.86284585291
kapurthala,260313,817668.0,82.71428571428571,23.0,1.5158150851581509,289692.0,0,67553.72475220198
kapurthala,260313,817668.0,82.71428571428571,23.0,1.5158150851581509,494918.0,0,40987.157643477534
kapurthala,260313,817668.0,82.71428571428571,23.0,1.5158150851581509,667137.0,0,109240.21075194619
kapurthala,260313,817668.0,82.71428571428571,23.0,1.5158150851581509,733357.0,0,73876.26290853725
kapurthala,260313,817668.0,82.71428571428571,23.0,1.5158150851581509,1175355.0,0,122061.14066710201
kapurthala,260313,817668.0,82.71428571428571,23.0,1.5158150851581509,1326492.0,0,75224.87847888339
kapurthala,260313,817668.0,82.71428571428571,23.0,1.5158150851581509,1900455.0,0,73540.98509768982
kapurthala,260313,817668.0,82.71428571428571,23.0,1.5158150851581509,2952123.0,0,80985.93036441073
kapurthala,260313,817668.0,82.71428571428571,23.0,1.5158150851581509,3514599.0,0,77310.43900537373
jalandhar,739956,2181753.0,79.71428571428571,21.0,1.222444889779559,118981.0,0,200000.0
jalandhar,739956,2181753.0,79.71428571428571,21.0,1.222444889779559,158547.0,0,200000.0
jalandhar,739956,2181753.0,79.71428571428571,21.0,1.222444889779559,215686.0,0,182104.46840301427
jalandhar,739956,2181753.0,79.71428571428571,21.0,1.222444889779559,309298.0,0,184299.93509061064
jalandhar,739956,2181753.0,79.71428571428571,21.0,1.222444889779559,463733.0,0,193692.80955874818
jalandhar,739956,2181753.0,79.71428571428571,21.0,1.222444889779559,606445.0,0,200000.0
jalandhar,739956,2181753.0,79.71428571428571,21.0,1.222444889779559,758891.0,0,186372.15284817727
jalandhar,739956,2181753.0,79.71428571428571,21.0,1.222444889779559,980520.0,0,200000.0
jalandhar,739956,2181753.0,79.71428571428571,21.0,1.222444889779559,1138166.0,0,186730.15238644189
jalandhar,739956,2181753.0,79.71428571428571,21.0,1.222444889779559,1023443.0,0,170519.01198410848
jalandhar,739956,2181753.0,79.71428571428571,21.0,1.222444889779559,1143419.0,0,200000.0
jalandhar,739956,2181753.0,79.71428571428571,21.0,1.222444889779559,1514774.0,0,196343.07437408695
jalandhar,739956,2181753.0,79.71428571428571,21.0,1.222444889779559,1716126.0,0,200000.0
jalandhar,739956,2181753.0,79.71428571428571,21.0,1.222444889779559,1968477.0,0,200000.0
jalandhar,739956,2181753.0,79.71428571428571,21.0,1.222444889779559,2663707.0,0,200000.0
jalandhar,739956,2181753.0,79.71428571428571,21.0,1.222444889779559,3218973.0,0,200000.0
jalandhar,739956,2181753.0,79.71428571428571,21.0,1.222444889779559,3480708.0,0,200000.0
jalandhar,739956,2181753.0,79.71428571428571,21.0,1.222444889779559,4368370.0,0,200000.0
jalandhar,739956,2181753.0,79.71428571428571,21.0,1.222444889779559,4730075.0,0,178839.75177740466
jalandhar,739956,2181753.0,79.71428571428571,21.0,1.222444889779559,5556816.0,0,200000.0
hoshiarpur,561772,1582793.0,63.57142857142857,28.0,1.11075747931254,159087.0,0,130001.95707174265
hoshiarpur,561772,1582793.0,63.57142857142857,28.0,1.11075747931254,321185.0,0,198686.94076209393
hoshiarpur,561772,1582793.0,63.57142857142857,28.0,1.11075747931254,430930.0,0,175703.15076319527
hoshiarpur,561772,1582793.0,63.57142857142857,28.0,1.11075747931254,444703.0,0,172718.4799545168
hoshiarpur,561772,1582793.0,63.57142857142857,28.0,1.11075747931254,584688.0,0,163184.52130071566
hoshiarpur,561772,1582793.0,63.57142857142857,28.0,1.11075747931254,585780.0,0,155004.45742212766
hoshiarpur,561772,1582793.0,63.57142857142857,28.0,1.11075747931254,721249.0,0,143360.67271195754
hoshiarpur,561772,1582793.0,63.57142857142857,28.0,1.11075747931254,907847.0,0,183728.75737197974
hoshiarpur,561772,1582793.0,63.57142857142857,28.0,1.11075747931254,1789334.0,0,178436.20402318033
hoshiarpur,561772,1582793.0,63.57142857142857,28.0,1.11075747931254,2110456.0,0,176272.41248051263
shahid bhagat singh nagar,199304,1698560.0,58.42857142857143,31.0,1.0751445086705202,1047786.5,1,56016.86978288189
fatehgarh sahib,187337,599814.0,58.42857142857143,42.0,1.1784140969162995,1047786.5,1,59965.74160961966
ludhiana,1131877,3487882.0,124.0,30.0,1.3228346456692914,427197.0,0,200000.0
ludhiana,1131877,3487882.0,124.0,30.0,1.3228346456692914,572930.0,0,200000.0
ludhiana,1131877,3487882.0,124.0,30.0,1.3228346456692914,778963.0,0,200000.0
ludhiana,1131877,3487882.0,124.0,30.0,1.3228346456692914,1098598.0,0,200000.0
ludhiana,1131877,3487882.0,124.0,30.0,1.3228346456692914,1955827.0,0,200000.0
ludhiana,1131877,3487882.0,124.0,30.0,1.3228346456692914,2861806.0,0,200000.0
ludhiana,1131877,3487882.0,124.0,30.0,1.3228346456692914,3105207.0,0,200000.0
ludhiana,1131877,3487882.0,124.0,30.0,1.3228346456692914,3939299.0,0,200000.0
ludhiana,1131877,3487882.0,124.0,30.0,1.3228346456692914,4234211.0,0,200000.0
ludhiana,1131877,3487882.0,124.0,30.0,1.3228346456692914,3918678.0,0,200000.0
ludhiana,1131877,3487882.0,124.0,30.0,1.3228346456692914,5373096.0,0,200000.0
ludhiana,1131877,3487882.0,124.0,30.0,1.3228346456692914,6433526.0,0,200000.0
ludhiana,1131877,3487882.0,124.0,30.0,1.3228346456692914,8956495.0,0,200000.0
ludhiana,1131877,3487882.0,124.0,30.0,1.3228346456692914,11475061.0,0,200000.0
ludhiana,1131877,3487882.0,124.0,30.0,1.3228346456692914,16104345.0,0,200000.0
ludhiana,1131877,3487882.0,124.0,30.0,1.3228346456692914,19553778.0,0,200000.0
ludhiana,1131877,3487882.0,124.0,30.0,1.3228346456692914,21131450.0,0,200000.0
ludhiana,1131877,3487882.0,124.0,30.0,1.3228346456692914,26982785.0,0,200000.0
ludhiana,1131877,3487882.0,124.0,30.0,1.3228346456692914,31697344.0,0,200000.0
ludhiana,1131877,3487882.0,124.0,30.0,1.3228346456692914,33298864.0,0,200000.0
moga,279340,992289.0,58.42857142857143,22.0,1.088235294117647,1047786.5,1,80412.25446495005
firozpur,520441,2026831.0,58.42857142857143,31.0,1.2838878674801244,1047786.5,1,176670.97849297425
muktsar,224447,902702.0,58.42857142857143,31.0,1.2838878674801244,1047786.5,1,103179.90674374608
faridkot,165518,618008.0,58.42857142857143,21.0,1.3397683397683398,1047786.5,1,113864.11478647389
bathinda,356607,1388859.0,58.42857142857143,31.0,1.128526645768025,96310.0,0,83134.86379225607
bathinda,356607,1388859.0,58.42857142857143,31.0,1.128526645768025,146307.0,0,108818.22665767162
bathinda,356607,1388859.0,58.42857142857143,31.0,1.128526645768025,187177.0,0,139245.06651785615
bathinda,356607,1388859.0,58.42857142857143,31.0,1.128526645768025,253384.0,0,73736.2090533096
bathinda,356607,1388859.0,58.42857142857143,31.0,1.128526645768025,323075.0,0,136188.0258570597
bathinda,356607,1388859.0,58.42857142857143,31.0,1.128526645768025,314775.0,0,143160.785080587
bathinda,356607,1388859.0,58.42857142857143,31.0,1.128526645768025,416734.0,0,112915.08950247322
bathinda,356607,1388859.0,58.42857142857143,31.0,1.128526645768025,532029.0,0,139285.2830165457
bathinda,356607,1388859.0,58.42857142857143,31.0,1.128526645768025,601259.0,0,125865.4100230186
bathinda,356607,1388859.0,58.42857142857143,31.0,1.128526645768025,627821.0,0,61286.15826070071
bathinda,356607,1388859.0,58.42857142857143,31.0,1.128526645768025,761837.0,0,123141.00323060685
bathinda,356607,1388859.0,58.42857142857143,31.0,1.128526645768025,1029813.0,0,99008.06979222684
bathinda,356607,1388859.0,58.42857142857143,31.0,1.128526645768025,1089719.0,0,125064.69078480534
bathinda,356607,1388859.0,58.42857142857143,31.0,1.128526645768025,1271905.0,0,113719.95452671174
bathinda,356607,1388859.0,58.42857142857143,31.0,1.128526645768025,1647401.0,0,128181.8334374462
bathinda,356607,1388859.0,58.42857142857143,31.0,1.128526645768025,2056317.0,0,91571.7004889654
bathinda,356607,1388859.0,58.42857142857143,31.0,1.128526645768025,2252561.0,0,118831.29203665245
bathinda,356607,1388859.0,58.42857142857143,31.0,1.128526645768025,2774270.0,0,112121.04831757965
bathinda,356607,1388859.0,58.42857142857143,31.0,1.128526645768025,2929344.0,0,98700.35985318814
bathinda,356607,1388859.0,58.42857142857143,31.0,1.128526645768025,3201266.0,0,133603.4922106372
mansa,179523,768808.0,58.42857142857143,21.0,1.1093117408906883,1047786.5,1,126959.1650554485
patiala,555739,1892282.0,98.42857142857144,22.0,1.073807380738074,131111.0,0,127436.45128476954
patiala,555739,1892282.0,98.42857142857144,22.0,1.073807380738074,196259.0,0,186212.64164948044
patiala,555739,1892282.0,98.42857142857144,22.0,1.073807380738074,250988.0,0,168675.30277725653
patiala,555739,1892282.0,98.42857142857144,22.0,1.073807380738074,343229.0,0,114878.76360495444
patiala,555739,1892282.0,98.42857142857144,22.0,1.073807380738074,440799.0,0,151194.97143817312
patiala,555739,1892282.0,98.42857142857144,22.0,1.073807380738074,428732.0,0,159858.0851575448
patiala,555739,1892282.0,98.42857142857144,22.0,1.073807380738074,648561.0,0,192749.09398000385
patiala,555739,1892282.0,98.42857142857144,22.0,1.073807380738074,799674.0,0,167248.1749653389
patiala,555739,1892282.0,98.42857142857144,22.0,1.073807380738074,886202.0,0,167135.7112998283
patiala,555739,1892282.0,98.42857142857144,22.0,1.073807380738074,922228.0,0,165535.29768588714
patiala,555739,1892282.0,98.42857142857144,22.0,1.073807380738074,1133088.0,0,191460.8091049484
patiala,555739,1892282.0,98.42857142857144,22.0,1.073807380738074,1580719.0,0,149350.1418949784
patiala,555739,1892282.0,98.42857142857144,22.0,1.073807380738074,1594101.0,0,200000.0
patiala,555739,1892282.0,98.42857142857144,22.0,1.073807380738074,1870993.0,0,141571.6338067996
patiala,555739,1892282.0,98.42857142857144,22.0,1.073807380738074,2400121.0,0,116835.50679028333
patiala,555739,1892282.0,98.42857142857144,22.0,1.073807380738074,2901070.0,0,105940.092316499
patiala,555739,1892282.0,98.42857142857144,22.0,1.073807380738074,3167322.0,0,177471.18596895965
patiala,555739,1892282.0,98.42857142857144,22.0,1.073807380738074,3836784.0,0,182273.11280425906
patiala,555739,1892282.0,98.42857142857144,22.0,1.073807380738074,4007021.0,0,161735.6136997833
patiala,555739,1892282.0,98.42857142857144,22.0,1.073807380738074,5290182.0,0,181168.3734323287
amritsar,751789,2490891.0,60.142857142857146,24.0,1.1140167364016735,98115.0,0,200000.0
amritsar,751789,2490891.0,60.142857142857146,24.0,1.1140167364016735,147287.0,0,200000.0
amritsar,751789,2490891.0,60.142857142857146,24.0,1.1140167364016735,195357.0,0,200000.0
amritsar,751789,2490891.0,60.142857142857146,24.0,1.1140167364016735,300266.0,0,200000.0
amritsar,751789,2490891.0,60.142857142857146,24.0,1.1140167364016735,404192.0,0,200000.0
amritsar,751789,2490891.0,60.142857142857146,24.0,1.1140167364016735,464671.0,0,189843.31071758678
amritsar,751789,2490891.0,60.142857142857146,24.0,1.1140167364016735,675647.0,0,200000.0
amritsar,751789,2490891.0,60.142857142857146,24.0,1.1140167364016735,829302.0,0,174467.2720464049
amritsar,751789,2490891.0,60.142857142857146,24.0,1.1140167364016735,960246.0,0,200000.0
amritsar,751789,2490891.0,60.142857142857146,24.0,1.1140167364016735,968730.0,0,200000.0
amritsar,751789,2490891.0,60.142857142857146,24.0,1.1140167364016735,1171180.0,0,200000.0
amritsar,751789,2490891.0,60.142857142857146,24.0,1.1140167364016735,1634555.0,0,200000.0
amritsar,751789,2490891.0,60.142857142857146,24.0,1.1140167364016735,1823100.0,0,198860.25708865942
amritsar,751789,2490891.0,60.142857142857146,24.0,1.1140167364016735,2166296.0,0,195016.2721412461
amritsar,751789,2490891.0,60.142857142857146,24.0,1.1140167364016735,2859630.0,0,200000.0
amritsar,751789,2490891.0,60.142857142857146,24.0,1.1140167364016735,3576353.0,0,200000.0
amritsar,751789,2490891.0,60.142857142857146,24.0,1.1140167364016735,4020245.0,0,200000.0
amritsar,751789,2490891.0,60.142857142857146,24.0,1.1140167364016735,4934930.0,0,159349.32484911644
amritsar,751789,2490891.0,60.142857142857146,24.0,1.1140167364016735,5353882.0,0,186016.7584321831
amritsar,751789,2490891.0,60.142857142857146,24.0,1.1140167364016735,6049600.0,0,192150.7403304523
tarn taran,289735,1698560.0,58.42857142857143,24.0,1.4893267651888342,1047786.5,1,107736.09979975622
rupnagar,224197,683349.0,58.42857142857143,31.0,1.2573839662447257,1047786.5,1,88021.23498576641
sahibzada ajit singh nagar,326631,1698560.0,58.42857142857143,31.0,1.2838878674801244,1047786.5,1,143379.84588248224
sangrur,431664,1654408.0,66.85714285714286,25.0,1.1810897435897436,89227.0,0,113611.99484189686
sangrur,431664,1654408.0,66.85714285714286,25.0,1.1810897435897436,125761.0,0,113439.15251487159
sangrur,431664,1654408.0,66.85714285714286,25.0,1.1810897435897436,206582.0,0,103506.52668730108
sangrur,431664,1654408.0,66.85714285714286,25.0,1.1810897435897436,300930.0,0,107598.41979781743
sangrur,431664,1654408.0,66.85714285714286,25.0,1.1810897435897436,366386.0,0,116668.96939781982
sangrur,431664,1654408.0,66.85714285714286,25.0,1.1810897435897436,288602.0,0,129923.25195437139
sangrur,431664,1654408.0,66.85714285714286,25.0,1.1810897435897436,330365.0,0,81528.06379601135
sangrur,431664,1654408.0,66.85714285714286,25.0,1.1810897435897436,448960.0,0,127147.19960061464
sangrur,431664,1654408.0,66.85714285714286,25.0,1.1810897435897436,464316.0,0,146968.66550711932
sangrur,431664,1654408.0,66.85714285714286,25.0,1.1810897435897436,497181.0,0,71302.47450757078
sangrur,431664,1654408.0,66.85714285714286,25.0,1.1810897435897436,520244.0,0,118129.64349251437
sangrur,431664,1654408.0,66.85714285714286,25.0,1.1810897435897436,709657.0,0,136275.58078592268
sangrur,431664,1654408.0,66.85714285714286,25.0,1.1810897435897436,697801.0,0,124415.49969843961
sangrur,431664,1654408.0,66.85714285714286,25.0,1.1810897435897436,852138.0,0,133882.5331296767
sangrur,431664,1654408.0,66.85714285714286,25.0,1.1810897435897436,1015897.0,0,147965.83042676805
sangrur,431664,1654408.0,66.85714285714286,25.0,1.1810897435897436,1205039.0,0,119382.50076219348
sangrur,431664,1654408.0,66.85714285714286,25.0,1.1810897435897436,1350576.0,0,103108.64371071769
sangrur,431664,1654408.0,66.85714285714286,25.0,1.1810897435897436,1640279.0,0,135130.69897180522
sangrur,431664,1654408.0,66.85714285714286,25.0,1.1810897435897436,2004123.0,0,148175.49230462834
barnala,157832,596294.0,58.42857142857143,25.0,1.289617486338798,1047786.5,1,77073.9573295275
chandigarh,340092,1054686.0,58.42857142857143,31.0,1.2838878674801244,381895.0,0,107514.55495341723
chandigarh,340092,1054686.0,58.42857142857143,31.0,1.2838878674801244,479084.0,0,81955.1285540653
chandigarh,340092,1054686.0,58.42857142857143,31.0,1.2838878674801244,616936.0,0,96066.36926194906
chandigarh,340092,1054686.0,58.42857142857143,31.0,1.2838878674801244,905116.0,0,111917.89713389383
chandigarh,340092,1054686.0,58.42857142857143,31.0,1.2838878674801244,1274476.0,0,97046.54191769485
chandigarh,340092,1054686.0,58.42857142857143,31.0,1.2838878674801244,1252470.0,0,136703.3063644318
chandigarh,340092,1054686.0,58.42857142857143,31.0,1.2838878674801244,1506543.0,0,117472.60607391762
chandigarh,340092,1054686.0,58.42857142857143,31.0,1.2838878674801244,1850915.0,0,77798.98422393682
chandigarh,340092,1054686.0,58.42857142857143,31.0,1.2838878674801244,2262511.0,0,126178.60860604169
chandigarh,340092,1054686.0,58.42857142857143,31.0,1.2838878674801244,1528010.0,0,100677.49755340519
chandigarh,340092,1054686.0,58.42857142857143,31.0,1.2838878674801244,2158086.0,0,129561.97248078696
chandigarh,340092,1054686.0,58.42857142857143,31.0,1.2838878674801244,2912716.0,0,142079.60894270203
chandigarh,340092,1054686.0,58.42857142857143,31.0,1.2838878674801244,3970237.0,0,101758.44826903439
chandigarh,340092,1054686.0,58.42857142857143,31.0,1.2838878674801244,4417547.0,0,103986.6747661961
chandigarh,340092,1054686.0,58.42857142857143,31.0,1.2838878674801244,6649378.0,0,74014.87424306195
chandigarh,340092,1054686.0,58.42857142857143,31.0,1.2838878674801244,7898903.0,0,112336.57000631024
chandigarh,340092,1054686.0,58.42857142857143,31.0,1.2838878674801244,8600491.0,0,81763.63604498842
chandigarh,340092,1054686.0,58.42857142857143,31.0,1.2838878674801244,10772489.0,0,114885.6292741235
chandigarh,340092,1054686.0,58.42857142857143,31.0,1.2838878674801244,13478173.0,0,55746.597696470926
chandigarh,340092,1054686.0,58.42857142857143,31.0,1.2838878674801244,17904840.0,0,60052.97387367569
uttarkashi,86889,329686.0,58.42857142857143,31.0,1.2838878674801244,12342.0,0,26391.057908571536
uttarkashi,86889,329686.0,58.42857142857143,31.0,1.2838878674801244,17994.0,0,63082.32782241989
uttarkashi,86889,329686.0,58.42857142857143,31.0,1.2838878674801244,22900.0,0,5000.0
uttarkashi,86889,329686.0,58.42857142857143,31.0,1.2838878674801244,32970.0,0,55660.24710724407
uttarkashi,86889,329686.0,58.42857142857143,31.0,1.2838878674801244,43500.0,0,12468.679712124085
uttarkashi,86889,329686.0,58.42857142857143,31.0,1.2838878674801244,52899.0,0,31710.42543659488
uttarkashi,86889,329686.0,58.42857142857143,31.0,1.2838878674801244,68144.0,0,45611.30707879671
uttarkashi,86889,329686.0,58.42857142857143,31.0,1.2838878674801244,82965.0,0,84340.02024804639
uttarkashi,86889,329686.0,58.42857142857143,31.0,1.2838878674801244,96469.0,0,28573.11649552577
uttarkashi,86889,329686.0,58.42857142857143,31.0,1.2838878674801244,143866.0,0,66226.4542266405
uttarkashi,86889,329686.0,58.42857142857143,31.0,1.2838878674801244,166514.0,0,66029.80230800554
uttarkashi,86889,329686.0,58.42857142857143,31.0,1.2838878674801244,248828.0,0,41098.972459713375
uttarkashi,86889,329686.0,58.42857142857143,31.0,1.2838878674801244,199972.0,0,74605.61207634804
uttarkashi,86889,329686.0,58.42857142857143,31.0,1.2838878674801244,272386.0,0,50877.88190655038
uttarkashi,86889,329686.0,58.42857142857143,31.0,1.2838878674801244,280090.0,0,42100.35398663544
uttarkashi,86889,329686.0,58.42857142857143,31.0,1.2838878674801244,340832.0,0,39221.14602025873
uttarkashi,86889,329686.0,58.42857142857143,31.0,1.2838878674801244,354038.0,0,70788.37033861376
uttarkashi,86889,329686.0,58.42857142857143,31.0,1.2838878674801244,574366.0,0,50701.94866707745
uttarkashi,86889,329686.0,58.42857142857143,31.0,1.2838878674801244,539699.0,0,28614.160169855575
chamoli,125161,391114.0,96.71428571428572,19.0,1.6421940928270042,15936.0,0,40450.90743913289
chamoli,125161,391114.0,96.71428571428572,19.0,1.6421940928270042,23109.0,0,50222.880917484086
chamoli,125161,391114.0,96.71428571428572,19.0,1.6421940928270042,28392.0,0,7996.972601491645
chamoli,125161,391114.0,96.71428571428572,19.0,1.6421940928270042,44084.0,0,92105.10878494111
chamoli,125161,391114.0,96.71428571428572,19.0,1.6421940928270042,57245.0,0,79901.58262221987
chamoli,125161,391114.0,96.71428571428572,19.0,1.6421940928270042,71211.0,0,103734.12355701704
chamoli,125161,391114.0,96.71428571428572,19.0,1.6421940928270042,88665.0,0,69506.4533077612
chamoli,125161,391114.0,96.71428571428572,19.0,1.6421940928270042,104404.0,0,11189.231544606751
chamoli,125161,391114.0,96.71428571428572,19.0,1.6421940928270042,122706.0,0,12792.263405943486
chamoli,125161,391114.0,96.71428571428572,19.0,1.6421940928270042,180349.0,0,43618.79636963927
chamoli,125161,391114.0,96.71428571428572,19.0,1.6421940928270042,219226.0,0,52730.58981905585
chamoli,125161,391114.0,96.71428571428572,19.0,1.6421940928270042,334855.0,0,22107.4169737244
chamoli,125161,391114.0,96.71428571428572,19.0,1.6421940928270042,251971.0,0,82600.59271020012
chamoli,125161,391114.0,96.71428571428572,19.0,1.6421940928270042,335548.0,0,44105.299532086574
chamoli,125161,391114.0,96.71428571428572,19.0,1.6421940928270042,352899.0,0,51980.407997086586
chamoli,125161,391114.0,96.71428571428572,19.0,1.6421940928270042,444044.0,0,83103.67051281931
chamoli,125161,391114.0,96.71428571428572,19.0,1.6421940928270042,447942.0,0,70699.3173346713
chamoli,125161,391114.0,96.71428571428572,19.0,1.6421940928270042,724863.0,0,43064.285166363436
chamoli,125161,391114.0,96.71428571428572,19.0,1.6421940928270042,759073.0,0,35238.34463315822
chamoli,125161,391114.0,96.71428571428572,19.0,1.6421940928270042,1117730.0,0,48086.8928827474
rudraprayag,79130,236857.0,58.42857142857143,31.0,1.2838878674801244,555674.0,0,17781.851196646014
tehri garhwal,180588,616409.0,58.285714285714285,20.0,1.4355108877721945,28306.0,0,73645.9658788101
tehri garhwal,180588,616409.0,58.285714285714285,20.0,1.4355108877721945,44916.0,0,58904.984434482896
tehri garhwal,180588,616409.0,58.285714285714285,20.0,1.4355108877721945,49076.0,0,78255.49276047108
tehri garhwal,180588,616409.0,58.285714285714285,20.0,1.4355108877721945,72394.0,0,30184.031172018025
tehri garhwal,180588,616409.0,58.285714285714285,20.0,1.4355108877721945,92784.0,0,113862.44003342604
tehri garhwal,180588,616409.0,58.285714285714285,20.0,1.4355108877721945,125918.0,0,67144.46495564142
tehri garhwal,180588,616409.0,58.285714285714285,20.0,1.4355108877721945,139167.0,0,85203.44200172687
tehri garhwal,180588,616409.0,58.285714285714285,20.0,1.4355108877721945,175937.0,0,37890.874954932166
tehri garhwal,180588,616409.0,58.285714285714285,20.0,1.4355108877721945,200636.0,0,108932.43573663932
tehri garhwal,180588,616409.0,58.285714285714285,20.0,1.4355108877721945,274627.0,0,81704.03438464306
tehri garhwal,180588,616409.0,58.285714285714285,20.0,1.4355108877721945,351867.0,0,22402.411125421677
tehri garhwal,180588,616409.0,58.285714285714285,20.0,1.4355108877721945,562067.0,0,32641.80396214658
tehri garhwal,180588,616409.0,58.285714285714285,20.0,1.4355108877721945,497527.0,0,46545.20496903968
tehri garhwal,180588,616409.0,58.285714285714285,20.0,1.4355108877721945,611946.0,0,58855.20531395404
tehri garhwal,180588,616409.0,58.285714285714285,20.0,1.4355108877721945,719519.0,0,61413.667804228564
tehri garhwal,180588,616409.0,58.285714285714285,20.0,1.4355108877721945,906949.0,0,41757.265737836235
tehri garhwal,180588,616409.0,58.285714285714285,20.0,1.4355108877721945,948064.0,0,47038.6157510478
tehri garhwal,180588,616409.0,58.285714285714285,20.0,1.4355108877721945,1595144.0,0,88168.5821788888
tehri garhwal,180588,616409.0,58.285714285714285,20.0,1.4355108877721945,1282593.0,0,70819.55723857402
tehri garhwal,180588,616409.0,58.285714285714285,20.0,1.4355108877721945,1406965.0,0,52458.35298955782
dehradun,557290,1698560.0,58.42857142857143,43.0,1.3095975232198145,329459.0,0,149589.13976000898
dehradun,557290,1698560.0,58.42857142857143,43.0,1.3095975232198145,464526.0,0,154188.8910167376
dehradun,557290,1698560.0,58.42857142857143,43.0,1.3095975232198145,580817.0,0,140512.4470360505
dehradun,557290,1698560.0,58.42857142857143,43.0,1.3095975232198145,839564.0,0,159008.49047672792
dehradun,557290,1698560.0,58.42857142857143,43.0,1.3095975232198145,1291566.0,0,128474.9331977766
dehradun,557290,1698560.0,58.42857142857143,43.0,1.3095975232198145,1628356.0,0,200000.0
dehradun,557290,1698560.0,58.42857142857143,43.0,1.3095975232198145,2163047.0,0,196750.45985565972
dehradun,557290,1698560.0,58.42857142857143,43.0,1.3095975232198145,3069497.0,0,184211.52293573372
dehradun,557290,1698560.0,58.42857142857143,43.0,1.3095975232198145,4292172.0,0,184546.9202927619
dehradun,557290,1698560.0,58.42857142857143,43.0,1.3095975232198145,3619286.0,0,141896.59649431467
dehradun,557290,1698560.0,58.42857142857143,43.0,1.3095975232198145,4899672.0,0,196570.78780791388
dehradun,557290,1698560.0,58.42857142857143,43.0,1.3095975232198145,7225475.0,0,150369.8125595134
dehradun,557290,1698560.0,58.42857142857143,43.0,1.3095975232198145,10341368.0,0,126223.20223659946
dehradun,557290,1698560.0,58.42857142857143,43.0,1.3095975232198145,11452915.0,0,170401.1372113179
dehradun,557290,1698560.0,58.42857142857143,43.0,1.3095975232198145,15063442.0,0,190237.57969126216
dehradun,557290,1698560.0,58.42857142857143,43.0,1.3095975232198145,20099531.0,0,200000.0
dehradun,557290,1698560.0,58.42857142857143,43.0,1.3095975232198145,22257700.0,0,176535.1895698788
dehradun,557290,1698560.0,58.42857142857143,43.0,1.3095975232198145,28405360.0,0,152565.9004013876
dehradun,557290,1698560.0,58.42857142857143,43.0,1.3095975232198145,31286908.0,0,179221.1293910642
dehradun,557290,1698560.0,58.42857142857143,43.0,1.3095975232198145,40807331.0,0,164921.13392287822
garhwal,232741,686527.0,60.0,31.0,1.2838878674801244,1047786.5,1,62613.59399334449
pithoragarh,155927,485993.0,58.42857142857143,30.0,1.6851497769279795,18593.0,0,81299.63269290981
pithoragarh,155927,485993.0,58.42857142857143,30.0,1.6851497769279795,31473.0,0,58300.95182009218
pithoragarh,155927,485993.0,58.42857142857143,30.0,1.6851497769279795,37382.0,0,85846.69644691331
pithoragarh,155927,485993.0,58.42857142857143,30.0,1.6851497769279795,54756.0,0,76239.32254850777
pithoragarh,155927,485993.0,58.42857142857143,30.0,1.6851497769279795,67059.0,0,37675.22379754158
pithoragarh,155927,485993.0,58.42857142857143,30.0,1.6851497769279795,81162.0,0,43439.25135728074
pithoragarh,155927,485993.0,58.42857142857143,30.0,1.6851497769279795,93746.0,0,67806.46257261896
pithoragarh,155927,485993.0,58.42857142857143,30.0,1.6851497769279795,112708.0,0,98434.87612002694
pithoragarh,155927,485993.0,58.42857142857143,30.0,1.6851497769279795,132585.0,0,52392.024299258155
pithoragarh,155927,485993.0,58.42857142857143,30.0,1.6851497769279795,193141.0,0,77326.76119568481
pithoragarh,155927,485993.0,58.42857142857143,30.0,1.6851497769279795,237817.0,0,64722.632813649434
pithoragarh,155927,485993.0,58.42857142857143,30.0,1.6851497769279795,341824.0,0,43329.47637412659
pithoragarh,155927,485993.0,58.42857142857143,30.0,1.6851497769279795,261250.0,0,83506.53786504341
pithoragarh,155927,485993.0,58.42857142857143,30.0,1.6851497769279795,373518.0,0,78121.38507289317
pithoragarh,155927,485993.0,58.42857142857143,30.0,1.6851497769279795,405020.0,0,28159.831037239157
pithoragarh,155927,485993.0,58.42857142857143,30.0,1.6851497769279795,493686.0,0,42871.95194028616
pithoragarh,155927,485993.0,58.42857142857143,30.0,1.6851497769279795,513359.0,0,71632.20791426596
pithoragarh,155927,485993.0,58.42857142857143,30.0,1.6851497769279795,744947.0,0,64850.19861785573
pithoragarh,155927,485993.0,58.42857142857143,30.0,1.6851497769279795,824882.0,0,72855.11461198838
pithoragarh,155927,485993.0,58.42857142857143,30.0,1.6851497769279795,920523.0,0,50616.111636714944
bageshwar,81937,259840.0,58.42857142857143,30.0,1.526377491207503,1047786.5,1,39022.486205770794
almora,204893,621927.0,58.42857142857143,25.0,1.4660940325497287,26086.0,0,87622.2824094402
almora,204893,621927.0,58.42857142857143,25.0,1.4660940325497287,39584.0,0,111248.1877527328
almora,204893,621927.0,58.42857142857143,25.0,1.4660940325497287,50491.0,0,103939.19204614742
almora,204893,621927.0,58.42857142857143,25.0,1.4660940325497287,71874.0,0,64607.25721879459
almora,204893,621927.0,58.42857142857143,25.0,1.4660940325497287,84510.0,0,114995.48104325065
almora,204893,621927.0,58.42857142857143,25.0,1.4660940325497287,110119.0,0,89784.16770049017
almora,204893,621927.0,58.42857142857143,25.0,1.4660940325497287,110098.0,0,70839.5487413702
almora,204893,621927.0,58.42857142857143,25.0,1.4660940325497287,147270.0,0,76362.08166928148
almora,204893,621927.0,58.42857142857143,25.0,1.4660940325497287,158941.0,0,88208.24729547225
almora,204893,621927.0,58.42857142857143,25.0,1.4660940325497287,256356.0,0,53231.81441636056
almora,204893,621927.0,58.42857142857143,25.0,1.4660940325497287,319939.0,0,63848.931316129485
almora,204893,621927.0,58.42857142857143,25.0,1.4660940325497287,448847.0,0,101317.44598858857
almora,204893,621927.0,58.42857142857143,25.0,1.4660940325497287,315595.0,0,123891.3445665556
almora,204893,621927.0,58.42857142857143,25.0,1.4660940325497287,516291.0,0,72386.23846529594
almora,204893,621927.0,58.42857142857143,25.0,1.4660940325497287,518423.0,0,50270.297250094045
almora,204893,621927.0,58.42857142857143,25.0,1.4660940325497287,621457.0,0,49964.0603420939
almora,204893,621927.0,58.42857142857143,25.0,1.4660940325497287,615373.0,0,128637.76125901125
almora,204893,621927.0,58.42857142857143,25.0,1.4660940325497287,917436.0,0,65208.260002046445
almora,204893,621927.0,58.42857142857143,25.0,1.4660940325497287,862733.0,0,109814.34396304983
almora,204893,621927.0,58.42857142857143,25.0,1.4660940325497287,1009910.0,0,65607.54246574218
champawat,75711,259315.0,58.42857142857143,26.0,1.562043795620438,1047786.5,1,18149.748358342855
nainital,310721,955128.0,83.14285714285714,29.0,1.2497560975609756,106949.0,0,109407.62962851507
nainital,310721,955128.0,83.14285714285714,29.0,1.2497560975609756,143993.0,0,118398.65395614508
nainital,310721,955128.0,83.14285714285714,29.0,1.2497560975609756,164989.0,0,95932.22524576462
nainital,310721,955128.0,83.14285714285714,29.0,1.2497560975609756,262453.0,0,91287.10442875285
nainital,310721,955128.0,83.14285714285714,29.0,1.2497560975609756,366310.0,0,103098.40203814034
nainital,310721,955128.0,83.14285714285714,29.0,1.2497560975609756,347099.0,0,79929.24434117656
nainital,310721,955128.0,83.14285714285714,29.0,1.2497560975609756,410561.0,0,77941.62734406232
nainital,310721,955128.0,83.14285714285714,29.0,1.2497560975609756,510868.0,0,98696.9812245002
nainital,310721,955128.0,83.14285714285714,29.0,1.2497560975609756,591916.0,0,104222.36566170488
nainital,310721,955128.0,83.14285714285714,29.0,1.2497560975609756,661723.0,0,104848.90038805679
nainital,310721,955128.0,83.14285714285714,29.0,1.2497560975609756,984746.0,0,91236.97349415244
nainital,310721,955128.0,83.14285714285714,29.0,1.2497560975609756,1517073.0,0,111667.2670994185
nainital,310721,955128.0,83.14285714285714,29.0,1.2497560975609756,1656353.0,0,77818.86341936543
nainital,310721,955128.0,83.14285714285714,29.0,1.2497560975609756,2022948.0,0,123092.87923540857
nainital,310721,955128.0,83.14285714285714,29.0,1.2497560975609756,2632707.0,0,88813.72713994954
nainital,310721,955128.0,83.14285714285714,29.0,1.2497560975609756,3236410.0,0,51806.584791959256
nainital,310721,955128.0,83.14285714285714,29.0,1.2497560975609756,3419287.0,0,97272.8941053524
nainital,310721,955128.0,83.14285714285714,29.0,1.2497560975609756,4229607.0,0,129947.62580891795
nainital,310721,955128.0,83.14285714285714,29.0,1.2497560975609756,4918426.0,0,102754.41513388576
nainital,310721,955128.0,83.14285714285714,29.0,1.2497560975609756,5012268.0,0,96433.90403104218
udham singh nagar,439314,1648367.0,58.42857142857143,31.0,1.2838878674801244,319290.0,0,70280.14056585924
udham singh nagar,439314,1648367.0,58.42857142857143,31.0,1.2838878674801244,396961.0,0,139179.5050581323
udham singh nagar,439314,1648367.0,58.42857142857143,31.0,1.2838878674801244,635903.0,0,125569.59745339205
udham singh nagar,439314,1648367.0,58.42857142857143,31.0,1.2838878674801244,817760.0,0,116792.72426771536
udham singh nagar,439314,1648367.0,58.42857142857143,31.0,1.2838878674801244,1872126.0,0,136063.84603780427
udham singh nagar,439314,1648367.0,58.42857142857143,31.0,1.2838878674801244,964467.0,0,124611.03665721742
udham singh nagar,439314,1648367.0,58.42857142857143,31.0,1.2838878674801244,881091.0,0,115160.362221397
udham singh nagar,439314,1648367.0,58.42857142857143,31.0,1.2838878674801244,1067254.0,0,154048.584819904
udham singh nagar,439314,1648367.0,58.42857142857143,31.0,1.2838878674801244,1320641.0,0,168825.49350899342
udham singh nagar,439314,1648367.0,58.42857142857143,31.0,1.2838878674801244,1430868.0,0,155101.35505308723
udham singh nagar,439314,1648367.0,58.42857142857143,31.0,1.2838878674801244,1570042.0,0,138032.29542479044
udham singh nagar,439314,1648367.0,58.42857142857143,31.0,1.2838878674801244,2363335.0,0,119420.2014828758
udham singh nagar,439314,1648367.0,58.42857142857143,31.0,1.2838878674801244,2400713.0,0,122907.68219329177
udham singh nagar,439314,1648367.0,58.42857142857143,31.0,1.2838878674801244,2949644.0,0,135541.94816932458
udham singh nagar,439314,1648367.0,58.42857142857143,31.0,1.2838878674801244,3972342.0,0,147126.4989174804
udham singh nagar,439314,1648367.0,58.42857142857143,31.0,1.2838878674801244,5131031.0,0,118509.9800651371
udham singh nagar,439314,1648367.0,58.42857142857143,31.0,1.2838878674801244,5878926.0,0,187470.49960173748
udham singh nagar,439314,1648367.0,58.42857142857143,31.0,1.2838878674801244,7173658.0,0,156466.68018096528
udham singh nagar,439314,1648367.0,58.42857142857143,31.0,1.2838878674801244,8359056.0,0,129797.7084107743
udham singh nagar,439314,1648367.0,58.42857142857143,31.0,1.2838878674801244,10333475.0,0,108902.28800201895
hardwar,486943,1927029.0,58.42857142857143,31.0,1.2838878674801244,1047786.5,1,155520.2290738797
panchkula,175456,558890.0,58.42857142857143,25.0,1.1666666666666667,1047786.5,1,79131.19798066172
ambala,356737,1136784.0,108.71428571428572,19.0,1.1325051759834368,180500.0,0,126521.5449262268
ambala,356737,1136784.0,108.71428571428572,19.0,1.1325051759834368,233248.0,0,102932.76893110643
ambala,356737,1136784.0,108.71428571428572,19.0,1.1325051759834368,313017.0,0,132677.43071073206
yamunanagar,357664,1214162.0,58.42857142857143,29.0,1.1561561561561562,1047786.5,1,107318.88109896515
kurukshetra,276065,964231.0,58.42857142857143,23.0,1.0753138075313808,1047786.5,1,98772.90644484165
kaithal,260747,1072861.0,58.42857142857143,16.0,1.059190031152648,1047786.5,1,108350.95076120662
karnal,413497,1506323.0,125.14285714285714,22.0,1.1179775280898876,169313.0,0,88887.00293594059
karnal,413497,1506323.0,125.14285714285714,22.0,1.1179775280898876,224254.0,0,134582.09129715612
karnal,413497,1506323.0,125.14285714285714,22.0,1.1179775280898876,282956.0,0,115416.35095958784
karnal,413497,1506323.0,125.14285714285714,22.0,1.1179775280898876,356327.0,0,151693.05108124166
karnal,413497,1506323.0,125.14285714285714,22.0,1.1179775280898876,589011.0,0,175143.60349243175
karnal,413497,1506323.0,125.14285714285714,22.0,1.1179775280898876,814251.0,0,114120.66345536555
karnal,413497,1506323.0,125.14285714285714,22.0,1.1179775280898876,991286.0,0,134776.38698307058
karnal,413497,1506323.0,125.14285714285714,22.0,1.1179775280898876,1280457.0,0,161042.6973630053
karnal,413497,1506323.0,125.14285714285714,22.0,1.1179775280898876,1579733.0,0,153949.06450453223
karnal,413497,1506323.0,125.14285714285714,22.0,1.1179775280898876,1629574.0,0,130188.41919657384
karnal,413497,1506323.0,125.14285714285714,22.0,1.1179775280898876,1955755.0,0,123435.4477869332
karnal,413497,1506323.0,125.14285714285714,22.0,1.1179775280898876,2527301.0,0,114349.47646587586
karnal,413497,1506323.0,125.14285714285714,22.0,1.1179775280898876,2822406.0,0,96204.13280187263
karnal,413497,1506323.0,125.14285714285714,22.0,1.1179775280898876,3501189.0,0,131545.43837954476
karnal,413497,1506323.0,125.14285714285714,22.0,1.1179775280898876,4403307.0,0,164552.01055599772
karnal,413497,1506323.0,125.14285714285714,22.0,1.1179775280898876,5416815.0,0,109130.04752623795
karnal,413497,1506323.0,125.14285714285714,22.0,1.1179775280898876,6097787.0,0,136152.32606311888
karnal,413497,1506323.0,125.14285714285714,22.0,1.1179775280898876,7462000.0,0,78978.02259691234
karnal,413497,1506323.0,125.14285714285714,22.0,1.1179775280898876,9139842.0,0,154937.78030766267
karnal,413497,1506323.0,125.14285714285714,22.0,1.1179775280898876,12214724.0,0,139782.5405996182
panipat,322463,1202811.0,58.42857142857143,28.0,1.0792079207920793,183960.0,0,73196.81822613228
panipat,322463,1202811.0,58.42857142857143,28.0,1.0792079207920793,265754.0,0,97435.94080164128
panipat,322463,1202811.0,58.42857142857143,28.0,1.0792079207920793,331409.0,0,120016.24351514937
panipat,322463,1202811.0,58.42857142857143,28.0,1.0792079207920793,427930.0,0,141649.36332276638
panipat,322463,1202811.0,58.42857142857143,28.0,1.0792079207920793,685081.0,0,106377.58608613834
panipat,322463,1202811.0,58.42857142857143,28.0,1.0792079207920793,1019615.0,0,105594.08893794275
panipat,322463,1202811.0,58.42857142857143,28.0,1.0792079207920793,1155825.0,0,108071.53200140531
panipat,322463,1202811.0,58.42857142857143,28.0,1.0792079207920793,1437677.0,0,84225.45365834484
panipat,322463,1202811.0,58.42857142857143,28.0,1.0792079207920793,1781967.0,0,142384.6916933659
panipat,322463,1202811.0,58.42857142857143,28.0,1.0792079207920793,2011582.0,0,117063.23234487072
panipat,322463,1202811.0,58.42857142857143,28.0,1.0792079207920793,2334545.0,0,123607.56003490827
panipat,322463,1202811.0,58.42857142857143,28.0,1.0792079207920793,3059943.0,0,111942.56145773892
panipat,322463,1202811.0,58.42857142857143,28.0,1.0792079207920793,3288095.0,0,124130.67568901516
panipat,322463,1202811.0,58.42857142857143,28.0,1.0792079207920793,4781725.0,0,125500.89331340345
panipat,322463,1202811.0,58.42857142857143,28.0,1.0792079207920793,6120958.0,0,79711.9616855922
panipat,322463,1202811.0,58.42857142857143,28.0,1.0792079207920793,7419868.0,0,60993.572781096016
panipat,322463,1202811.0,58.42857142857143,28.0,1.0792079207920793,9264902.0,0,103222.48511164091
panipat,322463,1202811.0,58.42857142857143,28.0,1.0792079207920793,10820296.0,0,50258.29475888
panipat,322463,1202811.0,58.42857142857143,28.0,1.0792079207920793,13837300.0,0,98942.28166322669
panipat,322463,1202811.0,58.42857142857143,28.0,1.0792079207920793,12217738.0,0,104680.32282476613
sonipat,408435,1480080.0,58.42857142857143,24.0,1.0891364902506964,178766.0,0,145796.89827059564
sonipat,408435,1480080.0,58.42857142857143,24.0,1.0891364902506964,253130.0,0,172203.8208528513
sonipat,408435,1480080.0,58.42857142857143,24.0,1.0891364902506964,315829.0,0,126133.51103571884
sonipat,408435,1480080.0,58.42857142857143,24.0,1.0891364902506964,428989.0,0,100780.59873062343
sonipat,408435,1480080.0,58.42857142857143,24.0,1.0891364902506964,699422.0,0,109613.53424331777
sonipat,408435,1480080.0,58.42857142857143,24.0,1.0891364902506964,888795.0,0,139884.5820220228
sonipat,408435,1480080.0,58.42857142857143,24.0,1.0891364902506964,1066029.0,0,116075.78497784075
sonipat,408435,1480080.0,58.42857142857143,24.0,1.0891364902506964,1368457.0,0,116083.62745900595
sonipat,408435,1480080.0,58.42857142857143,24.0,1.0891364902506964,2016893.0,0,109365.3237009528
sonipat,408435,1480080.0,58.42857142857143,24.0,1.0891364902506964,2067865.0,0,101818.83800386958
sonipat,408435,1480080.0,58.42857142857143,24.0,1.0891364902506964,2922945.0,0,94073.5471093141
sonipat,408435,1480080.0,58.42857142857143,24.0,1.0891364902506964,3721622.0,0,156958.18121115735
sonipat,408435,1480080.0,58.42857142857143,24.0,1.0891364902506964,4353956.0,0,122664.14739629962
sonipat,408435,1480080.0,58.42857142857143,24.0,1.0891364902506964,5818055.0,0,109547.96882767873
sonipat,408435,1480080.0,58.42857142857143,24.0,1.0891364902506964,7173052.0,0,104333.40299607166
sonipat,408435,1480080.0,58.42857142857143,24.0,1.0891364902506964,8588386.0,0,122858.51740472951
sonipat,408435,1480080.0,58.42857142857143,24.0,1.0891364902506964,9614092.0,0,122399.52927605805
sonipat,408435,1480080.0,58.42857142857143,24.0,1.0891364902506964,11943138.0,0,135964.5858360058
sonipat,408435,1480080.0,58.42857142857143,24.0,1.0891364902506964,16738938.0,0,101663.90298153336
sonipat,408435,1480080.0,58.42857142857143,24.0,1.0891364902506964,17683407.0,0,93040.9937873776
jind,330709,1332042.0,77.42857142857143,16.0,1.0191693290734825,1047786.5,1,109438.27958129438
fatehabad,230107,941522.0,58.42857142857143,20.0,1.1538461538461535,1047786.5,1,83729.35496361324
sirsa,325929,1295114.0,58.42857142857143,14.0,1.1322751322751323,164867.0,0,93693.71144173236
sirsa,325929,1295114.0,58.42857142857143,14.0,1.1322751322751323,234948.0,0,100837.05246897251
sirsa,325929,1295114.0,58.42857142857143,14.0,1.1322751322751323,222321.0,0,125503.49597478186
hisar,444111,1742815.0,58.42857142857143,21.0,1.0817610062893082,240517.0,0,144317.1067854002
hisar,444111,1742815.0,58.42857142857143,21.0,1.0817610062893082,320500.0,0,163710.02483709477
hisar,444111,1742815.0,58.42857142857143,21.0,1.0817610062893082,390428.0,0,114596.9216331588
hisar,444111,1742815.0,58.42857142857143,21.0,1.0817610062893082,511206.0,0,74307.79655318608
hisar,444111,1742815.0,58.42857142857143,21.0,1.0817610062893082,703750.0,0,102686.53030129368
hisar,444111,1742815.0,58.42857142857143,21.0,1.0817610062893082,761001.0,0,169396.45072944264
hisar,444111,1742815.0,58.42857142857143,21.0,1.0817610062893082,1055411.0,0,128426.17343482643
hisar,444111,1742815.0,58.42857142857143,21.0,1.0817610062893082,1309901.0,0,125439.40181939719
hisar,444111,1742815.0,58.42857142857143,21.0,1.0817610062893082,1533724.0,0,150552.25657438708
hisar,444111,1742815.0,58.42857142857143,21.0,1.0817610062893082,1644838.0,0,138663.91856211916
hisar,444111,1742815.0,58.42857142857143,21.0,1.0817610062893082,2209518.0,0,92610.31186085846
hisar,444111,1742815.0,58.42857142857143,21.0,1.0817610062893082,3190398.0,0,164800.3132336791
hisar,444111,1742815.0,58.42857142857143,21.0,1.0817610062893082,3294765.0,0,138812.18806698214
hisar,444111,1742815.0,58.42857142857143,21.0,1.0817610062893082,4588374.0,0,136393.0752955579
hisar,444111,1742815.0,58.42857142857143,21.0,1.0817610062893082,5215891.0,0,160313.55396549567
hisar,444111,1742815.0,58.42857142857143,21.0,1.0817610062893082,6193863.0,0,105360.12504189834
hisar,444111,1742815.0,58.42857142857143,21.0,1.0817610062893082,7216543.0,0,156553.01666955726
hisar,444111,1742815.0,58.42857142857143,21.0,1.0817610062893082,8798889.0,0,137967.5481691885
hisar,444111,1742815.0,58.42857142857143,21.0,1.0817610062893082,15314209.0,0,68381.05904176051
hisar,444111,1742815.0,58.42857142857143,21.0,1.0817610062893082,16862076.0,0,161348.91665221946
bhiwani,426713,1629109.0,58.42857142857143,16.0,1.0563002680965148,125150.0,0,108987.74083200158
rohtak,311557,1058683.0,92.28571428571428,25.0,1.1232876712328768,121728.0,0,93118.80183265587
rohtak,311557,1058683.0,92.28571428571428,25.0,1.1232876712328768,179677.0,0,100862.07651448366
rohtak,311557,1058683.0,92.28571428571428,25.0,1.1232876712328768,242013.0,0,149688.77656110725
rohtak,311557,1058683.0,92.28571428571428,25.0,1.1232876712328768,575222.0,0,100585.36647008863
rohtak,311557,1058683.0,92.28571428571428,25.0,1.1232876712328768,1096201.0,0,126828.17180920643
rohtak,311557,1058683.0,92.28571428571428,25.0,1.1232876712328768,1158516.0,0,112604.02158509607
rohtak,311557,1058683.0,92.28571428571428,25.0,1.1232876712328768,1428337.0,0,64806.72756071034
rohtak,311557,1058683.0,92.28571428571428,25.0,1.1232876712328768,1803076.0,0,95272.48001359927
rohtak,311557,1058683.0,92.28571428571428,25.0,1.1232876712328768,2050920.0,0,130244.07937499427
rohtak,311557,1058683.0,92.28571428571428,25.0,1.1232876712328768,1740356.0,0,120706.89011671214
rohtak,311557,1058683.0,92.28571428571428,25.0,1.1232876712328768,2708295.0,0,82807.60321419842
rohtak,311557,1058683.0,92.28571428571428,25.0,1.1232876712328768,3586587.0,0,120576.0374789816
rohtak,311557,1058683.0,92.28571428571428,25.0,1.1232876712328768,4615616.0,0,101513.88438410849
rohtak,311557,1058683.0,92.28571428571428,25.0,1.1232876712328768,5544335.0,0,106063.70261584618
rohtak,311557,1058683.0,92.28571428571428,25.0,1.1232876712328768,6268896.0,0,53643.74637159459
rohtak,311557,1058683.0,92.28571428571428,25.0,1.1232876712328768,7714114.0,0,114396.18155573131
rohtak,311557,1058683.0,92.28571428571428,25.0,1.1232876712328768,9939686.0,0,125918.48726692417
rohtak,311557,1058683.0,92.28571428571428,25.0,1.1232876712328768,14350357.0,0,114720.39462639064
jhajjar,276611,956907.0,58.42857142857143,22.0,1.0902527075812274,319972.0,0,32615.396650013907
jhajjar,276611,956907.0,58.42857142857143,22.0,1.0902527075812274,548076.0,0,131100.9228220977
jhajjar,276611,956907.0,58.42857142857143,22.0,1.0902527075812274,569289.0,0,98322.88989520218
jhajjar,276611,956907.0,58.42857142857143,22.0,1.0902527075812274,755297.0,0,123365.0769955399
jhajjar,276611,956907.0,58.42857142857143,22.0,1.0902527075812274,965474.0,0,98363.23781460573
jhajjar,276611,956907.0,58.42857142857143,22.0,1.0902527075812274,2429140.0,0,131409.1119614175
mahendragarh,249815,921680.0,58.42857142857143,17.0,1.104,1047786.5,1,96890.42466819304
rewari,261494,896129.0,58.42857142857143,17.0,1.1202830188679245,199418.0,0,98905.67546318317
rewari,261494,896129.0,58.42857142857143,17.0,1.1202830188679245,263194.0,0,114020.92720173208
rewari,261494,896129.0,58.42857142857143,17.0,1.1202830188679245,350599.0,0,99830.46519953385
rewari,261494,896129.0,58.42857142857143,17.0,1.1202830188679245,535609.0,0,127806.50311587294
rewari,261494,896129.0,58.42857142857143,17.0,1.1202830188679245,992599.0,0,112820.34768532774
rewari,261494,896129.0,58.42857142857143,17.0,1.1202830188679245,889511.0,0,111230.48164800249
rewari,261494,896129.0,58.42857142857143,17.0,1.1202830188679245,1206241.0,0,112121.96121899961
rewari,261494,896129.0,58.42857142857143,17.0,1.1202830188679245,1538398.0,0,108820.18329559166
rewari,261494,896129.0,58.42857142857143,17.0,1.1202830188679245,1747564.0,0,121913.89705371438
rewari,261494,896129.0,58.42857142857143,17.0,1.1202830188679245,2022132.0,0,128475.706759984
rewari,261494,896129.0,58.42857142857143,17.0,1.1202830188679245,3041169.0,0,101963.65657638301
rewari,261494,896129.0,58.42857142857143,17.0,1.1202830188679245,4329508.0,0,52146.97002306934
rewari,261494,896129.0,58.42857142857143,17.0,1.1202830188679245,4385531.0,0,93559.24293460714
rewari,261494,896129.0,58.42857142857143,17.0,1.1202830188679245,5377720.0,0,110204.32253860464
rewari,261494,896129.0,58.42857142857143,17.0,1.1202830188679245,7225396.0,0,81644.86688414267
rewari,261494,896129.0,58.42857142857143,17.0,1.1202830188679245,8487387.0,0,73340.52296299911
rewari,261494,896129.0,58.42857142857143,17.0,1.1202830188679245,9346086.0,0,70698.56947870244
rewari,261494,896129.0,58.42857142857143,17.0,1.1202830188679245,11224593.0,0,92117.08799870733
rewari,261494,896129.0,58.42857142857143,17.0,1.1202830188679245,12015067.0,0,75741.0829516097
rewari,261494,896129.0,58.42857142857143,17.0,1.1202830188679245,13324092.0,0,49170.727855549165
gurgaon,472450,1514085.0,198.8571428571429,31.0,1.2838878674801244,1047786.5,1,147384.49952357178
mewat,146462,1089406.0,58.42857142857143,25.0,1.2317880794701987,1241283.0,0,36396.75525335964
mewat,146462,1089406.0,58.42857142857143,25.0,1.2317880794701987,1598705.0,0,121815.62902165578
mewat,146462,1089406.0,58.42857142857143,25.0,1.2317880794701987,2107221.0,0,31353.316805537404
mewat,146462,1089406.0,58.42857142857143,25.0,1.2317880794701987,2948645.0,0,45027.989630667915
mewat,146462,1089406.0,58.42857142857143,25.0,1.2317880794701987,3236320.0,0,60932.4155617874
mewat,146462,1089406.0,58.42857142857143,25.0,1.2317880794701987,4011429.0,0,45258.86179566442
mewat,146462,1089406.0,58.42857142857143,25.0,1.2317880794701987,5054460.0,0,90839.81876429493
mewat,146462,1089406.0,58.42857142857143,25.0,1.2317880794701987,6907605.0,0,29100.33968582677
mewat,146462,1089406.0,58.42857142857143,25.0,1.2317880794701987,8788025.0,0,78656.39461197804
mewat,146462,1089406.0,58.42857142857143,25.0,1.2317880794701987,10609222.0,0,34354.15964731137
mewat,146462,1089406.0,58.42857142857143,25.0,1.2317880794701987,10832560.0,0,30502.071611086667
mewat,146462,1089406.0,58.42857142857143,25.0,1.2317880794701987,11181774.0,0,18130.1281754233
faridabad,537799,1798954.0,58.42857142857143,31.0,1.2093023255813953,521939.0,0,178711.20718396583
faridabad,537799,1798954.0,58.42857142857143,31.0,1.2093023255813953,698865.0,0,135470.97492041104
faridabad,537799,1798954.0,58.42857142857143,31.0,1.2093023255813953,1058983.0,0,179013.306613594
faridabad,537799,1798954.0,58.42857142857143,31.0,1.2093023255813953,2271109.0,0,144368.81285570658
faridabad,537799,1798954.0,58.42857142857143,31.0,1.2093023255813953,4020631.0,0,189682.40817304983
faridabad,537799,1798954.0,58.42857142857143,31.0,1.2093023255813953,3523377.0,0,169410.47672559542
faridabad,537799,1798954.0,58.42857142857143,31.0,1.2093023255813953,4701377.0,0,160772.95742200836
faridabad,537799,1798954.0,58.42857142857143,31.0,1.2093023255813953,5358174.0,0,188742.64547569258
faridabad,537799,1798954.0,58.42857142857143,31.0,1.2093023255813953,5840117.0,0,139783.13517266564
faridabad,537799,1798954.0,58.42857142857143,31.0,1.2093023255813953,5775792.0,0,141558.46871443657
faridabad,537799,1798954.0,58.42857142857143,31.0,1.2093023255813953,8700173.0,0,193830.36631901248
faridabad,537799,1798954.0,58.42857142857143,31.0,1.2093023255813953,12149079.0,0,142113.874063676
faridabad,537799,1798954.0,58.42857142857143,31.0,1.2093023255813953,12970900.0,0,131543.41659524658
faridabad,537799,1798954.0,58.42857142857143,31.0,1.2093023255813953,14467773.0,0,160808.9589080767
faridabad,537799,1798954.0,58.42857142857143,31.0,1.2093023255813953,19367342.0,0,168999.51625231697
faridabad,537799,1798954.0,58.42857142857143,31.0,1.2093023255813953,23169872.0,0,182748.42186001356
faridabad,537799,1798954.0,58.42857142857143,31.0,1.2093023255813953,25918817.0,0,138227.6769379938
faridabad,537799,1798954.0,58.42857142857143,31.0,1.2093023255813953,30409719.0,0,196629.81429080066
faridabad,537799,1798954.0,58.42857142857143,31.0,1.2093023255813953,31002825.0,0,143085.9048199589
faridabad,537799,1798954.0,58.42857142857143,31.0,1.2093023255813953,33161524.0,0,185549.7790667856
palwal,220100,1040493.0,58.42857142857143,15.0,1.1987577639751552,383775.0,0,70516.56546703898
palwal,220100,1040493.0,58.42857142857143,15.0,1.1987577639751552,719323.0,0,147856.4450351183
palwal,220100,1040493.0,58.42857142857143,15.0,1.1987577639751552,741633.0,0,85636.82199769487
palwal,220100,1040493.0,58.42857142857143,15.0,1.1987577639751552,1061268.0,0,122114.45910237188
palwal,220100,1040493.0,58.42857142857143,15.0,1.1987577639751552,1273274.0,0,88168.12768377597
palwal,220100,1040493.0,58.42857142857143,15.0,1.1987577639751552,1613263.0,0,91460.52900334742
palwal,220100,1040493.0,58.42857142857143,15.0,1.1987577639751552,2090627.0,0,69550.263699654
palwal,220100,1040493.0,58.42857142857143,15.0,1.1987577639751552,2672871.0,0,46061.002790458
palwal,220100,1040493.0,58.42857142857143,15.0,1.1987577639751552,3692902.0,0,26767.93596872653
palwal,220100,1040493.0,58.42857142857143,15.0,1.1987577639751552,3641453.0,0,90031.24011121612
palwal,220100,1040493.0,58.42857142857143,15.0,1.1987577639751552,4765916.0,0,93267.75989952423
palwal,220100,1040493.0,58.42857142857143,15.0,1.1987577639751552,5875612.0,0,76318.4308875989
palwal,220100,1040493.0,58.42857142857143,15.0,1.1987577639751552,7384842.0,0,43040.903065514474
palwal,220100,1040493.0,58.42857142857143,15.0,1.1987577639751552,8401353.0,0,84611.85280773633
palwal,220100,1040493.0,58.42857142857143,15.0,1.1987577639751552,9782307.0,0,94439.07292410085
palwal,220100,1040493.0,58.42857142857143,15.0,1.1987577639751552,11032395.0,0,81075.27404929009
palwal,220100,1040493.0,58.42857142857143,15.0,1.1987577639751552,13114018.0,0,55167.24704402314
north west,1165903,1698560.0,58.42857142857143,31.0,1.2838878674801244,1047786.5,1,200000.0
north,299902,1698560.0,58.42857142857143,31.0,1.2838878674801244,3446.0,0,118389.88968091168
north,299902,1698560.0,58.42857142857143,31.0,1.2838878674801244,6735.0,0,86987.52130870677
north,299902,1698560.0,58.42857142857143,31.0,1.2838878674801244,10146.0,0,100913.09246127147
north,299902,1698560.0,58.42857142857143,31.0,1.2838878674801244,15986.0,0,76575.87242124349
north,299902,1698560.0,58.42857142857143,31.0,1.2838878674801244,15810.0,0,63795.664224267406
north,299902,1698560.0,58.42857142857143,31.0,1.2838878674801244,18856.0,0,102900.87794239547
north,299902,1698560.0,58.42857142857143,31.0,1.2838878674801244,28543.0,0,99705.92019414225
north,299902,1698560.0,58.42857142857143,31.0,1.2838878674801244,33255.0,0,100193.35037307083
north,299902,1698560.0,58.42857142857143,31.0,1.2838878674801244,35470.0,0,85306.16027716616
north,299902,1698560.0,58.42857142857143,31.0,1.2838878674801244,47621.0,0,128612.95586097581
north,299902,1698560.0,58.42857142857143,31.0,1.2838878674801244,57672.0,0,118101.19618418302
north,299902,1698560.0,58.42857142857143,31.0,1.2838878674801244,80801.0,0,129349.85142201582
north,299902,1698560.0,58.42857142857143,31.0,1.2838878674801244,68266.0,0,90832.72978998629
north,299902,1698560.0,58.42857142857143,31.0,1.2838878674801244,81358.0,0,96175.2365854592
north,299902,1698560.0,58.42857142857143,31.0,1.2838878674801244,98373.0,0,95149.82181358711
north,299902,1698560.0,58.42857142857143,31.0,1.2838878674801244,128392.0,0,41080.39748527468
north,299902,1698560.0,58.42857142857143,31.0,1.2838878674801244,123838.0,0,111221.06125002456
north,299902,1698560.0,58.42857142857143,31.0,1.2838878674801244,174097.0,0,80556.39600326556
north,299902,1698560.0,58.42857142857143,31.0,1.2838878674801244,180979.0,0,123955.66868653412
north,299902,1698560.0,58.42857142857143,31.0,1.2838878674801244,197276.0,0,127851.5889823559
north east,699107,1698560.0,58.42857142857143,31.0,1.2838878674801244,1047786.5,1,162221.35170335273
east,604616,1698560.0,58.42857142857143,31.0,1.2838878674801244,24432.0,0,186728.07068050554
east,604616,1698560.0,58.42857142857143,31.0,1.2838878674801244,40432.0,0,168952.65790652754
east,604616,1698560.0,58.42857142857143,31.0,1.2838878674801244,59571.0,0,176199.5463274359
east,604616,1698560.0,58.42857142857143,31.0,1.2838878674801244,84485.0,0,200000.0
east,604616,1698560.0,58.42857142857143,31.0,1.2838878674801244,155482.0,0,151380.03468834033
east,604616,1698560.0,58.42857142857143,31.0,1.2838878674801244,297652.0,0,179011.85584943433
east,604616,1698560.0,58.42857142857143,31.0,1.2838878674801244,429201.0,0,170394.14464055648
east,604616,1698560.0,58.42857142857143,31.0,1.2838878674801244,616761.0,0,171786.50424329337
east,604616,1698560.0,58.42857142857143,31.0,1.2838878674801244,360279.0,0,148086.31419262665
east,604616,1698560.0,58.42857142857143,31.0,1.2838878674801244,304581.0,0,157293.41798139067
east,604616,1698560.0,58.42857142857143,31.0,1.2838878674801244,353881.0,0,140435.37198967455
east,604616,1698560.0,58.42857142857143,31.0,1.2838878674801244,428732.0,0,195299.25573234318
east,604616,1698560.0,58.42857142857143,31.0,1.2838878674801244,516158.0,0,200000.0
east,604616,1698560.0,58.42857142857143,31.0,1.2838878674801244,635504.0,0,183248.21056170907
east,604616,1698560.0,58.42857142857143,31.0,1.2838878674801244,757493.0,0,174031.33415304087
east,604616,1698560.0,58.42857142857143,31.0,1.2838878674801244,1071092.0,0,109202.07669100733
east,604616,1698560.0,58.42857142857143,31.0,1.2838878674801244,1173942.0,0,200000.0
east,604616,1698560.0,58.42857142857143,31.0,1.2838878674801244,1540255.0,0,193018.97082391678
east,604616,1698560.0,58.42857142857143,31.0,1.2838878674801244,1604446.0,0,200000.0
east,604616,1698560.0,58.42857142857143,31.0,1.2838878674801244,2227237.0,0,152536.00357270293
new delhi,48501,133713.0,58.42857142857143,31.0,1.2838878674801244,883737.0,0,40582.08729498154
new delhi,48501,133713.0,58.42857142857143,31.0,1.2838878674801244,1177251.0,0,105249.41127269556
new delhi,48501,133713.0,58.42857142857143,31.0,1.2838878674801244,2022950.0,0,35431.61781190701
new delhi,48501,133713.0,58.42857142857143,31.0,1.2838878674801244,3230268.0,0,64487.910049125276
new delhi,48501,133713.0,58.42857142857143,31.0,1.2838878674801244,10000765.0,0,67111.13900619438
new delhi,48501,133713.0,58.42857142857143,31.0,1.2838878674801244,23313548.0,0,9753.870919149625
new delhi,48501,133713.0,58.42857142857143,31.0,1.2838878674801244,24687138.0,0,5000.0
new delhi,48501,133713.0,58.42857142857143,31.0,1.2838878674801244,29048107.0,0,68834.3008862113
new delhi,48501,133713.0,58.42857142857143,31.0,1.2838878674801244,17899322.0,0,5000.0
new delhi,48501,133713.0,58.42857142857143,31.0,1.2838878674801244,13713658.0,0,23433.828975799715
new delhi,48501,133713.0,58.42857142857143,31.0,1.2838878674801244,17268250.0,0,29613.792051541735
new delhi,48501,133713.0,58.42857142857143,31.0,1.2838878674801244,19719782.0,0,59746.95697510019
new delhi,48501,133713.0,58.42857142857143,31.0,1.2838878674801244,31953482.0,0,33874.52186673603
new delhi,48501,133713.0,58.42857142857143,31.0,1.2838878674801244,36788618.0,0,8718.62108081854
new delhi,48501,133713.0,58.42857142857143,31.0,1.2838878674801244,50089446.0,0,5000.0
new delhi,48501,133713.0,58.42857142857143,31.0,1.2838878674801244,61634107.0,0,5000.0
new delhi,48501,133713.0,58.42857142857143,31.0,1.2838878674801244,71006225.0,0,37014.27280767748
new delhi,48501,133713.0,58.42857142857143,31.0,1.2838878674801244,87939392.0,0,26174.863378264192
new delhi,48501,133713.0,58.42857142857143,31.0,1.2838878674801244,58178476.0,0,40468.0931003395
new delhi,48501,133713.0,58.42857142857143,31.0,1.2838878674801244,45094468.0,0,10944.114441421641
central,201842,1698560.0,58.42857142857143,31.0,1.2838878674801244,1047786.5,1,62147.75828465014
west,867246,1698560.0,58.42857142857143,31.0,1.2838878674801244,4845.0,0,200000.0
west,867246,1698560.0,58.42857142857143,31.0,1.2838878674801244,10671.0,0,200000.0
west,867246,1698560.0,58.42857142857143,31.0,1.2838878674801244,14121.0,0,200000.0
west,867246,1698560.0,58.42857142857143,31.0,1.2838878674801244,19567.0,0,200000.0
west,867246,1698560.0,58.42857142857143,31.0,1.2838878674801244,21489.0,0,200000.0
west,867246,1698560.0,58.42857142857143,31.0,1.2838878674801244,26024.0,0,200000.0
west,867246,1698560.0,58.42857142857143,31.0,1.2838878674801244,33550.0,0,200000.0
west,867246,1698560.0,58.42857142857143,31.0,1.2838878674801244,43955.0,0,200000.0
west,867246,1698560.0,58.42857142857143,31.0,1.2838878674801244,49913.0,0,200000.0
west,867246,1698560.0,58.42857142857143,31.0,1.2838878674801244,69860.0,0,200000.0
west,867246,1698560.0,58.42857142857143,31.0,1.2838878674801244,79994.0,0,200000.0
west,867246,1698560.0,58.42857142857143,31.0,1.2838878674801244,95163.0,0,200000.0
west,867246,1698560.0,58.42857142857143,31.0,1.2838878674801244,88532.0,0,200000.0
west,867246,1698560.0,58.42857142857143,31.0,1.2838878674801244,102322.0,0,200000.0
west,867246,1698560.0,58.42857142857143,31.0,1.2838878674801244,116665.0,0,200000.0
west,867246,1698560.0,58.42857142857143,31.0,1.2838878674801244,146397.0,0,200000.0
west,867246,1698560.0,58.42857142857143,31.0,1.2838878674801244,165446.0,0,200000.0
west,867246,1698560.0,58.42857142857143,31.0,1.2838878674801244,215921.0,0,200000.0
west,867246,1698560.0,58.42857142857143,31.0,1.2838878674801244,204845.0,0,193748.31350856344
west,867246,1698560.0,58.42857142857143,31.0,1.2838878674801244,222875.0,0,200000.0
south west,762428,1698560.0,58.42857142857143,31.0,1.2838878674801244,1047786.5,1,200000.0
south,893366,1698560.0,58.42857142857143,31.0,1.2838878674801244,11355.0,0,200000.0
south,893366,1698560.0,58.42857142857143,31.0,1.2838878674801244,16740.0,0,200000.0
south,893366,1698560.0,58.42857142857143,31.0,1.2838878674801244,24662.0,0,200000.0
south,893366,1698560.0,58.42857142857143,31.0,1.2838878674801244,34495.0,0,200000.0
south,893366,1698560.0,58.42857142857143,31.0,1.2838878674801244,47506.0,0,200000.0
south,893366,1698560.0,58.42857142857143,31.0,1.2838878674801244,45712.0,0,200000.0
south,893366,1698560.0,58.42857142857143,31.0,1.2838878674801244,61142.0,0,200000.0
south,893366,1698560.0,58.42857142857143,31.0,1.2838878674801244,73099.0,0,200000.0
south,893366,1698560.0,58.42857142857143,31.0,1.2838878674801244,82456.0,0,200000.0
south,893366,1698560.0,58.42857142857143,31.0,1.2838878674801244,95669.0,0,200000.0
south,893366,1698560.0,58.42857142857143,31.0,1.2838878674801244,104888.0,0,200000.0
south,893366,1698560.0,58.42857142857143,31.0,1.2838878674801244,130339.0,0,200000.0
south,893366,1698560.0,58.42857142857143,31.0,1.2838878674801244,127233.0,0,200000.0
south,893366,1698560.0,58.42857142857143,31.0,1.2838878674801244,157530.0,0,200000.0
south,893366,1698560.0,58.42857142857143,31.0,1.2838878674801244,188063.0,0,200000.0
south,893366,1698560.0,58.42857142857143,31.0,1.2838878674801244,238464.0,0,200000.0
south,893366,1698560.0,58.42857142857143,31.0,1.2838878674801244,281076.0,0,200000.0
south,893366,1698560.0,58.42857142857143,31.0,1.2838878674801244,391808.0,0,189955.97848115285
south,893366,1698560.0,58.42857142857143,31.0,1.2838878674801244,406488.0,0,200000.0
south,893366,1698560.0,58.42857142857143,31.0,1.2838878674801244,410951.0,0,200000.0
ganganagar,482435,1969520.0,80.0,31.0,1.4206349206349207,238689.0,0,157887.61671293358
ganganagar,482435,1969520.0,80.0,31.0,1.4206349206349207,316032.0,0,196241.63596893178
ganganagar,482435,1969520.0,80.0,31.0,1.4206349206349207,561084.0,0,116352.64579630186
hanumangarh,409855,1779650.0,58.42857142857143,29.0,1.5581151832460731,1047786.5,1,105201.9862198028
bikaner,496402,2367745.0,40.42857142857143,37.0,1.520241171403962,4005208.0,0,176653.81031594062
bikaner,496402,2367745.0,40.42857142857143,37.0,1.520241171403962,11656264.0,0,126962.28974394852
bikaner,496402,2367745.0,40.42857142857143,37.0,1.520241171403962,13694139.0,0,169296.22341470438
bikaner,496402,2367745.0,40.42857142857143,37.0,1.520241171403962,15580963.0,0,147363.83841780006
bikaner,496402,2367745.0,40.42857142857143,37.0,1.520241171403962,16072144.0,0,199658.94377190445
churu,452540,2041172.0,32.42857142857143,38.0,1.2250554323725056,1047786.5,1,131038.50769957913
jhunjhunun,554526,2139658.0,58.42857142857143,31.0,1.2838878674801244,1047786.5,1,174225.46069027268
alwar,822647,3671999.0,52.57142857142857,24.0,1.238841405508072,511188.0,0,200000.0
alwar,822647,3671999.0,52.57142857142857,24.0,1.238841405508072,700144.0,0,200000.0
alwar,822647,3671999.0,52.57142857142857,24.0,1.238841405508072,1024880.0,0,200000.0
alwar,822647,3671999.0,52.57142857142857,24.0,1.238841405508072,1532807.0,0,200000.0
alwar,822647,3671999.0,52.57142857142857,24.0,1.238841405508072,2791195.0,0,200000.0
alwar,822647,3671999.0,52.57142857142857,24.0,1.238841405508072,2451727.0,0,200000.0
alwar,822647,3671999.0,52.57142857142857,24.0,1.238841405508072,3359867.0,0,200000.0
alwar,822647,3671999.0,52.57142857142857,24.0,1.238841405508072,4269770.0,0,200000.0
alwar,822647,3671999.0,52.57142857142857,24.0,1.238841405508072,5046369.0,0,176306.92422693237
alwar,822647,3671999.0,52.57142857142857,24.0,1.238841405508072,5981709.0,0,174564.91272430276
alwar,822647,3671999.0,52.57142857142857,24.0,1.238841405508072,7995044.0,0,200000.0
alwar,822647,3671999.0,52.57142857142857,24.0,1.238841405508072,10874361.0,0,200000.0
alwar,822647,3671999.0,52.57142857142857,24.0,1.238841405508072,12041829.0,0,200000.0
alwar,822647,3671999.0,52.57142857142857,24.0,1.238841405508072,14291357.0,0,200000.0
alwar,822647,3671999.0,52.57142857142857,24.0,1.238841405508072,18956440.0,0,194409.18889682594
alwar,822647,3671999.0,52.57142857142857,24.0,1.238841405508072,23661509.0,0,200000.0
alwar,822647,3671999.0,52.57142857142857,24.0,1.238841405508072,27462202.0,0,200000.0
alwar,822647,3671999.0,52.57142857142857,24.0,1.238841405508072,31488094.0,0,200000.0
alwar,822647,3671999.0,52.57142857142857,24.0,1.238841405508072,35823235.0,0,200000.0
alwar,822647,3671999.0,52.57142857142857,24.0,1.238841405508072,38922404.0,0,200000.0
bharatpur,536959,2549121.0,37.285714285714285,25.0,1.2679394338380514,1047786.5,1,156861.40061612517
dhaulpur,247377,1207293.0,58.42857142857143,31.0,1.2838878674801244,1047786.5,1,72502.23490854658
karauli,273945,1458459.0,58.42857142857143,34.0,1.322974472807991,1047786.5,1,117923.48173253066
sawai madhopur,255564,1338114.0,58.42857142857143,27.0,1.260922330097087,1047786.5,1,94633.29011769223
dausa,341116,1637226.0,58.42857142857143,25.0,1.367012089810017,448286.0,0,78856.28569559564
dausa,341116,1637226.0,58.42857142857143,25.0,1.367012089810017,673282.0,0,126690.21929289111
dausa,341116,1637226.0,58.42857142857143,25.0,1.367012089810017,1370483.0,0,90487.71326695068
dausa,341116,1637226.0,58.42857142857143,25.0,1.367012089810017,1063146.0,0,87283.4979389155
dausa,341116,1637226.0,58.42857142857143,25.0,1.367012089810017,1428706.0,0,90549.91646602219
dausa,341116,1637226.0,58.42857142857143,25.0,1.367012089810017,1869433.0,0,126993.37333758792
dausa,341116,1637226.0,58.42857142857143,25.0,1.367012089810017,2290731.0,0,123037.71053766937
dausa,341116,1637226.0,58.42857142857143,25.0,1.367012089810017,2849821.0,0,120511.88914873947
dausa,341116,1637226.0,58.42857142857143,25.0,1.367012089810017,3552220.0,0,103313.08635955206
dausa,341116,1637226.0,58.42857142857143,25.0,1.367012089810017,4999310.0,0,79267.07044955084
dausa,341116,1637226.0,58.42857142857143,25.0,1.367012089810017,6410357.0,0,105035.74670178983
dausa,341116,1637226.0,58.42857142857143,25.0,1.367012089810017,8175162.0,0,97743.74885828063
dausa,341116,1637226.0,58.42857142857143,25.0,1.367012089810017,10142219.0,0,98443.27255720411
jaipur,1746172,6663971.0,81.42857142857143,26.0,1.2483429076447194,2417174.0,0,200000.0
jaipur,1746172,6663971.0,81.42857142857143,26.0,1.2483429076447194,3175255.0,0,200000.0
jaipur,1746172,6663971.0,81.42857142857143,26.0,1.2483429076447194,4954443.0,0,200000.0
jaipur,1746172,6663971.0,81.42857142857143,26.0,1.2483429076447194,7271209.0,0,200000.0
jaipur,1746172,6663971.0,81.42857142857143,26.0,1.2483429076447194,19178441.0,0,200000.0
jaipur,1746172,6663971.0,81.42857142857143,26.0,1.2483429076447194,27449382.0,0,200000.0
jaipur,1746172,6663971.0,81.42857142857143,26.0,1.2483429076447194,36334520.0,0,200000.0
jaipur,1746172,6663971.0,81.42857142857143,26.0,1.2483429076447194,44335592.0,0,200000.0
jaipur,1746172,6663971.0,81.42857142857143,26.0,1.2483429076447194,52623661.0,0,200000.0
jaipur,1746172,6663971.0,81.42857142857143,26.0,1.2483429076447194,43871862.0,0,200000.0
jaipur,1746172,6663971.0,81.42857142857143,26.0,1.2483429076447194,71797182.0,0,200000.0
jaipur,1746172,6663971.0,81.42857142857143,26.0,1.2483429076447194,82378485.0,0,200000.0
jaipur,1746172,6663971.0,81.42857142857143,26.0,1.2483429076447194,125917532.0,0,200000.0
jaipur,1746172,6663971.0,81.42857142857143,26.0,1.2483429076447194,137247139.0,0,200000.0
jaipur,1746172,6663971.0,81.42857142857143,26.0,1.2483429076447194,193839196.0,0,200000.0
jaipur,1746172,6663971.0,81.42857142857143,26.0,1.2483429076447194,231804892.0,0,200000.0
jaipur,1746172,6663971.0,81.42857142857143,26.0,1.2483429076447194,262950613.0,0,200000.0
jaipur,1746172,6663971.0,81.42857142857143,26.0,1.2483429076447194,314511010.0,0,200000.0
jaipur,1746172,6663971.0,81.42857142857143,26.0,1.2483429076447194,377469909.0,0,200000.0
jaipur,1746172,6663971.0,81.42857142857143,26.0,1.2483429076447194,404922774.0,0,200000.0
sikar,656842,2677737.0,38.57142857142857,33.0,1.2547876769358868,321709.0,0,200000.0
sikar,656842,2677737.0,38.57142857142857,33.0,1.2547876769358868,396177.0,0,177475.14951884656
sikar,656842,2677737.0,38.57142857142857,33.0,1.2547876769358868,478163.0,0,184923.19793336737
sikar,656842,2677737.0,38.57142857142857,33.0,1.2547876769358868,735428.0,0,200000.0
sikar,656842,2677737.0,38.57142857142857,33.0,1.2547876769358868,1310064.0,0,200000.0
sikar,656842,2677737.0,38.57142857142857,33.0,1.2547876769358868,1198479.0,0,196315.92153573906
sikar,656842,2677737.0,38.57142857142857,33.0,1.2547876769358868,1660524.0,0,164560.78046760225
sikar,656842,2677737.0,38.57142857142857,33.0,1.2547876769358868,2248784.0,0,168355.7407319633
sikar,656842,2677737.0,38.57142857142857,33.0,1.2547876769358868,2898431.0,0,170636.69110756088
sikar,656842,2677737.0,38.57142857142857,33.0,1.2547876769358868,3448263.0,0,195214.28533933166
sikar,656842,2677737.0,38.57142857142857,33.0,1.2547876769358868,4567655.0,0,200000.0
sikar,656842,2677737.0,38.57142857142857,33.0,1.2547876769358868,6635869.0,0,200000.0
sikar,656842,2677737.0,38.57142857142857,33.0,1.2547876769358868,7581768.0,0,177408.0795032283
sikar,656842,2677737.0,38.57142857142857,33.0,1.2547876769358868,8840543.0,0,184709.37937290155
sikar,656842,2677737.0,38.57142857142857,33.0,1.2547876769358868,12157675.0,0,171832.37252963008
sikar,656842,2677737.0,38.57142857142857,33.0,1.2547876769358868,14946567.0,0,199941.07228450058
sikar,656842,2677737.0,38.57142857142857,33.0,1.2547876769358868,16975662.0,0,162174.44410120134
sikar,656842,2677737.0,38.57142857142857,33.0,1.2547876769358868,19932783.0,0,200000.0
sikar,656842,2677737.0,38.57142857142857,33.0,1.2547876769358868,21334188.0,0,200000.0
sikar,656842,2677737.0,38.57142857142857,33.0,1.2547876769358868,23710055.0,0,166091.79179360863
nagaur,655874,3309234.0,36.285714285714285,33.0,1.208180708180708,226358.0,0,200000.0
nagaur,655874,3309234.0,36.285714285714285,33.0,1.208180708180708,304856.0,0,158273.65663776494
nagaur,655874,3309234.0,36.285714285714285,33.0,1.208180708180708,473481.0,0,194598.76575477916
nagaur,655874,3309234.0,36.285714285714285,33.0,1.208180708180708,1885285.0,0,188393.86006297637
nagaur,655874,3309234.0,36.285714285714285,33.0,1.208180708180708,2506689.0,0,185913.5918365754
nagaur,655874,3309234.0,36.285714285714285,33.0,1.208180708180708,3048026.0,0,179256.86157946597
nagaur,655874,3309234.0,36.285714285714285,33.0,1.208180708180708,4447471.0,0,175342.90852656128
nagaur,655874,3309234.0,36.285714285714285,33.0,1.208180708180708,4976059.0,0,124926.21446501081
nagaur,655874,3309234.0,36.285714285714285,33.0,1.208180708180708,6493229.0,0,122736.04032909454
nagaur,655874,3309234.0,36.285714285714285,33.0,1.208180708180708,8542495.0,0,165851.8794072876
nagaur,655874,3309234.0,36.285714285714285,33.0,1.208180708180708,10615952.0,0,196281.05568605853
nagaur,655874,3309234.0,36.285714285714285,33.0,1.208180708180708,12629151.0,0,184143.64381863133
nagaur,655874,3309234.0,36.285714285714285,33.0,1.208180708180708,14631304.0,0,187877.3920056216
nagaur,655874,3309234.0,36.285714285714285,33.0,1.208180708180708,17110682.0,0,183229.18329569098
nagaur,655874,3309234.0,36.285714285714285,33.0,1.208180708180708,20286836.0,0,162700.1531758523
jodhpur,765779,3685681.0,48.142857142857146,34.0,1.4974012474012477,317285.0,0,161870.38983133849
jodhpur,765779,3685681.0,48.142857142857146,34.0,1.4974012474012477,435868.0,0,198374.41182712518
jodhpur,765779,3685681.0,48.142857142857146,34.0,1.4974012474012477,570133.0,0,200000.0
jodhpur,765779,3685681.0,48.142857142857146,34.0,1.4974012474012477,854003.0,0,200000.0
jodhpur,765779,3685681.0,48.142857142857146,34.0,1.4974012474012477,1535328.0,0,175874.7985637213
jodhpur,765779,3685681.0,48.142857142857146,34.0,1.4974012474012477,1733269.0,0,200000.0
jodhpur,765779,3685681.0,48.142857142857146,34.0,1.4974012474012477,2465513.0,0,200000.0
jodhpur,765779,3685681.0,48.142857142857146,34.0,1.4974012474012477,3216115.0,0,193376.75554436803
jodhpur,765779,3685681.0,48.142857142857146,34.0,1.4974012474012477,3807384.0,0,200000.0
jodhpur,765779,3685681.0,48.142857142857146,34.0,1.4974012474012477,3972317.0,0,189412.45930204968
jodhpur,765779,3685681.0,48.142857142857146,34.0,1.4974012474012477,6262826.0,0,154491.69676982323
jodhpur,765779,3685681.0,48.142857142857146,34.0,1.4974012474012477,8568947.0,0,200000.0
jodhpur,765779,3685681.0,48.142857142857146,34.0,1.4974012474012477,11409882.0,0,200000.0
jodhpur,765779,3685681.0,48.142857142857146,34.0,1.4974012474012477,12941666.0,0,200000.0
jodhpur,765779,3685681.0,48.142857142857146,34.0,1.4974012474012477,19263957.0,0,194755.71337128564
jodhpur,765779,3685681.0,48.142857142857146,34.0,1.4974012474012477,23671637.0,0,177652.25977089096
jodhpur,765779,3685681.0,48.142857142857146,34.0,1.4974012474012477,27810577.0,0,194776.8799716813
jodhpur,765779,3685681.0,48.142857142857146,34.0,1.4974012474012477,31463295.0,0,200000.0
jodhpur,765779,3685681.0,48.142857142857146,34.0,1.4974012474012477,44177624.0,0,200000.0
jodhpur,765779,3685681.0,48.142857142857146,34.0,1.4974012474012477,65465040.0,0,200000.0
jaisalmer,98238,672008.0,70.71428571428571,46.0,1.5809523809523809,1047786.5,1,46330.6027331612
barmer,404861,2604453.0,23.571428571428573,41.0,1.4994951194883877,1047786.5,1,122898.71437470098
jalor,285659,1830151.0,58.42857142857143,31.0,1.2838878674801244,1047786.5,1,112802.31547033144
sirohi,166906,1037185.0,58.142857142857146,33.0,1.205940594059406,1047786.5,1,29038.660300480784
pali,418312,2038533.0,57.85714285714285,25.0,1.267175572519084,1047786.5,1,94567.26397030914
ajmer,600405,2584913.0,57.142857142857146,30.0,1.2001763668430334,224405.0,0,186448.571399936
ajmer,600405,2584913.0,57.142857142857146,30.0,1.2001763668430334,303419.0,0,151226.8165474151
ajmer,600405,2584913.0,57.142857142857146,30.0,1.2001763668430334,400284.0,0,147510.47134802752
ajmer,600405,2584913.0,57.142857142857146,30.0,1.2001763668430334,577840.0,0,149839.97816269778
ajmer,600405,2584913.0,57.142857142857146,30.0,1.2001763668430334,1030802.0,0,140230.15113185305
ajmer,600405,2584913.0,57.142857142857146,30.0,1.2001763668430334,1078977.0,0,200000.0
ajmer,600405,2584913.0,57.142857142857146,30.0,1.2001763668430334,1474810.0,0,170646.4993251491
ajmer,600405,2584913.0,57.142857142857146,30.0,1.2001763668430334,2025212.0,0,135631.0509352932
ajmer,600405,2584913.0,57.142857142857146,30.0,1.2001763668430334,2642400.0,0,200000.0
ajmer,600405,2584913.0,57.142857142857146,30.0,1.2001763668430334,2539677.0,0,173956.32048060058
ajmer,600405,2584913.0,57.142857142857146,30.0,1.2001763668430334,3910137.0,0,200000.0
ajmer,600405,2584913.0,57.142857142857146,30.0,1.2001763668430334,5843422.0,0,159782.56234839902
ajmer,600405,2584913.0,57.142857142857146,30.0,1.2001763668430334,7053995.0,0,188560.47068097437
ajmer,600405,2584913.0,57.142857142857146,30.0,1.2001763668430334,7863986.0,0,183630.6959168593
ajmer,600405,2584913.0,57.142857142857146,30.0,1.2001763668430334,12039695.0,0,200000.0
ajmer,600405,2584913.0,57.142857142857146,30.0,1.2001763668430334,15049250.0,0,173037.43558826376
ajmer,600405,2584913.0,57.142857142857146,30.0,1.2001763668430334,17973292.0,0,155970.6360061581
ajmer,600405,2584913.0,57.142857142857146,30.0,1.2001763668430334,20900496.0,0,167912.2710053953
ajmer,600405,2584913.0,57.142857142857146,30.0,1.2001763668430334,28082495.0,0,194746.0225720727
ajmer,600405,2584913.0,57.142857142857146,30.0,1.2001763668430334,27641155.0,0,103822.07375855134
tonk,271330,1421711.0,57.57142857142857,33.0,1.3321947053800172,1047786.5,1,30504.425307213016
bundi,213339,1113725.0,47.57142857142857,24.0,1.2480181200453002,1047786.5,1,44808.77681588758
bhilwara,478544,2410459.0,60.42857142857143,35.0,1.3037114479874543,305744.0,0,157872.9049259819
bhilwara,478544,2410459.0,60.42857142857143,35.0,1.3037114479874543,379750.0,0,88046.20391964374
bhilwara,478544,2410459.0,60.42857142857143,35.0,1.3037114479874543,544999.0,0,124746.37178334646
bhilwara,478544,2410459.0,60.42857142857143,35.0,1.3037114479874543,781679.0,0,155968.56041190756
bhilwara,478544,2410459.0,60.42857142857143,35.0,1.3037114479874543,1615975.0,0,161904.26162254234
bhilwara,478544,2410459.0,60.42857142857143,35.0,1.3037114479874543,1359790.0,0,158894.6188522525
bhilwara,478544,2410459.0,60.42857142857143,35.0,1.3037114479874543,1993704.0,0,149341.00512935553
bhilwara,478544,2410459.0,60.42857142857143,35.0,1.3037114479874543,2464660.0,0,155875.43255610153
bhilwara,478544,2410459.0,60.42857142857143,35.0,1.3037114479874543,2976581.0,0,138171.1482120337
bhilwara,478544,2410459.0,60.42857142857143,35.0,1.3037114479874543,3144077.0,0,155639.71789434727
bhilwara,478544,2410459.0,60.42857142857143,35.0,1.3037114479874543,4656173.0,0,116879.278913112
bhilwara,478544,2410459.0,60.42857142857143,35.0,1.3037114479874543,6669204.0,0,126555.84883205034
bhilwara,478544,2410459.0,60.42857142857143,35.0,1.3037114479874543,7672484.0,0,135384.7219216268
bhilwara,478544,2410459.0,60.42857142857143,35.0,1.3037114479874543,8735150.0,0,146583.8734108014
bhilwara,478544,2410459.0,60.42857142857143,35.0,1.3037114479874543,12558408.0,0,145352.5528029127
bhilwara,478544,2410459.0,60.42857142857143,35.0,1.3037114479874543,15373212.0,0,134437.00102040582
bhilwara,478544,2410459.0,60.42857142857143,35.0,1.3037114479874543,18219742.0,0,153923.313763145
bhilwara,478544,2410459.0,60.42857142857143,35.0,1.3037114479874543,20131391.0,0,139026.47580423372
bhilwara,478544,2410459.0,60.42857142857143,35.0,1.3037114479874543,22210445.0,0,140934.02254109047
bhilwara,478544,2410459.0,60.42857142857143,35.0,1.3037114479874543,27720484.0,0,141236.53965542564
rajsamand,235805,1158283.0,58.42857142857143,39.0,1.247460757156048,1047786.5,1,87708.27023488321
dungarpur,265771,1388906.0,30.714285714285715,51.0,1.2450787401574803,1047786.5,1,132348.91193522845
banswara,315489,1798194.0,28.571428571428573,47.0,1.4814814814814814,1047786.5,1,123255.56643859447
chittaurgarh,306974,1544392.0,58.42857142857143,31.0,1.2838878674801244,1047786.5,1,100836.51457559943
kota,532949,1950491.0,74.0,32.0,1.2621247113163971,317338.0,0,189556.677654257
kota,532949,1950491.0,74.0,32.0,1.2621247113163971,397475.0,0,170970.35787276475
kota,532949,1950491.0,74.0,32.0,1.2621247113163971,582519.0,0,155159.65406486913
kota,532949,1950491.0,74.0,32.0,1.2621247113163971,831676.0,0,156065.83260932335
kota,532949,1950491.0,74.0,32.0,1.2621247113163971,1748396.0,0,161696.72723848524
kota,532949,1950491.0,74.0,32.0,1.2621247113163971,1571917.0,0,140494.23598692915
kota,532949,1950491.0,74.0,32.0,1.2621247113163971,2435542.0,0,175967.26212574862
kota,532949,1950491.0,74.0,32.0,1.2621247113163971,2899819.0,0,169998.87153999438
kota,532949,1950491.0,74.0,32.0,1.2621247113163971,3282916.0,0,135524.96232683113
kota,532949,1950491.0,74.0,32.0,1.2621247113163971,2674020.0,0,176284.56515596522
kota,532949,1950491.0,74.0,32.0,1.2621247113163971,4442791.0,0,196952.09027983237
kota,532949,1950491.0,74.0,32.0,1.2621247113163971,6392503.0,0,132645.76053079125
kota,532949,1950491.0,74.0,32.0,1.2621247113163971,9133910.0,0,131269.92502316533
kota,532949,1950491.0,74.0,32.0,1.2621247113163971,9960676.0,0,135852.8006453299
kota,532949,1950491.0,74.0,32.0,1.2621247113163971,13858632.0,0,168621.0657433792
kota,532949,1950491.0,74.0,32.0,1.2621247113163971,14912645.0,0,144357.3099541538
kota,532949,1950491.0,74.0,32.0,1.2621247113163971,19207151.0,0,183202.4568747841
kota,532949,1950491.0,74.0,32.0,1.2621247113163971,22930803.0,0,91179.74538324516
kota,532949,1950491.0,74.0,32.0,1.2621247113163971,22439613.0,0,187690.9371370691
kota,532949,1950491.0,74.0,32.0,1.2621247113163971,26571402.0,0,112201.62266817366
baran,260700,1223921.0,58.42857142857143,32.0,1.3417207792207793,1047786.5,1,111016.90057748868
jhalawar,272977,1411327.0,43.142857142857146,43.0,1.361008610086101,1047786.5,1,82936.15993779823
udaipur,609185,3067549.0,58.42857142857143,39.0,1.369042930287515,224103.0,0,157923.6481148351
udaipur,609185,3067549.0,58.42857142857143,39.0,1.369042930287515,291907.0,0,200000.0
udaipur,609185,3067549.0,58.42857142857143,39.0,1.369042930287515,417509.0,0,154259.65473515601
udaipur,609185,3067549.0,58.42857142857143,39.0,1.369042930287515,606049.0,0,173385.01026884586
udaipur,609185,3067549.0,58.42857142857143,39.0,1.369042930287515,998792.0,0,156559.32104822656
udaipur,609185,3067549.0,58.42857142857143,39.0,1.369042930287515,1007076.0,0,153211.78508907356
udaipur,609185,3067549.0,58.42857142857143,39.0,1.369042930287515,1643482.0,0,193015.12071177442
udaipur,609185,3067549.0,58.42857142857143,39.0,1.369042930287515,2311396.0,0,161045.75689324577
udaipur,609185,3067549.0,58.42857142857143,39.0,1.369042930287515,2735381.0,0,158732.42424048216
udaipur,609185,3067549.0,58.42857142857143,39.0,1.369042930287515,2293910.0,0,192424.4541837959
udaipur,609185,3067549.0,58.42857142857143,39.0,1.369042930287515,3836995.0,0,200000.0
udaipur,609185,3067549.0,58.42857142857143,39.0,1.369042930287515,5631994.0,0,179528.72538133356
udaipur,609185,3067549.0,58.42857142857143,39.0,1.369042930287515,6826421.0,0,144039.2433281632
udaipur,609185,3067549.0,58.42857142857143,39.0,1.369042930287515,6280736.0,0,149981.62894071953
udaipur,609185,3067549.0,58.42857142857143,39.0,1.369042930287515,10000681.0,0,143357.51691021075
udaipur,609185,3067549.0,58.42857142857143,39.0,1.369042930287515,12082286.0,0,200000.0
udaipur,609185,3067549.0,58.42857142857143,39.0,1.369042930287515,13527713.0,0,162599.00196876522
udaipur,609185,3067549.0,58.42857142857143,39.0,1.369042930287515,15896129.0,0,200000.0
udaipur,609185,3067549.0,58.42857142857143,39.0,1.369042930287515,17437737.0,0,200000.0
udaipur,609185,3067549.0,58.42857142857143,39.0,1.369042930287515,26954261.0,0,124314.8767328506
pratapgarh,151393,3173752.0,18.857142857142858,48.0,1.2875857766687462,1047786.5,1,71671.52888931223
pratapgarh,151393,3173752.0,18.857142857142858,38.0,1.2875857766687462,1047786.5,1,74618.95535264163
saharanpur,856994,3464228.0,47.71428571428572,20.0,1.242212333121424,1047786.5,1,200000.0
muzaffarnagar,968811,4138605.0,45.142857142857146,29.0,1.2223796033994334,1047786.5,1,200000.0
bijnor,893922,3683896.0,39.71428571428572,20.0,1.3507014028056112,19251587.0,0,200000.0
moradabad,906413,4773138.0,38.42857142857143,30.0,1.210260723296888,15532268.0,0,200000.0
rampur,413258,2335398.0,24.142857142857142,34.0,1.136480686695279,1047786.5,1,139057.08280776418
jyotiba phule nagar,382569,1838771.0,58.42857142857143,31.0,1.2838878674801244,1047786.5,1,70363.87266634908
meerut,886968,3447405.0,67.42857142857143,32.0,1.0970266040688577,267015.0,0,200000.0
meerut,886968,3447405.0,67.42857142857143,32.0,1.0970266040688577,374625.0,0,200000.0
meerut,886968,3447405.0,67.42857142857143,32.0,1.0970266040688577,700099.0,0,200000.0
meerut,886968,3447405.0,67.42857142857143,32.0,1.0970266040688577,1120213.0,0,192092.86755564195
meerut,886968,3447405.0,67.42857142857143,32.0,1.0970266040688577,1123899.0,0,200000.0
meerut,886968,3447405.0,67.42857142857143,32.0,1.0970266040688577,1429176.0,0,200000.0
meerut,886968,3447405.0,67.42857142857143,32.0,1.0970266040688577,1820166.0,0,200000.0
meerut,886968,3447405.0,67.42857142857143,32.0,1.0970266040688577,2734403.0,0,200000.0
meerut,886968,3447405.0,67.42857142857143,32.0,1.0970266040688577,2994911.0,0,200000.0
meerut,886968,3447405.0,67.42857142857143,32.0,1.0970266040688577,3739519.0,0,200000.0
meerut,886968,3447405.0,67.42857142857143,32.0,1.0970266040688577,5063989.0,0,200000.0
meerut,886968,3447405.0,67.42857142857143,32.0,1.0970266040688577,6883062.0,0,200000.0
meerut,886968,3447405.0,67.42857142857143,32.0,1.0970266040688577,8599202.0,0,200000.0
meerut,886968,3447405.0,67.42857142857143,32.0,1.0970266040688577,11446543.0,0,200000.0
meerut,886968,3447405.0,67.42857142857143,32.0,1.0970266040688577,15531638.0,0,200000.0
meerut,886968,3447405.0,67.42857142857143,32.0,1.0970266040688577,17966278.0,0,200000.0
meerut,886968,3447405.0,67.42857142857143,32.0,1.0970266040688577,22419976.0,0,200000.0
meerut,886968,3447405.0,67.42857142857143,32.0,1.0970266040688577,25631216.0,0,200000.0
meerut,886968,3447405.0,67.42857142857143,32.0,1.0970266040688577,30761564.0,0,200000.0
baghpat,308112,1302156.0,58.42857142857143,17.0,1.1396103896103895,1047786.5,1,127758.53942841562
ghaziabad,1311867,4661452.0,58.42857142857143,12.0,1.066326530612245,751503.0,0,200000.0
ghaziabad,1311867,4661452.0,58.42857142857143,12.0,1.066326530612245,1034409.0,0,200000.0
ghaziabad,1311867,4661452.0,58.42857142857143,12.0,1.066326530612245,1537030.0,0,200000.0
ghaziabad,1311867,4661452.0,58.42857142857143,12.0,1.066326530612245,2891774.0,0,200000.0
ghaziabad,1311867,4661452.0,58.42857142857143,12.0,1.066326530612245,4604564.0,0,200000.0
ghaziabad,1311867,4661452.0,58.42857142857143,12.0,1.066326530612245,4679159.0,0,200000.0
ghaziabad,1311867,4661452.0,58.42857142857143,12.0,1.066326530612245,6466390.0,0,200000.0
ghaziabad,1311867,4661452.0,58.42857142857143,12.0,1.066326530612245,7615506.0,0,200000.0
ghaziabad,1311867,4661452.0,58.42857142857143,12.0,1.066326530612245,8267770.0,0,200000.0
ghaziabad,1311867,4661452.0,58.42857142857143,12.0,1.066326530612245,7640595.0,0,200000.0
ghaziabad,1311867,4661452.0,58.42857142857143,12.0,1.066326530612245,10353511.0,0,200000.0
ghaziabad,1311867,4661452.0,58.42857142857143,12.0,1.066326530612245,15220234.0,0,200000.0
ghaziabad,1311867,4661452.0,58.42857142857143,12.0,1.066326530612245,16400075.0,0,200000.0
ghaziabad,1311867,4661452.0,58.42857142857143,12.0,1.066326530612245,16797842.0,0,200000.0
ghaziabad,1311867,4661452.0,58.42857142857143,12.0,1.066326530612245,22358776.0,0,200000.0
ghaziabad,1311867,4661452.0,58.42857142857143,12.0,1.066326530612245,27945576.0,0,200000.0
ghaziabad,1311867,4661452.0,58.42857142857143,12.0,1.066326530612245,30948888.0,0,200000.0
ghaziabad,1311867,4661452.0,58.42857142857143,12.0,1.066326530612245,37739024.0,0,200000.0
ghaziabad,1311867,4661452.0,58.42857142857143,12.0,1.066326530612245,41898334.0,0,200000.0
ghaziabad,1311867,4661452.0,58.42857142857143,12.0,1.066326530612245,48195051.0,0,200000.0
gautam buddha nagar,456882,1674714.0,58.42857142857143,12.0,1.0192307692307692,1387567.0,0,106865.02881515319
gautam buddha nagar,456882,1674714.0,58.42857142857143,12.0,1.0192307692307692,1942298.0,0,149762.87634989753
gautam buddha nagar,456882,1674714.0,58.42857142857143,12.0,1.0192307692307692,3256802.0,0,168888.83940952338
gautam buddha nagar,456882,1674714.0,58.42857142857143,12.0,1.0192307692307692,6083056.0,0,115131.44112803605
gautam buddha nagar,456882,1674714.0,58.42857142857143,12.0,1.0192307692307692,10750094.0,0,126758.5051207515
gautam buddha nagar,456882,1674714.0,58.42857142857143,12.0,1.0192307692307692,9667218.0,0,166571.22261757977
gautam buddha nagar,456882,1674714.0,58.42857142857143,12.0,1.0192307692307692,13014875.0,0,138894.61849954186
gautam buddha nagar,456882,1674714.0,58.42857142857143,12.0,1.0192307692307692,16003102.0,0,122450.84418296153
gautam buddha nagar,456882,1674714.0,58.42857142857143,12.0,1.0192307692307692,16781339.0,0,147951.2774051799
gautam buddha nagar,456882,1674714.0,58.42857142857143,12.0,1.0192307692307692,10896512.0,0,137809.74277173664
gautam buddha nagar,456882,1674714.0,58.42857142857143,12.0,1.0192307692307692,17085582.0,0,127058.86020473801
gautam buddha nagar,456882,1674714.0,58.42857142857143,12.0,1.0192307692307692,26875484.0,0,129394.78794953664
gautam buddha nagar,456882,1674714.0,58.42857142857143,12.0,1.0192307692307692,31352951.0,0,152960.17448555055
gautam buddha nagar,456882,1674714.0,58.42857142857143,12.0,1.0192307692307692,29169349.0,0,129443.32011349559
gautam buddha nagar,456882,1674714.0,58.42857142857143,12.0,1.0192307692307692,41878965.0,0,152624.00362931454
gautam buddha nagar,456882,1674714.0,58.42857142857143,12.0,1.0192307692307692,52546170.0,0,109990.88071532465
gautam buddha nagar,456882,1674714.0,58.42857142857143,12.0,1.0192307692307692,58229149.0,0,121351.3063584803
gautam buddha nagar,456882,1674714.0,58.42857142857143,12.0,1.0192307692307692,74160647.0,0,127104.2409924369
gautam buddha nagar,456882,1674714.0,58.42857142857143,12.0,1.0192307692307692,87799548.0,0,135173.43550907212
gautam buddha nagar,456882,1674714.0,58.42857142857143,12.0,1.0192307692307692,90864471.0,0,128860.50225525636
bulandshahr,778342,3498507.0,58.42857142857143,25.0,1.1484751203852328,1047786.5,1,200000.0
aligarh,809187,3673849.0,34.285714285714285,27.0,1.234790059982862,1873486.0,0,193680.36405647447
aligarh,809187,3673849.0,34.285714285714285,27.0,1.234790059982862,2172376.0,0,200000.0
aligarh,809187,3673849.0,34.285714285714285,27.0,1.234790059982862,3179237.0,0,200000.0
aligarh,809187,3673849.0,34.285714285714285,27.0,1.234790059982862,3639658.0,0,200000.0
aligarh,809187,3673849.0,34.285714285714285,27.0,1.234790059982862,4566809.0,0,200000.0
aligarh,809187,3673849.0,34.285714285714285,27.0,1.234790059982862,5783351.0,0,200000.0
aligarh,809187,3673849.0,34.285714285714285,27.0,1.234790059982862,7765317.0,0,200000.0
aligarh,809187,3673849.0,34.285714285714285,27.0,1.234790059982862,9297702.0,0,200000.0
aligarh,809187,3673849.0,34.285714285714285,27.0,1.234790059982862,11491914.0,0,200000.0
aligarh,809187,3673849.0,34.285714285714285,27.0,1.234790059982862,14106419.0,0,200000.0
aligarh,809187,3673849.0,34.285714285714285,27.0,1.234790059982862,18387697.0,0,200000.0
mahamaya nagar,363415,1698560.0,58.42857142857143,31.0,1.2838878674801244,1047786.5,1,153562.5088042589
mathura,564400,2541894.0,45.142857142857146,31.0,1.1864406779661016,1047786.5,1,118458.31684940052
agra,1065916,4380793.0,49.57142857142857,40.0,1.134819532908705,298049.0,0,200000.0
agra,1065916,4380793.0,49.57142857142857,40.0,1.134819532908705,401983.0,0,200000.0
agra,1065916,4380793.0,49.57142857142857,40.0,1.134819532908705,705927.0,0,200000.0
agra,1065916,4380793.0,49.57142857142857,40.0,1.134819532908705,1055850.0,0,200000.0
agra,1065916,4380793.0,49.57142857142857,40.0,1.134819532908705,1094456.0,0,200000.0
agra,1065916,4380793.0,49.57142857142857,40.0,1.134819532908705,1678565.0,0,200000.0
agra,1065916,4380793.0,49.57142857142857,40.0,1.134819532908705,1992945.0,0,200000.0
agra,1065916,4380793.0,49.57142857142857,40.0,1.134819532908705,2580164.0,0,200000.0
agra,1065916,4380793.0,49.57142857142857,40.0,1.134819532908705,2837641.0,0,200000.0
agra,1065916,4380793.0,49.57142857142857,40.0,1.134819532908705,3402430.0,0,200000.0
agra,1065916,4380793.0,49.57142857142857,40.0,1.134819532908705,5121332.0,0,200000.0
agra,1065916,4380793.0,49.57142857142857,40.0,1.134819532908705,5773733.0,0,200000.0
agra,1065916,4380793.0,49.57142857142857,40.0,1.134819532908705,6542679.0,0,200000.0
agra,1065916,4380793.0,49.57142857142857,40.0,1.134819532908705,8882859.0,0,200000.0
agra,1065916,4380793.0,49.57142857142857,40.0,1.134819532908705,11675242.0,0,200000.0
agra,1065916,4380793.0,49.57142857142857,40.0,1.134819532908705,14010919.0,0,200000.0
agra,1065916,4380793.0,49.57142857142857,40.0,1.134819532908705,17306092.0,0,200000.0
agra,1065916,4380793.0,49.57142857142857,40.0,1.134819532908705,26751663.0,0,200000.0
agra,1065916,4380793.0,49.57142857142857,40.0,1.134819532908705,27454413.0,0,200000.0
firozabad,609492,2496761.0,58.42857142857143,38.0,1.114321608040201,1047786.5,1,200000.0
mainpuri,491775,1847194.0,23.571428571428573,35.0,1.126658624849216,1047786.5,1,120916.9397656391
budaun,560976,3712738.0,27.0,28.0,1.230310262529833,1047786.5,1,118390.34267404364
bareilly,849062,4465344.0,28.714285714285715,26.0,1.1848114710568245,306561.0,0,200000.0
bareilly,849062,4465344.0,28.714285714285715,26.0,1.1848114710568245,385460.0,0,200000.0
bareilly,849062,4465344.0,28.714285714285715,26.0,1.1848114710568245,530401.0,0,200000.0
bareilly,849062,4465344.0,28.714285714285715,26.0,1.1848114710568245,797506.0,0,200000.0
bareilly,849062,4465344.0,28.714285714285715,26.0,1.1848114710568245,1150731.0,0,200000.0
bareilly,849062,4465344.0,28.714285714285715,26.0,1.1848114710568245,893059.0,0,200000.0
bareilly,849062,4465344.0,28.714285714285715,26.0,1.1848114710568245,1164660.0,0,200000.0
bareilly,849062,4465344.0,28.714285714285715,26.0,1.1848114710568245,1342436.0,0,200000.0
bareilly,849062,4465344.0,28.714285714285715,26.0,1.1848114710568245,1552726.0,0,200000.0
pilibhit,406805,2037225.0,30.714285714285715,27.0,1.2560721721027064,1047786.5,1,99020.27010193218
shahjahanpur,575788,3002376.0,30.428571428571427,27.0,1.2705932565087494,1047786.5,1,121121.45538871677
kheri,796887,4013634.0,20.714285714285715,33.0,1.2420382165605095,588144.0,0,200000.0
sitapur,886031,4474446.0,20.285714285714285,36.0,1.151866151866152,1244942.0,0,200000.0
hardoi,847014,4091380.0,21.0,35.0,1.2117988394584138,1047786.5,1,200000.0
unnao,720521,3110595.0,24.714285714285715,35.0,1.170814479638009,1047786.5,1,200000.0
lucknow,1384820,4588455.0,65.85714285714286,28.0,1.0744416873449132,949749.0,0,200000.0
lucknow,1384820,4588455.0,65.85714285714286,28.0,1.0744416873449132,1289613.0,0,200000.0
lucknow,1384820,4588455.0,65.85714285714286,28.0,1.0744416873449132,1745149.0,0,200000.0
lucknow,1384820,4588455.0,65.85714285714286,28.0,1.0744416873449132,2611582.0,0,200000.0
lucknow,1384820,4588455.0,65.85714285714286,28.0,1.0744416873449132,6724967.0,0,200000.0
lucknow,1384820,4588455.0,65.85714285714286,28.0,1.0744416873449132,12624404.0,0,200000.0
lucknow,1384820,4588455.0,65.85714285714286,28.0,1.0744416873449132,11708246.0,0,200000.0
lucknow,1384820,4588455.0,65.85714285714286,28.0,1.0744416873449132,14205324.0,0,200000.0
lucknow,1384820,4588455.0,65.85714285714286,28.0,1.0744416873449132,15484604.0,0,200000.0
lucknow,1384820,4588455.0,65.85714285714286,28.0,1.0744416873449132,12430842.0,0,200000.0
lucknow,1384820,4588455.0,65.85714285714286,28.0,1.0744416873449132,18626637.0,0,200000.0
lucknow,1384820,4588455.0,65.85714285714286,28.0,1.0744416873449132,21791125.0,0,200000.0
lucknow,1384820,4588455.0,65.85714285714286,28.0,1.0744416873449132,35616880.0,0,200000.0
lucknow,1384820,4588455.0,65.85714285714286,28.0,1.0744416873449132,41241215.0,0,200000.0
lucknow,1384820,4588455.0,65.85714285714286,28.0,1.0744416873449132,51055467.0,0,200000.0
lucknow,1384820,4588455.0,65.85714285714286,28.0,1.0744416873449132,67415795.0,0,200000.0
lucknow,1384820,4588455.0,65.85714285714286,28.0,1.0744416873449132,79740953.0,0,200000.0
lucknow,1384820,4588455.0,65.85714285714286,28.0,1.0744416873449132,102123625.0,0,200000.0
lucknow,1384820,4588455.0,65.85714285714286,28.0,1.0744416873449132,103532277.0,0,200000.0
lucknow,1384820,4588455.0,65.85714285714286,28.0,1.0744416873449132,142292419.0,0,200000.0
rae bareli,799878,3404004.0,58.42857142857143,28.0,1.244910941475827,1047786.5,1,200000.0
farrukhabad,437850,1887577.0,25.285714285714285,33.0,1.2232232232232232,1047786.5,1,131910.51177431768
kannauj,413491,1658005.0,58.42857142857143,31.0,1.1307471264367817,1047786.5,1,169224.51501044448
etawah,438420,1579160.0,29.857142857142858,30.0,1.2196531791907514,1047786.5,1,125992.53841648131
auraiya,384638,1372287.0,58.42857142857143,30.0,1.1841794569067297,1047786.5,1,102158.5333401588
kanpur dehat,477279,1795092.0,58.42857142857143,28.0,1.1920398009950248,1047786.5,1,118655.74352885444
kanpur nagar,1413843,4572951.0,58.42857142857143,29.0,1.199604743083004,493390.0,0,200000.0
kanpur nagar,1413843,4572951.0,58.42857142857143,29.0,1.199604743083004,675908.0,0,200000.0
kanpur nagar,1413843,4572951.0,58.42857142857143,29.0,1.199604743083004,884952.0,0,200000.0
kanpur nagar,1413843,4572951.0,58.42857142857143,29.0,1.199604743083004,1254123.0,0,200000.0
kanpur nagar,1413843,4572951.0,58.42857142857143,29.0,1.199604743083004,2045370.0,0,200000.0
kanpur nagar,1413843,4572951.0,58.42857142857143,29.0,1.199604743083004,2572884.0,0,200000.0
kanpur nagar,1413843,4572951.0,58.42857142857143,29.0,1.199604743083004,3032525.0,0,200000.0
kanpur nagar,1413843,4572951.0,58.42857142857143,29.0,1.199604743083004,3438636.0,0,200000.0
kanpur nagar,1413843,4572951.0,58.42857142857143,29.0,1.199604743083004,3526062.0,0,200000.0
kanpur nagar,1413843,4572951.0,58.42857142857143,29.0,1.199604743083004,3495087.0,0,200000.0
kanpur nagar,1413843,4572951.0,58.42857142857143,29.0,1.199604743083004,4224357.0,0,200000.0
kanpur nagar,1413843,4572951.0,58.42857142857143,29.0,1.199604743083004,6052576.0,0,200000.0
kanpur nagar,1413843,4572951.0,58.42857142857143,29.0,1.199604743083004,6948497.0,0,200000.0
kanpur nagar,1413843,4572951.0,58.42857142857143,29.0,1.199604743083004,7585841.0,0,200000.0
kanpur nagar,1413843,4572951.0,58.42857142857143,29.0,1.199604743083004,9924366.0,0,200000.0
kanpur nagar,1413843,4572951.0,58.42857142857143,29.0,1.199604743083004,13055831.0,0,200000.0
kanpur nagar,1413843,4572951.0,58.42857142857143,29.0,1.199604743083004,14902263.0,0,200000.0
kanpur nagar,1413843,4572951.0,58.42857142857143,29.0,1.199604743083004,18142630.0,0,200000.0
kanpur nagar,1413843,4572951.0,58.42857142857143,29.0,1.199604743083004,26593070.0,0,200000.0
kanpur nagar,1413843,4572951.0,58.42857142857143,29.0,1.199604743083004,34663083.0,0,200000.0
jalaun,421766,1670718.0,25.714285714285715,45.0,1.2683982683982684,1047786.5,1,196353.0904882615
jhansi,520808,2000755.0,46.0,48.0,1.1814516129032258,1047786.5,1,128816.67686543551
lalitpur,243605,1218002.0,58.42857142857143,36.0,1.243351063829787,1047786.5,1,107041.23367894112
hamirpur,245174,1698560.0,25.0,23.0,1.1986175115207374,32709.0,0,111913.35850928779
hamirpur,245174,1698560.0,25.0,23.0,1.1986175115207374,41507.0,0,87910.20915103762
hamirpur,245174,1698560.0,25.0,23.0,1.1986175115207374,58022.0,0,85484.14504940913
hamirpur,245174,1698560.0,25.0,23.0,1.1986175115207374,76300.0,0,115256.98320989961
hamirpur,245174,1698560.0,25.0,23.0,1.1986175115207374,126323.0,0,70451.22427097124
hamirpur,245174,1698560.0,25.0,23.0,1.1986175115207374,150149.0,0,72257.82712379581
hamirpur,245174,1698560.0,25.0,23.0,1.1986175115207374,187716.0,0,76786.09123407472
hamirpur,245174,1698560.0,25.0,23.0,1.1986175115207374,258323.0,0,63539.1498457568
hamirpur,245174,1698560.0,25.0,23.0,1.1986175115207374,247878.0,0,41511.38613361894
hamirpur,245174,1698560.0,25.0,23.0,1.1986175115207374,283099.0,0,95808.43631246268
hamirpur,245174,1698560.0,25.0,23.0,1.1986175115207374,330684.0,0,99716.29284697176
hamirpur,245174,1698560.0,25.0,23.0,1.1986175115207374,431123.0,0,87816.53963563294
hamirpur,245174,1698560.0,25.0,23.0,1.1986175115207374,416499.0,0,92861.47944141972
hamirpur,245174,1698560.0,25.0,23.0,1.1986175115207374,551934.0,0,73034.9535597447
hamirpur,245174,1698560.0,25.0,23.0,1.1986175115207374,626711.0,0,131279.8382919744
hamirpur,245174,1698560.0,25.0,23.0,1.1986175115207374,717321.0,0,98259.96855433474
hamirpur,245174,1698560.0,25.0,23.0,1.1986175115207374,751389.0,0,92593.34109731221
hamirpur,245174,1698560.0,25.0,23.0,1.1986175115207374,1002506.0,0,85024.5757429107
hamirpur,245174,1698560.0,25.0,23.0,1.1986175115207374,934529.0,0,46235.21463055063
hamirpur,245174,1698560.0,25.0,23.0,1.1986175115207374,1161191.0,0,75365.28690508392
hamirpur,245174,1698560.0,25.0,42.0,1.1986175115207374,32709.0,0,54223.414111867736
hamirpur,245174,1698560.0,25.0,42.0,1.1986175115207374,41507.0,0,117087.83444356406
hamirpur,245174,1698560.0,25.0,42.0,1.1986175115207374,58022.0,0,43840.45715906634
hamirpur,245174,1698560.0,25.0,42.0,1.1986175115207374,76300.0,0,90722.65368038682
hamirpur,245174,1698560.0,25.0,42.0,1.1986175115207374,126323.0,0,69894.92670338495
hamirpur,245174,1698560.0,25.0,42.0,1.1986175115207374,150149.0,0,86190.03871329197
hamirpur,245174,1698560.0,25.0,42.0,1.1986175115207374,187716.0,0,120909.00784022268
hamirpur,245174,1698560.0,25.0,42.0,1.1986175115207374,258323.0,0,103061.8987587794
hamirpur,245174,1698560.0,25.0,42.0,1.1986175115207374,247878.0,0,93800.69803660852
hamirpur,245174,1698560.0,25.0,42.0,1.1986175115207374,283099.0,0,72798.72410148253
hamirpur,245174,1698560.0,25.0,42.0,1.1986175115207374,330684.0,0,83052.81601875527
hamirpur,245174,1698560.0,25.0,42.0,1.1986175115207374,431123.0,0,21833.35993904363
hamirpur,245174,1698560.0,25.0,42.0,1.1986175115207374,416499.0,0,63108.43339511241
hamirpur,245174,1698560.0,25.0,42.0,1.1986175115207374,551934.0,0,69442.35862544121
hamirpur,245174,1698560.0,25.0,42.0,1.1986175115207374,626711.0,0,79072.5978198781
hamirpur,245174,1698560.0,25.0,42.0,1.1986175115207374,717321.0,0,89592.81383828452
hamirpur,245174,1698560.0,25.0,42.0,1.1986175115207374,751389.0,0,62285.22105157524
hamirpur,245174,1698560.0,25.0,42.0,1.1986175115207374,1002506.0,0,21639.256236431072
hamirpur,245174,1698560.0,25.0,42.0,1.1986175115207374,934529.0,0,88805.21609774343
hamirpur,245174,1698560.0,25.0,42.0,1.1986175115207374,1161191.0,0,120196.22269167761
mahoba,185823,876055.0,58.42857142857143,43.0,1.0758620689655172,1047786.5,1,68403.3406349911
banda,372311,1799541.0,20.714285714285715,37.0,1.1378299120234605,1047786.5,1,61841.11309359501
chitrakoot,200733,990626.0,58.42857142857143,36.0,1.1896243291592128,1047786.5,1,78352.23933195861
fatehpur,601163,2632684.0,21.142857142857142,35.0,1.246530072703239,1047786.5,1,129741.09797191017
pratapgarh,810178,3173752.0,18.857142857142858,48.0,1.2875857766687462,1047786.5,1,200000.0
pratapgarh,810178,3173752.0,18.857142857142858,38.0,1.2875857766687462,1047786.5,1,200000.0
kaushambi,306145,1596909.0,58.42857142857143,32.0,1.1717791411042944,1047786.5,1,80089.07910349294
allahabad,1466387,5959798.0,36.71428571428572,31.0,1.3385470976711853,1047786.5,1,200000.0
bara banki,681940,1698560.0,58.42857142857143,31.0,1.2838878674801244,1047786.5,1,192903.97230040978
faizabad,612562,2468371.0,25.285714285714285,31.0,1.1354515050167224,1047786.5,1,173223.49018395983
ambedkar nagar,640263,2398709.0,58.42857142857143,32.0,1.1840562719812426,1047786.5,1,200000.0
sultanpur,939654,3790922.0,24.285714285714285,41.0,1.2541310541310542,1047786.5,1,200000.0
bahraich,520083,3478257.0,16.428571428571427,44.0,1.2141833810888252,1047786.5,1,128891.05110751362
shrawasti,146613,1114615.0,58.42857142857143,31.0,1.2838878674801244,1047786.5,1,62151.5465541169
balrampur,323414,1698560.0,58.42857142857143,36.0,1.2002412545235224,1047786.5,1,125362.01759124413
balrampur,323414,1698560.0,58.42857142857143,38.0,1.2002412545235224,1047786.5,1,137391.43948989906
gonda,645813,3431386.0,21.0,37.0,1.2709262010896485,1047786.5,1,181347.3469871319
siddharthnagar,488208,2553526.0,58.42857142857143,31.0,1.2838878674801244,1047786.5,1,170264.16362227753
basti,574064,2461056.0,22.285714285714285,42.0,1.2166558230318802,1047786.5,1,129804.97422926666
sant kabir nagar,387851,1714300.0,58.42857142857143,31.0,1.2838878674801244,1047786.5,1,154417.6204729178
mahrajganj,537470,1698560.0,58.42857142857143,31.0,1.2838878674801244,1047786.5,1,184382.37026081345
gorakhpur,1106438,4436275.0,26.857142857142858,40.0,1.2335907335907337,324943.0,0,200000.0
gorakhpur,1106438,4436275.0,26.857142857142858,40.0,1.2335907335907337,457691.0,0,200000.0
gorakhpur,1106438,4436275.0,26.857142857142858,40.0,1.2335907335907337,589891.0,0,200000.0
gorakhpur,1106438,4436275.0,26.857142857142858,40.0,1.2335907335907337,879250.0,0,200000.0
gorakhpur,1106438,4436275.0,26.857142857142858,40.0,1.2335907335907337,1266510.0,0,200000.0
gorakhpur,1106438,4436275.0,26.857142857142858,40.0,1.2335907335907337,1168931.0,0,200000.0
gorakhpur,1106438,4436275.0,26.857142857142858,40.0,1.2335907335907337,1301866.0,0,200000.0
gorakhpur,1106438,4436275.0,26.857142857142858,40.0,1.2335907335907337,1669194.0,0,200000.0
gorakhpur,1106438,4436275.0,26.857142857142858,40.0,1.2335907335907337,1933805.0,0,200000.0
gorakhpur,1106438,4436275.0,26.857142857142858,40.0,1.2335907335907337,2231738.0,0,200000.0
gorakhpur,1106438,4436275.0,26.857142857142858,40.0,1.2335907335907337,3197317.0,0,200000.0
gorakhpur,1106438,4436275.0,26.857142857142858,40.0,1.2335907335907337,4537853.0,0,200000.0
gorakhpur,1106438,4436275.0,26.857142857142858,40.0,1.2335907335907337,4804502.0,0,200000.0
gorakhpur,1106438,4436275.0,26.857142857142858,40.0,1.2335907335907337,5995988.0,0,200000.0
gorakhpur,1106438,4436275.0,26.857142857142858,40.0,1.2335907335907337,7464913.0,0,200000.0
gorakhpur,1106438,4436275.0,26.857142857142858,40.0,1.2335907335907337,9958532.0,0,200000.0
gorakhpur,1106438,4436275.0,26.857142857142858,40.0,1.2335907335907337,10758812.0,0,200000.0
gorakhpur,1106438,4436275.0,26.857142857142858,40.0,1.2335907335907337,14066992.0,0,200000.0
kushinagar,771098,3560830.0,58.42857142857143,31.0,1.2838878674801244,1047786.5,1,160204.6313982657
deoria,795951,3098637.0,21.142857142857142,36.0,1.2157772621809744,1047786.5,1,171264.21634384827
azamgarh,1212503,4616509.0,24.142857142857142,36.0,1.1985759493670889,1047786.5,1,200000.0
mau,589962,2205170.0,58.42857142857143,36.0,1.2933832709113608,1047786.5,1,200000.0
ballia,802630,3223642.0,20.285714285714285,38.0,1.2963741460851288,1047786.5,1,200000.0
jaunpur,1166283,4476072.0,19.714285714285715,37.0,1.3127646702964306,1047786.5,1,200000.0
ghazipur,903996,3622727.0,20.285714285714285,33.0,1.2250733137829912,1047786.5,1,200000.0
chandauli,475152,1952713.0,58.42857142857143,41.0,1.207843137254902,1047786.5,1,138333.0161235693
varanasi,1014787,3682194.0,45.57142857142857,30.0,1.1725265739983646,573338.0,0,200000.0
varanasi,1014787,3682194.0,45.57142857142857,30.0,1.1725265739983646,836072.0,0,200000.0
varanasi,1014787,3682194.0,45.57142857142857,30.0,1.1725265739983646,3305134.0,0,200000.0
varanasi,1014787,3682194.0,45.57142857142857,30.0,1.1725265739983646,1806800.0,0,200000.0
varanasi,1014787,3682194.0,45.57142857142857,30.0,1.1725265739983646,2290282.0,0,200000.0
varanasi,1014787,3682194.0,45.57142857142857,30.0,1.1725265739983646,2098693.0,0,200000.0
varanasi,1014787,3682194.0,45.57142857142857,30.0,1.1725265739983646,2441735.0,0,200000.0
varanasi,1014787,3682194.0,45.57142857142857,30.0,1.1725265739983646,4217796.0,0,200000.0
varanasi,1014787,3682194.0,45.57142857142857,30.0,1.1725265739983646,3542507.0,0,200000.0
varanasi,1014787,3682194.0,45.57142857142857,30.0,1.1725265739983646,2569684.0,0,200000.0
varanasi,1014787,3682194.0,45.57142857142857,30.0,1.1725265739983646,3370707.0,0,200000.0
varanasi,1014787,3682194.0,45.57142857142857,30.0,1.1725265739983646,5020393.0,0,200000.0
varanasi,1014787,3682194.0,45.57142857142857,30.0,1.1725265739983646,5807048.0,0,200000.0
varanasi,1014787,3682194.0,45.57142857142857,30.0,1.1725265739983646,6220925.0,0,200000.0
varanasi,1014787,3682194.0,45.57142857142857,30.0,1.1725265739983646,8732870.0,0,200000.0
varanasi,1014787,3682194.0,45.57142857142857,30.0,1.1725265739983646,11458477.0,0,200000.0
varanasi,1014787,3682194.0,45.57142857142857,30.0,1.1725265739983646,13246317.0,0,200000.0
varanasi,1014787,3682194.0,45.57142857142857,30.0,1.1725265739983646,16290241.0,0,200000.0
varanasi,1014787,3682194.0,45.57142857142857,30.0,1.1725265739983646,42895237.0,0,200000.0
varanasi,1014787,3682194.0,45.57142857142857,30.0,1.1725265739983646,38410576.0,0,200000.0
sant ravidas nagar (bhadohi),363364,1698560.0,58.42857142857143,31.0,1.2838878674801244,1047786.5,1,109101.97664059584
mirzapur,562846,2494533.0,58.42857142857143,33.0,1.2283008942661755,1047786.5,1,149658.4031199064
sonbhadra,383720,1862612.0,58.42857142857143,35.0,1.1897654584221748,1047786.5,1,146434.6797095566
etah,408160,1761152.0,20.428571428571427,35.0,1.1540203850509627,1047786.5,1,119196.67705014424
kanshiram nagar,272047,1438156.0,58.42857142857143,31.0,1.2838878674801244,1047786.5,1,98827.05877612917
pashchim champaran,668255,3922780.0,58.42857142857143,29.0,1.35219707057257,215866.0,0,168831.7618502298
pashchim champaran,668255,3922780.0,58.42857142857143,29.0,1.35219707057257,305553.0,0,200000.0
pashchim champaran,668255,3922780.0,58.42857142857143,29.0,1.35219707057257,427544.0,0,167290.0173009553
pashchim champaran,668255,3922780.0,58.42857142857143,29.0,1.35219707057257,582470.0,0,159011.79428727162
pashchim champaran,668255,3922780.0,58.42857142857143,29.0,1.35219707057257,938338.0,0,195770.57277714304
pashchim champaran,668255,3922780.0,58.42857142857143,29.0,1.35219707057257,754956.0,0,168768.8967178529
pashchim champaran,668255,3922780.0,58.42857142857143,29.0,1.35219707057257,794590.0,0,174177.62644840268
pashchim champaran,668255,3922780.0,58.42857142857143,29.0,1.35219707057257,1130965.0,0,174987.42925982954
pashchim champaran,668255,3922780.0,58.42857142857143,29.0,1.35219707057257,1495660.0,0,193345.4907274588
pashchim champaran,668255,3922780.0,58.42857142857143,29.0,1.35219707057257,1947807.0,0,184062.6727640002
pashchim champaran,668255,3922780.0,58.42857142857143,29.0,1.35219707057257,2269399.0,0,187073.00733251256
pashchim champaran,668255,3922780.0,58.42857142857143,29.0,1.35219707057257,3212814.0,0,189309.6169673988
pashchim champaran,668255,3922780.0,58.42857142857143,29.0,1.35219707057257,3418382.0,0,185189.85212218226
pashchim champaran,668255,3922780.0,58.42857142857143,29.0,1.35219707057257,4672176.0,0,173323.7607713723
pashchim champaran,668255,3922780.0,58.42857142857143,29.0,1.35219707057257,5626291.0,0,200000.0
pashchim champaran,668255,3922780.0,58.42857142857143,29.0,1.35219707057257,7557978.0,0,161327.47918135772
pashchim champaran,668255,3922780.0,58.42857142857143,29.0,1.35219707057257,9265237.0,0,187433.86621519589
pashchim champaran,668255,3922780.0,58.42857142857143,29.0,1.35219707057257,10647366.0,0,165436.66745270655
pashchim champaran,668255,3922780.0,58.42857142857143,29.0,1.35219707057257,11723439.0,0,162176.3443384146
pashchim champaran,668255,3922780.0,58.42857142857143,29.0,1.35219707057257,13798685.0,0,172833.58795695135
purba champaran,869354,5082868.0,58.42857142857143,31.0,1.2838878674801244,1047786.5,1,200000.0
sheohar,112053,656916.0,58.42857142857143,37.0,1.1004784688995215,1047786.5,1,39471.002814321044
sitamarhi,551606,3419622.0,58.42857142857143,33.0,1.283410138248848,12134163.0,0,136688.49812532475
madhubani,815253,4476044.0,58.42857142857143,29.0,1.2974358974358975,286112.0,0,200000.0
madhubani,815253,4476044.0,58.42857142857143,29.0,1.2974358974358975,689839.0,0,200000.0
madhubani,815253,4476044.0,58.42857142857143,29.0,1.2974358974358975,732727.0,0,200000.0
madhubani,815253,4476044.0,58.42857142857143,29.0,1.2974358974358975,1264352.0,0,200000.0
madhubani,815253,4476044.0,58.42857142857143,29.0,1.2974358974358975,1777506.0,0,200000.0
madhubani,815253,4476044.0,58.42857142857143,29.0,1.2974358974358975,2378853.0,0,200000.0
madhubani,815253,4476044.0,58.42857142857143,29.0,1.2974358974358975,3371688.0,0,200000.0
madhubani,815253,4476044.0,58.42857142857143,29.0,1.2974358974358975,3251471.0,0,200000.0
madhubani,815253,4476044.0,58.42857142857143,29.0,1.2974358974358975,4695466.0,0,200000.0
madhubani,815253,4476044.0,58.42857142857143,29.0,1.2974358974358975,5236281.0,0,200000.0
madhubani,815253,4476044.0,58.42857142857143,29.0,1.2974358974358975,7114778.0,0,200000.0
madhubani,815253,4476044.0,58.42857142857143,29.0,1.2974358974358975,8110120.0,0,200000.0
madhubani,815253,4476044.0,58.42857142857143,29.0,1.2974358974358975,9968959.0,0,200000.0
madhubani,815253,4476044.0,58.42857142857143,29.0,1.2974358974358975,9999220.0,0,200000.0
madhubani,815253,4476044.0,58.42857142857143,29.0,1.2974358974358975,12545809.0,0,200000.0
supaul,385611,2228397.0,58.42857142857143,31.0,1.2566371681415929,1047786.5,1,122562.5335954674
araria,468125,2806200.0,58.42857142857143,28.0,1.3143236074270557,1047786.5,1,148714.24573068356
kishanganj,305135,1690948.0,58.42857142857143,36.0,1.233463035019455,1047786.5,1,104473.06755635708
purnia,527065,3273127.0,58.42857142857143,32.0,1.43815987933635,7761464.0,0,91487.79753192925
purnia,527065,3273127.0,58.42857142857143,32.0,1.43815987933635,9889577.0,0,117533.79413903669
katihar,517934,3068149.0,58.42857142857143,30.0,1.4234001292824825,1047786.5,1,140901.06707636372
madhepura,316911,1994618.0,58.42857142857143,32.0,1.3416149068322982,1047786.5,1,101906.75909327366
saharsa,298622,1897102.0,22.142857142857142,36.0,1.421383647798742,1047786.5,1,112122.52610435802
darbhanga,691068,3921971.0,19.571428571428573,31.0,1.3881987577639752,217364.0,0,165568.74899878574
darbhanga,691068,3921971.0,19.571428571428573,31.0,1.3881987577639752,322140.0,0,177627.2351980642
darbhanga,691068,3921971.0,19.571428571428573,31.0,1.3881987577639752,413648.0,0,166761.4738556186
darbhanga,691068,3921971.0,19.571428571428573,31.0,1.3881987577639752,515957.0,0,200000.0
darbhanga,691068,3921971.0,19.571428571428573,31.0,1.3881987577639752,763583.0,0,200000.0
darbhanga,691068,3921971.0,19.571428571428573,31.0,1.3881987577639752,727675.0,0,199014.62456801944
darbhanga,691068,3921971.0,19.571428571428573,31.0,1.3881987577639752,802970.0,0,200000.0
darbhanga,691068,3921971.0,19.571428571428573,31.0,1.3881987577639752,1059279.0,0,200000.0
darbhanga,691068,3921971.0,19.571428571428573,31.0,1.3881987577639752,1296525.0,0,200000.0
darbhanga,691068,3921971.0,19.571428571428573,31.0,1.3881987577639752,1660540.0,0,158627.55472454795
darbhanga,691068,3921971.0,19.571428571428573,31.0,1.3881987577639752,2323627.0,0,180955.20485773764
darbhanga,691068,3921971.0,19.571428571428573,31.0,1.3881987577639752,3297598.0,0,170714.9472975339
darbhanga,691068,3921971.0,19.571428571428573,31.0,1.3881987577639752,3456999.0,0,193072.5863005822
darbhanga,691068,3921971.0,19.571428571428573,31.0,1.3881987577639752,4739297.0,0,200000.0
darbhanga,691068,3921971.0,19.571428571428573,31.0,1.3881987577639752,5791524.0,0,200000.0
darbhanga,691068,3921971.0,19.571428571428573,31.0,1.3881987577639752,7502523.0,0,194863.88586896955
darbhanga,691068,3921971.0,19.571428571428573,31.0,1.3881987577639752,8600500.0,0,198115.555731551
darbhanga,691068,3921971.0,19.571428571428573,31.0,1.3881987577639752,10725196.0,0,189988.64582298315
darbhanga,691068,3921971.0,19.571428571428573,31.0,1.3881987577639752,10324556.0,0,200000.0
muzaffarpur,1022115,4778610.0,23.285714285714285,34.0,1.2845484221980414,388401.0,0,200000.0
muzaffarpur,1022115,4778610.0,23.285714285714285,34.0,1.2845484221980414,554675.0,0,200000.0
muzaffarpur,1022115,4778610.0,23.285714285714285,34.0,1.2845484221980414,959708.0,0,200000.0
muzaffarpur,1022115,4778610.0,23.285714285714285,34.0,1.2845484221980414,886640.0,0,200000.0
muzaffarpur,1022115,4778610.0,23.285714285714285,34.0,1.2845484221980414,1262299.0,0,200000.0
muzaffarpur,1022115,4778610.0,23.285714285714285,34.0,1.2845484221980414,1260648.0,0,200000.0
muzaffarpur,1022115,4778610.0,23.285714285714285,34.0,1.2845484221980414,1526447.0,0,200000.0
muzaffarpur,1022115,4778610.0,23.285714285714285,34.0,1.2845484221980414,1900732.0,0,200000.0
muzaffarpur,1022115,4778610.0,23.285714285714285,34.0,1.2845484221980414,2083611.0,0,200000.0
muzaffarpur,1022115,4778610.0,23.285714285714285,34.0,1.2845484221980414,2572251.0,0,200000.0
muzaffarpur,1022115,4778610.0,23.285714285714285,34.0,1.2845484221980414,3476178.0,0,200000.0
muzaffarpur,1022115,4778610.0,23.285714285714285,34.0,1.2845484221980414,4970912.0,0,200000.0
muzaffarpur,1022115,4778610.0,23.285714285714285,34.0,1.2845484221980414,5221017.0,0,200000.0
muzaffarpur,1022115,4778610.0,23.285714285714285,34.0,1.2845484221980414,6872504.0,0,200000.0
muzaffarpur,1022115,4778610.0,23.285714285714285,34.0,1.2845484221980414,8663460.0,0,200000.0
muzaffarpur,1022115,4778610.0,23.285714285714285,34.0,1.2845484221980414,11287438.0,0,200000.0
muzaffarpur,1022115,4778610.0,23.285714285714285,34.0,1.2845484221980414,12910258.0,0,200000.0
muzaffarpur,1022115,4778610.0,23.285714285714285,34.0,1.2845484221980414,16060062.0,0,200000.0
muzaffarpur,1022115,4778610.0,23.285714285714285,34.0,1.2845484221980414,16912765.0,0,200000.0
muzaffarpur,1022115,4778610.0,23.285714285714285,34.0,1.2845484221980414,19056253.0,0,200000.0
gopalganj,589093,2558037.0,58.42857142857143,37.0,1.3071428571428572,1047786.5,1,189093.69515046454
siwan,814269,3318176.0,58.42857142857143,35.0,1.283289817232376,1271446.0,0,197241.40067788892
siwan,814269,3318176.0,58.42857142857143,35.0,1.283289817232376,2923089.0,0,200000.0
siwan,814269,3318176.0,58.42857142857143,35.0,1.283289817232376,4705097.0,0,200000.0
siwan,814269,3318176.0,58.42857142857143,35.0,1.283289817232376,6975763.0,0,200000.0
siwan,814269,3318176.0,58.42857142857143,35.0,1.283289817232376,9398007.0,0,200000.0
siwan,814269,3318176.0,58.42857142857143,35.0,1.283289817232376,10720865.0,0,200000.0
siwan,814269,3318176.0,58.42857142857143,35.0,1.283289817232376,13494216.0,0,200000.0
siwan,814269,3318176.0,58.42857142857143,35.0,1.283289817232376,12408052.0,0,200000.0
saran,871687,3943098.0,18.571428571428573,34.0,1.391353811149033,660816.0,0,200000.0
saran,871687,3943098.0,18.571428571428573,34.0,1.391353811149033,768342.0,0,200000.0
saran,871687,3943098.0,18.571428571428573,34.0,1.391353811149033,1039542.0,0,189641.40502630768
saran,871687,3943098.0,18.571428571428573,34.0,1.391353811149033,1590231.0,0,200000.0
saran,871687,3943098.0,18.571428571428573,34.0,1.391353811149033,2089459.0,0,200000.0
saran,871687,3943098.0,18.571428571428573,34.0,1.391353811149033,3186771.0,0,200000.0
saran,871687,3943098.0,18.571428571428573,34.0,1.391353811149033,3020459.0,0,200000.0
saran,871687,3943098.0,18.571428571428573,34.0,1.391353811149033,4392087.0,0,200000.0
saran,871687,3943098.0,18.571428571428573,34.0,1.391353811149033,4909074.0,0,200000.0
saran,871687,3943098.0,18.571428571428573,34.0,1.391353811149033,6615773.0,0,200000.0
saran,871687,3943098.0,18.571428571428573,34.0,1.391353811149033,10802033.0,0,200000.0
saran,871687,3943098.0,18.571428571428573,34.0,1.391353811149033,13791757.0,0,200000.0
vaishali,774164,3495249.0,58.42857142857143,32.0,1.3293223559214693,201678.0,0,200000.0
vaishali,774164,3495249.0,58.42857142857143,32.0,1.3293223559214693,316405.0,0,190176.90993528324
vaishali,774164,3495249.0,58.42857142857143,32.0,1.3293223559214693,427385.0,0,200000.0
vaishali,774164,3495249.0,58.42857142857143,32.0,1.3293223559214693,522642.0,0,157602.07710072357
vaishali,774164,3495249.0,58.42857142857143,32.0,1.3293223559214693,749004.0,0,173174.35673111866
vaishali,774164,3495249.0,58.42857142857143,32.0,1.3293223559214693,706255.0,0,200000.0
vaishali,774164,3495249.0,58.42857142857143,32.0,1.3293223559214693,835929.0,0,200000.0
vaishali,774164,3495249.0,58.42857142857143,32.0,1.3293223559214693,1092261.0,0,200000.0
vaishali,774164,3495249.0,58.42857142857143,32.0,1.3293223559214693,1177251.0,0,200000.0
vaishali,774164,3495249.0,58.42857142857143,32.0,1.3293223559214693,2036376.0,0,200000.0
vaishali,774164,3495249.0,58.42857142857143,32.0,1.3293223559214693,13468090.0,0,200000.0
samastipur,849305,4254782.0,58.42857142857143,34.0,1.2747081712062256,222241.0,0,200000.0
samastipur,849305,4254782.0,58.42857142857143,34.0,1.2747081712062256,316985.0,0,200000.0
samastipur,849305,4254782.0,58.42857142857143,34.0,1.2747081712062256,529944.0,0,200000.0
samastipur,849305,4254782.0,58.42857142857143,34.0,1.2747081712062256,792952.0,0,200000.0
samastipur,849305,4254782.0,58.42857142857143,34.0,1.2747081712062256,1233758.0,0,200000.0
samastipur,849305,4254782.0,58.42857142857143,34.0,1.2747081712062256,1536299.0,0,200000.0
samastipur,849305,4254782.0,58.42857142857143,34.0,1.2747081712062256,2833659.0,0,186362.3879638291
samastipur,849305,4254782.0,58.42857142857143,34.0,1.2747081712062256,12531008.0,0,200000.0
samastipur,849305,4254782.0,58.42857142857143,34.0,1.2747081712062256,13239614.0,0,200000.0
begusarai,630166,2954367.0,58.42857142857143,31.0,1.4283387622149837,1047786.5,1,200000.0
khagaria,306875,1657599.0,58.42857142857143,28.0,1.3527508090614886,1047786.5,1,46765.72104213972
bhagalpur,635397,3032226.0,25.857142857142858,34.0,1.4332552693208431,422204.0,0,189256.5569941096
bhagalpur,635397,3032226.0,25.857142857142858,34.0,1.4332552693208431,1561760.0,0,160653.08700181672
bhagalpur,635397,3032226.0,25.857142857142858,34.0,1.4332552693208431,2291210.0,0,167845.19182182057
bhagalpur,635397,3032226.0,25.857142857142858,34.0,1.4332552693208431,2991335.0,0,172036.44663565737
bhagalpur,635397,3032226.0,25.857142857142858,34.0,1.4332552693208431,3729907.0,0,172147.28092073408
bhagalpur,635397,3032226.0,25.857142857142858,34.0,1.4332552693208431,5068435.0,0,155206.6467460559
bhagalpur,635397,3032226.0,25.857142857142858,34.0,1.4332552693208431,6299248.0,0,151645.34656736333
bhagalpur,635397,3032226.0,25.857142857142858,34.0,1.4332552693208431,8447521.0,0,165395.8464178868
bhagalpur,635397,3032226.0,25.857142857142858,34.0,1.4332552693208431,10073459.0,0,169090.7232828293
bhagalpur,635397,3032226.0,25.857142857142858,34.0,1.4332552693208431,13606084.0,0,135687.68776414514
banka,374360,2029339.0,58.42857142857143,31.0,1.5387142186766776,1047786.5,1,164088.12789718178
munger,328076,1359054.0,58.42857142857143,39.0,1.5210466439135382,1047786.5,1,94930.42613046449
lakhisarai,202088,1000717.0,58.42857142857143,29.0,1.3305084745762712,1047786.5,1,68143.11530845797
sheikhpura,132245,634927.0,58.42857142857143,39.0,1.288888888888889,1047786.5,1,52057.98314151792
nalanda,600375,2872523.0,58.42857142857143,41.0,1.1589840075258702,208901.0,0,137578.18825879466
nalanda,600375,2872523.0,58.42857142857143,41.0,1.1589840075258702,306468.0,0,200000.0
nalanda,600375,2872523.0,58.42857142857143,41.0,1.1589840075258702,896006.0,0,159571.42542841914
nalanda,600375,2872523.0,58.42857142857143,41.0,1.1589840075258702,666931.0,0,141584.64802846956
nalanda,600375,2872523.0,58.42857142857143,41.0,1.1589840075258702,946010.0,0,180223.45852846323
nalanda,600375,2872523.0,58.42857142857143,41.0,1.1589840075258702,710450.0,0,196872.8749271988
nalanda,600375,2872523.0,58.42857142857143,41.0,1.1589840075258702,734808.0,0,160973.88071591995
nalanda,600375,2872523.0,58.42857142857143,41.0,1.1589840075258702,1426896.0,0,200000.0
patna,1431632,5772804.0,45.142857142857146,34.0,1.3035211267605633,1197281.0,0,200000.0
patna,1431632,5772804.0,45.142857142857146,34.0,1.3035211267605633,1650942.0,0,200000.0
patna,1431632,5772804.0,45.142857142857146,34.0,1.3035211267605633,3360157.0,0,200000.0
patna,1431632,5772804.0,45.142857142857146,34.0,1.3035211267605633,3256138.0,0,200000.0
patna,1431632,5772804.0,45.142857142857146,34.0,1.3035211267605633,7894598.0,0,200000.0
patna,1431632,5772804.0,45.142857142857146,34.0,1.3035211267605633,13421445.0,0,200000.0
patna,1431632,5772804.0,45.142857142857146,34.0,1.3035211267605633,13404838.0,0,200000.0
patna,1431632,5772804.0,45.142857142857146,34.0,1.3035211267605633,17235243.0,0,200000.0
patna,1431632,5772804.0,45.142857142857146,34.0,1.3035211267605633,15560992.0,0,200000.0
patna,1431632,5772804.0,45.142857142857146,34.0,1.3035211267605633,13807801.0,0,200000.0
patna,1431632,5772804.0,45.142857142857146,34.0,1.3035211267605633,20716631.0,0,200000.0
patna,1431632,5772804.0,45.142857142857146,34.0,1.3035211267605633,24443301.0,0,200000.0
patna,1431632,5772804.0,45.142857142857146,34.0,1.3035211267605633,41272981.0,0,200000.0
patna,1431632,5772804.0,45.142857142857146,34.0,1.3035211267605633,53400850.0,0,200000.0
patna,1431632,5772804.0,45.142857142857146,34.0,1.3035211267605633,65085179.0,0,200000.0
patna,1431632,5772804.0,45.142857142857146,34.0,1.3035211267605633,81765610.0,0,200000.0
patna,1431632,5772804.0,45.142857142857146,34.0,1.3035211267605633,91217400.0,0,200000.0
patna,1431632,5772804.0,45.142857142857146,34.0,1.3035211267605633,119754430.0,0,200000.0
patna,1431632,5772804.0,45.142857142857146,34.0,1.3035211267605633,188665398.0,0,200000.0
patna,1431632,5772804.0,45.142857142857146,34.0,1.3035211267605633,217434851.0,0,200000.0
bhojpur,625665,2720155.0,58.42857142857143,32.0,1.3311421528348395,1047786.5,1,182149.52279074633
buxar,396263,1707643.0,58.42857142857143,38.0,1.411660777385159,1047786.5,1,107719.98447609082
kaimur (bhabua),370353,1626900.0,58.42857142857143,33.0,1.4353219137625517,1047786.5,1,160095.3694663864
rohtas,738049,2962593.0,58.42857142857143,31.0,1.3603473227206946,201231.0,0,200000.0
rohtas,738049,2962593.0,58.42857142857143,31.0,1.3603473227206946,701262.0,0,200000.0
rohtas,738049,2962593.0,58.42857142857143,31.0,1.3603473227206946,534230.0,0,200000.0
rohtas,738049,2962593.0,58.42857142857143,31.0,1.3603473227206946,879724.0,0,200000.0
rohtas,738049,2962593.0,58.42857142857143,31.0,1.3603473227206946,1129246.0,0,200000.0
aurangabad,597269,1698560.0,73.57142857142857,32.0,1.3014934660858744,620430.0,0,200000.0
aurangabad,597269,1698560.0,73.57142857142857,32.0,1.3014934660858744,789032.0,0,181608.05255147256
aurangabad,597269,1698560.0,73.57142857142857,32.0,1.3014934660858744,1171650.0,0,165041.23686417248
aurangabad,597269,1698560.0,73.57142857142857,32.0,1.3014934660858744,1685901.0,0,139346.96055525378
aurangabad,597269,1698560.0,73.57142857142857,32.0,1.3014934660858744,2792378.0,0,164806.31590169284
aurangabad,597269,1698560.0,73.57142857142857,32.0,1.3014934660858744,3396197.0,0,187613.59151129308
aurangabad,597269,1698560.0,73.57142857142857,32.0,1.3014934660858744,5823390.0,0,196557.7650817008
aurangabad,597269,1698560.0,73.57142857142857,32.0,1.3014934660858744,8161133.0,0,200000.0
aurangabad,597269,1698560.0,73.57142857142857,32.0,1.3014934660858744,9438690.0,0,176511.47930741508
aurangabad,597269,1698560.0,73.57142857142857,32.0,1.3014934660858744,7820545.0,0,175107.44244340045
aurangabad,597269,1698560.0,73.57142857142857,32.0,1.3014934660858744,12231686.0,0,109752.45631615975
aurangabad,597269,1698560.0,73.57142857142857,32.0,1.3014934660858744,19001745.0,0,153177.5760462221
aurangabad,597269,1698560.0,73.57142857142857,32.0,1.3014934660858744,20324679.0,0,175797.17505284242
aurangabad,597269,1698560.0,73.57142857142857,32.0,1.3014934660858744,23744887.0,0,162543.373777124
aurangabad,597269,1698560.0,73.57142857142857,32.0,1.3014934660858744,32667108.0,0,151598.9539407728
aurangabad,597269,1698560.0,73.57142857142857,32.0,1.3014934660858744,42089766.0,0,174882.21279377115
aurangabad,597269,1698560.0,73.57142857142857,32.0,1.3014934660858744,48288544.0,0,178381.72699885757
aurangabad,597269,1698560.0,73.57142857142857,32.0,1.3014934660858744,55248137.0,0,182073.22084363148
aurangabad,597269,1698560.0,73.57142857142857,32.0,1.3014934660858744,59756919.0,0,200000.0
aurangabad,597269,1698560.0,73.57142857142857,32.0,1.3014934660858744,67307091.0,0,138311.94978800835
gaya,928810,4379383.0,15.428571428571429,31.0,1.3614666205465238,231873.0,0,200000.0
gaya,928810,4379383.0,15.428571428571429,31.0,1.3614666205465238,324390.0,0,200000.0
gaya,928810,4379383.0,15.428571428571429,31.0,1.3614666205465238,919453.0,0,200000.0
gaya,928810,4379383.0,15.428571428571429,31.0,1.3614666205465238,724866.0,0,200000.0
gaya,928810,4379383.0,15.428571428571429,31.0,1.3614666205465238,1025084.0,0,200000.0
gaya,928810,4379383.0,15.428571428571429,31.0,1.3614666205465238,919937.0,0,200000.0
gaya,928810,4379383.0,15.428571428571429,31.0,1.3614666205465238,1275920.0,0,200000.0
gaya,928810,4379383.0,15.428571428571429,31.0,1.3614666205465238,1627240.0,0,200000.0
gaya,928810,4379383.0,15.428571428571429,31.0,1.3614666205465238,1524983.0,0,200000.0
gaya,928810,4379383.0,15.428571428571429,31.0,1.3614666205465238,1972685.0,0,200000.0
gaya,928810,4379383.0,15.428571428571429,31.0,1.3614666205465238,2533169.0,0,200000.0
gaya,928810,4379383.0,15.428571428571429,31.0,1.3614666205465238,3671183.0,0,200000.0
gaya,928810,4379383.0,15.428571428571429,31.0,1.3614666205465238,3790466.0,0,185056.90392387047
gaya,928810,4379383.0,15.428571428571429,31.0,1.3614666205465238,4732185.0,0,200000.0
gaya,928810,4379383.0,15.428571428571429,31.0,1.3614666205465238,5929649.0,0,197349.4812474038
gaya,928810,4379383.0,15.428571428571429,31.0,1.3614666205465238,7707242.0,0,200000.0
gaya,928810,4379383.0,15.428571428571429,31.0,1.3614666205465238,9087772.0,0,200000.0
gaya,928810,4379383.0,15.428571428571429,31.0,1.3614666205465238,10986567.0,0,200000.0
gaya,928810,4379383.0,15.428571428571429,31.0,1.3614666205465238,11189071.0,0,200000.0
gaya,928810,4379383.0,15.428571428571429,31.0,1.3614666205465238,14024331.0,0,200000.0
nawada,431538,2216653.0,58.42857142857143,34.0,1.3879231473010063,1047786.5,1,124468.16388429643
jamui,324203,1756078.0,58.42857142857143,30.0,1.4621513944223108,1047786.5,1,75745.18994422545
jehanabad,244469,1124176.0,58.42857142857143,39.0,1.205128205128205,1047786.5,1,68027.30853964468
arwal,151072,699563.0,58.42857142857143,30.0,1.2681388012618298,1047786.5,1,87286.6417114006
north  district,11871,1698560.0,58.42857142857143,31.0,1.2838878674801244,1047786.5,1,5000.0
west district,41444,1698560.0,58.42857142857143,31.0,1.282258064516129,1047786.5,1,9491.659240168587
south district,47384,1698560.0,58.42857142857143,31.0,1.2291666666666667,1047786.5,1,36065.28411252577
east district,92984,1698560.0,58.42857142857143,31.0,1.3189655172413792,1047786.5,1,40377.54007872408
tawang,8353,49950.0,58.42857142857143,29.0,1.3855932203389831,2334.0,0,53331.43124169045
tawang,8353,49950.0,58.42857142857143,29.0,1.3855932203389831,5447.0,0,10906.836392767278
tawang,8353,49950.0,58.42857142857143,29.0,1.3855932203389831,8715.0,0,28448.885491515437
tawang,8353,49950.0,58.42857142857143,29.0,1.3855932203389831,11104.0,0,31954.82762528366
tawang,8353,49950.0,58.42857142857143,29.0,1.3855932203389831,13102.0,0,5000.0
tawang,8353,49950.0,58.42857142857143,29.0,1.3855932203389831,15960.0,0,34418.655933133
tawang,8353,49950.0,58.42857142857143,29.0,1.3855932203389831,24097.0,0,5000.0
tawang,8353,49950.0,58.42857142857143,29.0,1.3855932203389831,30077.0,0,5000.0
tawang,8353,49950.0,58.42857142857143,29.0,1.3855932203389831,31865.0,0,7144.874245614783
tawang,8353,49950.0,58.42857142857143,29.0,1.3855932203389831,44499.0,0,23806.044365068046
tawang,8353,49950.0,58.42857142857143,29.0,1.3855932203389831,56016.0,0,50018.300524955266
tawang,8353,49950.0,58.42857142857143,29.0,1.3855932203389831,67262.0,0,5000.0
tawang,8353,49950.0,58.42857142857143,29.0,1.3855932203389831,54137.0,0,5000.0
tawang,8353,49950.0,58.42857142857143,29.0,1.3855932203389831,70061.0,0,62920.50415780793
tawang,8353,49950.0,58.42857142857143,29.0,1.3855932203389831,89052.0,0,54242.63739484273
tawang,8353,49950.0,58.42857142857143,29.0,1.3855932203389831,99575.0,0,78173.8333968193
tawang,8353,49950.0,58.42857142857143,29.0,1.3855932203389831,86721.0,0,87188.76105375306
tawang,8353,49950.0,58.42857142857143,29.0,1.3855932203389831,132824.0,0,22720.20225223373
tawang,8353,49950.0,58.42857142857143,29.0,1.3855932203389831,138313.0,0,11113.023606436267
tawang,8353,49950.0,58.42857142857143,29.0,1.3855932203389831,155419.0,0,5000.0
west kameng,18926,87013.0,58.42857142857143,15.0,1.4948805460750854,5787.0,0,43079.38091493642
west kameng,18926,87013.0,58.42857142857143,15.0,1.4948805460750854,10466.0,0,28540.06521694282
west kameng,18926,87013.0,58.42857142857143,15.0,1.4948805460750854,17026.0,0,21626.804582641438
west kameng,18926,87013.0,58.42857142857143,15.0,1.4948805460750854,25439.0,0,5000.0
west kameng,18926,87013.0,58.42857142857143,15.0,1.4948805460750854,34289.0,0,63797.66649123877
west kameng,18926,87013.0,58.42857142857143,15.0,1.4948805460750854,37430.0,0,5000.0
west kameng,18926,87013.0,58.42857142857143,15.0,1.4948805460750854,53939.0,0,38286.2892240764
west kameng,18926,87013.0,58.42857142857143,15.0,1.4948805460750854,66740.0,0,40359.59558751755
west kameng,18926,87013.0,58.42857142857143,15.0,1.4948805460750854,75363.0,0,35299.84367519802
west kameng,18926,87013.0,58.42857142857143,15.0,1.4948805460750854,95421.0,0,5000.0
west kameng,18926,87013.0,58.42857142857143,15.0,1.4948805460750854,111029.0,0,29438.947791604805
west kameng,18926,87013.0,58.42857142857143,15.0,1.4948805460750854,129575.0,0,29312.74466884703
west kameng,18926,87013.0,58.42857142857143,15.0,1.4948805460750854,120906.0,0,28420.342620660165
west kameng,18926,87013.0,58.42857142857143,15.0,1.4948805460750854,164866.0,0,5000.0
west kameng,18926,87013.0,58.42857142857143,15.0,1.4948805460750854,209165.0,0,48270.98820618407
west kameng,18926,87013.0,58.42857142857143,15.0,1.4948805460750854,247346.0,0,39571.38275943949
west kameng,18926,87013.0,58.42857142857143,15.0,1.4948805460750854,240672.0,0,29998.261288102876
west kameng,18926,87013.0,58.42857142857143,15.0,1.4948805460750854,327925.0,0,5000.0
west kameng,18926,87013.0,58.42857142857143,15.0,1.4948805460750854,371632.0,0,38168.77839482021
west kameng,18926,87013.0,58.42857142857143,15.0,1.4948805460750854,421418.0,0,71785.70845706936
east kameng,16850,78413.0,58.42857142857143,18.0,1.7986798679867986,1047786.5,1,25575.392294865596
papum pare,55254,176385.0,58.42857142857143,31.0,1.620253164556962,14224.0,0,37972.228663768365
papum pare,55254,176385.0,58.42857142857143,31.0,1.620253164556962,25363.0,0,52994.590066421326
papum pare,55254,176385.0,58.42857142857143,31.0,1.620253164556962,43282.0,0,39806.98293571954
papum pare,55254,176385.0,58.42857142857143,31.0,1.620253164556962,55224.0,0,30651.77748902028
papum pare,55254,176385.0,58.42857142857143,31.0,1.620253164556962,70941.0,0,21478.629789914157
papum pare,55254,176385.0,58.42857142857143,31.0,1.620253164556962,86433.0,0,78711.52877235247
papum pare,55254,176385.0,58.42857142857143,31.0,1.620253164556962,117940.0,0,61985.059714982526
papum pare,55254,176385.0,58.42857142857143,31.0,1.620253164556962,143272.0,0,49609.9348831998
papum pare,55254,176385.0,58.42857142857143,31.0,1.620253164556962,180373.0,0,30656.961542253128
papum pare,55254,176385.0,58.42857142857143,31.0,1.620253164556962,221728.0,0,21854.186505723104
papum pare,55254,176385.0,58.42857142857143,31.0,1.620253164556962,298350.0,0,47238.191898629695
papum pare,55254,176385.0,58.42857142857143,31.0,1.620253164556962,390528.0,0,75232.61921725437
papum pare,55254,176385.0,58.42857142857143,31.0,1.620253164556962,419891.0,0,18083.37728099173
papum pare,55254,176385.0,58.42857142857143,31.0,1.620253164556962,552953.0,0,25457.547011029266
papum pare,55254,176385.0,58.42857142857143,31.0,1.620253164556962,710098.0,0,17424.318140655232
papum pare,55254,176385.0,58.42857142857143,31.0,1.620253164556962,919925.0,0,23910.77925594454
papum pare,55254,176385.0,58.42857142857143,31.0,1.620253164556962,1163726.0,0,51748.47621386786
papum pare,55254,176385.0,58.42857142857143,31.0,1.620253164556962,1444757.0,0,39310.1903503685
papum pare,55254,176385.0,58.42857142857143,31.0,1.620253164556962,1651143.0,0,70807.73398241155
papum pare,55254,176385.0,58.42857142857143,31.0,1.620253164556962,1917365.0,0,8301.009810432954
upper subansiri,20471,83205.0,58.42857142857143,22.0,1.7661795407098122,1047786.5,1,36090.07414644904
west siang,27969,112272.0,58.42857142857143,21.0,1.5570469798657718,1887.0,0,57015.566727740894
west siang,27969,112272.0,58.42857142857143,21.0,1.5570469798657718,2579.0,0,41938.18127852737
west siang,27969,112272.0,58.42857142857143,21.0,1.5570469798657718,3337.0,0,25420.782684896563
west siang,27969,112272.0,58.42857142857143,21.0,1.5570469798657718,8041.0,0,25580.956737776134
west siang,27969,112272.0,58.42857142857143,21.0,1.5570469798657718,11889.0,0,38116.71440582558
west siang,27969,112272.0,58.42857142857143,21.0,1.5570469798657718,14581.0,0,21792.48531189096
west siang,27969,112272.0,58.42857142857143,21.0,1.5570469798657718,19728.0,0,35954.15834782168
west siang,27969,112272.0,58.42857142857143,21.0,1.5570469798657718,32777.0,0,5000.0
west siang,27969,112272.0,58.42857142857143,21.0,1.5570469798657718,34295.0,0,52012.302696316416
west siang,27969,112272.0,58.42857142857143,21.0,1.5570469798657718,45207.0,0,31527.198746514812
west siang,27969,112272.0,58.42857142857143,21.0,1.5570469798657718,42575.0,0,53873.38793726696
west siang,27969,112272.0,58.42857142857143,21.0,1.5570469798657718,59341.0,0,28929.644108173008
west siang,27969,112272.0,58.42857142857143,21.0,1.5570469798657718,65763.0,0,26861.487227127895
west siang,27969,112272.0,58.42857142857143,21.0,1.5570469798657718,79050.0,0,76523.96378573887
west siang,27969,112272.0,58.42857142857143,21.0,1.5570469798657718,92331.0,0,91386.54388483932
west siang,27969,112272.0,58.42857142857143,21.0,1.5570469798657718,121772.0,0,5000.0
west siang,27969,112272.0,58.42857142857143,21.0,1.5570469798657718,136332.0,0,8608.739560912722
west siang,27969,112272.0,58.42857142857143,21.0,1.5570469798657718,176377.0,0,5000.0
east siang,28366,99019.0,58.42857142857143,13.0,1.1271186440677967,3286.0,0,51096.24937114386
east siang,28366,99019.0,58.42857142857143,13.0,1.1271186440677967,6363.0,0,55949.312015357886
east siang,28366,99019.0,58.42857142857143,13.0,1.1271186440677967,10539.0,0,17479.170178199653
east siang,28366,99019.0,58.42857142857143,13.0,1.1271186440677967,12893.0,0,5000.0
east siang,28366,99019.0,58.42857142857143,13.0,1.1271186440677967,15621.0,0,28914.915414174888
east siang,28366,99019.0,58.42857142857143,13.0,1.1271186440677967,16494.0,0,70872.57814364707
east siang,28366,99019.0,58.42857142857143,13.0,1.1271186440677967,22611.0,0,5000.0
east siang,28366,99019.0,58.42857142857143,13.0,1.1271186440677967,26605.0,0,13388.695792688786
east siang,28366,99019.0,58.42857142857143,13.0,1.1271186440677967,33743.0,0,5000.0
east siang,28366,99019.0,58.42857142857143,13.0,1.1271186440677967,55680.0,0,42617.923318560584
east siang,28366,99019.0,58.42857142857143,13.0,1.1271186440677967,69710.0,0,5000.0
east siang,28366,99019.0,58.42857142857143,13.0,1.1271186440677967,88632.0,0,11325.382678843804
east siang,28366,99019.0,58.42857142857143,13.0,1.1271186440677967,82357.0,0,21605.253767896233
east siang,28366,99019.0,58.42857142857143,13.0,1.1271186440677967,106787.0,0,20946.173008677782
east siang,28366,99019.0,58.42857142857143,13.0,1.1271186440677967,128957.0,0,5000.0
east siang,28366,99019.0,58.42857142857143,13.0,1.1271186440677967,169617.0,0,33879.98960624195
east siang,28366,99019.0,58.42857142857143,13.0,1.1271186440677967,201945.0,0,67606.9419110268
east siang,28366,99019.0,58.42857142857143,13.0,1.1271186440677967,261162.0,0,24800.832168156216
east siang,28366,99019.0,58.42857142857143,13.0,1.1271186440677967,286766.0,0,5000.0
east siang,28366,99019.0,58.42857142857143,13.0,1.1271186440677967,327737.0,0,46456.43525523087
upper siang,7472,35289.0,58.42857142857143,12.0,1.5,1047786.5,1,15288.920582294819
changlang,29147,147951.0,58.42857142857143,16.0,1.585987261146497,3195.0,0,20437.370506672174
changlang,29147,147951.0,58.42857142857143,16.0,1.585987261146497,6066.0,0,5000.0
changlang,29147,147951.0,58.42857142857143,16.0,1.585987261146497,10162.0,0,51031.32311035007
changlang,29147,147951.0,58.42857142857143,16.0,1.585987261146497,13950.0,0,5000.0
changlang,29147,147951.0,58.42857142857143,16.0,1.585987261146497,17589.0,0,54231.6866442608
changlang,29147,147951.0,58.42857142857143,16.0,1.585987261146497,18631.0,0,5000.0
changlang,29147,147951.0,58.42857142857143,16.0,1.585987261146497,29218.0,0,14534.564674249796
changlang,29147,147951.0,58.42857142857143,16.0,1.585987261146497,33963.0,0,5000.0
changlang,29147,147951.0,58.42857142857143,16.0,1.585987261146497,43858.0,0,5000.0
changlang,29147,147951.0,58.42857142857143,16.0,1.585987261146497,69279.0,0,23998.435977499073
changlang,29147,147951.0,58.42857142857143,16.0,1.585987261146497,73842.0,0,30600.467458217114
changlang,29147,147951.0,58.42857142857143,16.0,1.585987261146497,84852.0,0,70119.35513798252
changlang,29147,147951.0,58.42857142857143,16.0,1.585987261146497,78849.0,0,42216.99623786487
changlang,29147,147951.0,58.42857142857143,16.0,1.585987261146497,105461.0,0,65690.70977033074
changlang,29147,147951.0,58.42857142857143,16.0,1.585987261146497,120126.0,0,21404.987427753735
changlang,29147,147951.0,58.42857142857143,16.0,1.585987261146497,147432.0,0,25148.923992486736
changlang,29147,147951.0,58.42857142857143,16.0,1.585987261146497,171494.0,0,60060.8352326815
changlang,29147,147951.0,58.42857142857143,16.0,1.585987261146497,203732.0,0,40755.86628423345
changlang,29147,147951.0,58.42857142857143,16.0,1.585987261146497,216609.0,0,27567.768835962546
changlang,29147,147951.0,58.42857142857143,16.0,1.585987261146497,254818.0,0,39296.11047432434
tirap,18661,111997.0,58.42857142857143,23.0,1.4210526315789471,3322.0,0,37833.2824189456
tirap,18661,111997.0,58.42857142857143,23.0,1.4210526315789471,5725.0,0,12261.496834831703
tirap,18661,111997.0,58.42857142857143,23.0,1.4210526315789471,6877.0,0,22042.991133565098
tirap,18661,111997.0,58.42857142857143,23.0,1.4210526315789471,6868.0,0,48458.506961505766
tirap,18661,111997.0,58.42857142857143,23.0,1.4210526315789471,11249.0,0,14971.22155707689
tirap,18661,111997.0,58.42857142857143,23.0,1.4210526315789471,16459.0,0,30844.658470677794
tirap,18661,111997.0,58.42857142857143,23.0,1.4210526315789471,18369.0,0,33415.51127081836
tirap,18661,111997.0,58.42857142857143,23.0,1.4210526315789471,28830.0,0,8905.77262915707
tirap,18661,111997.0,58.42857142857143,23.0,1.4210526315789471,30046.0,0,77558.93630762368
tirap,18661,111997.0,58.42857142857143,23.0,1.4210526315789471,36124.0,0,22317.05077601762
tirap,18661,111997.0,58.42857142857143,23.0,1.4210526315789471,32043.0,0,32394.140699777294
tirap,18661,111997.0,58.42857142857143,23.0,1.4210526315789471,46320.0,0,73990.8224097815
tirap,18661,111997.0,58.42857142857143,23.0,1.4210526315789471,47118.0,0,19318.962954808623
lower subansiri,24587,82839.0,58.42857142857143,16.0,1.512690355329949,1477.0,0,39575.164363630196
lower subansiri,24587,82839.0,58.42857142857143,16.0,1.512690355329949,11806.0,0,49721.75249483356
lower subansiri,24587,82839.0,58.42857142857143,16.0,1.512690355329949,15770.0,0,5000.0
lower subansiri,24587,82839.0,58.42857142857143,16.0,1.512690355329949,60146.0,0,69844.45430153383
lower subansiri,24587,82839.0,58.42857142857143,16.0,1.512690355329949,73100.0,0,32288.326481356256
lower subansiri,24587,82839.0,58.42857142857143,16.0,1.512690355329949,94109.0,0,30464.443827855823
lower subansiri,24587,82839.0,58.42857142857143,16.0,1.512690355329949,109261.0,0,27078.916324032485
lower subansiri,24587,82839.0,58.42857142857143,16.0,1.512690355329949,143172.0,0,5000.0
kurung kumey,16348,89717.0,58.42857142857143,38.0,1.8986301369863008,1047786.5,1,40262.41007893119
dibang valley,1822,7948.0,58.42857142857143,31.0,1.6901408450704225,1047786.5,1,8867.350239181342
lower dibang valley,13762,53986.0,58.42857142857143,13.0,1.652733118971061,4227.0,0,58908.853140517414
lower dibang valley,13762,53986.0,58.42857142857143,13.0,1.652733118971061,6314.0,0,12547.22708696067
lower dibang valley,13762,53986.0,58.42857142857143,13.0,1.652733118971061,26234.0,0,17478.13070887047
lower dibang valley,13762,53986.0,58.42857142857143,13.0,1.652733118971061,27655.0,0,29740.649666070254
lower dibang valley,13762,53986.0,58.42857142857143,13.0,1.652733118971061,33455.0,0,64748.80030592753
lower dibang valley,13762,53986.0,58.42857142857143,13.0,1.652733118971061,32427.0,0,9525.314561257419
lower dibang valley,13762,53986.0,58.42857142857143,13.0,1.652733118971061,42091.0,0,5000.0
lower dibang valley,13762,53986.0,58.42857142857143,13.0,1.652733118971061,50270.0,0,6920.743359685477
lower dibang valley,13762,53986.0,58.42857142857143,13.0,1.652733118971061,65302.0,0,28274.657693186353
lower dibang valley,13762,53986.0,58.42857142857143,13.0,1.652733118971061,83531.0,0,56801.9498737335
lower dibang valley,13762,53986.0,58.42857142857143,13.0,1.652733118971061,104498.0,0,34788.455909897544
lower dibang valley,13762,53986.0,58.42857142857143,13.0,1.652733118971061,112848.0,0,34020.89993655743
lower dibang valley,13762,53986.0,58.42857142857143,13.0,1.652733118971061,137218.0,0,5000.0
lohit,34682,145538.0,58.42857142857143,34.0,1.7033898305084745,3747.0,0,24590.19584695524
lohit,34682,145538.0,58.42857142857143,34.0,1.7033898305084745,6962.0,0,12872.198656945611
lohit,34682,145538.0,58.42857142857143,34.0,1.7033898305084745,11595.0,0,72300.72176663275
lohit,34682,145538.0,58.42857142857143,34.0,1.7033898305084745,14268.0,0,54514.66485631562
lohit,34682,145538.0,58.42857142857143,34.0,1.7033898305084745,15896.0,0,54711.86751684043
lohit,34682,145538.0,58.42857142857143,34.0,1.7033898305084745,18693.0,0,33067.78124928305
lohit,34682,145538.0,58.42857142857143,34.0,1.7033898305084745,24505.0,0,14726.37751677656
lohit,34682,145538.0,58.42857142857143,34.0,1.7033898305084745,29281.0,0,18129.08160545882
lohit,34682,145538.0,58.42857142857143,34.0,1.7033898305084745,36985.0,0,15806.780067514213
lohit,34682,145538.0,58.42857142857143,34.0,1.7033898305084745,56541.0,0,38337.2449262835
lohit,34682,145538.0,58.42857142857143,34.0,1.7033898305084745,65889.0,0,5000.0
lohit,34682,145538.0,58.42857142857143,34.0,1.7033898305084745,80530.0,0,50694.586151713345
lohit,34682,145538.0,58.42857142857143,34.0,1.7033898305084745,72380.0,0,15899.909471347282
lohit,34682,145538.0,58.42857142857143,34.0,1.7033898305084745,99686.0,0,34775.48970914434
lohit,34682,145538.0,58.42857142857143,34.0,1.7033898305084745,117879.0,0,5000.0
lohit,34682,145538.0,58.42857142857143,34.0,1.7033898305084745,142772.0,0,57303.12364651488
lohit,34682,145538.0,58.42857142857143,34.0,1.7033898305084745,169954.0,0,40435.82709324695
lohit,34682,145538.0,58.42857142857143,34.0,1.7033898305084745,226199.0,0,65458.44308016402
lohit,34682,145538.0,58.42857142857143,34.0,1.7033898305084745,236792.0,0,5000.0
lohit,34682,145538.0,58.42857142857143,34.0,1.7033898305084745,276551.0,0,5000.0
anjaw,3467,21089.0,58.42857142857143,17.0,1.9663299663299665,1047786.5,1,64904.201812448395
mon,52194,250671.0,58.42857142857143,33.0,1.7622950819672132,1851.0,0,19688.362480813652
mon,52194,250671.0,58.42857142857143,33.0,1.7622950819672132,2652.0,0,5000.0
mon,52194,250671.0,58.42857142857143,33.0,1.7622950819672132,4368.0,0,26021.378657230372
mon,52194,250671.0,58.42857142857143,33.0,1.7622950819672132,7966.0,0,5000.0
mon,52194,250671.0,58.42857142857143,33.0,1.7622950819672132,9694.0,0,60888.44866004677
mon,52194,250671.0,58.42857142857143,33.0,1.7622950819672132,10564.0,0,27007.389939030127
mon,52194,250671.0,58.42857142857143,33.0,1.7622950819672132,17134.0,0,55657.57067690873
mon,52194,250671.0,58.42857142857143,33.0,1.7622950819672132,23615.0,0,5295.446443533861
mon,52194,250671.0,58.42857142857143,33.0,1.7622950819672132,28668.0,0,61695.8026106146
mon,52194,250671.0,58.42857142857143,33.0,1.7622950819672132,42193.0,0,27593.776224899215
mon,52194,250671.0,58.42857142857143,33.0,1.7622950819672132,53050.0,0,68509.00355893695
mon,52194,250671.0,58.42857142857143,33.0,1.7622950819672132,51806.0,0,33325.66576709178
mon,52194,250671.0,58.42857142857143,33.0,1.7622950819672132,43337.0,0,44474.721487247036
mon,52194,250671.0,58.42857142857143,33.0,1.7622950819672132,51055.0,0,25695.490885683656
mon,52194,250671.0,58.42857142857143,33.0,1.7622950819672132,56260.0,0,73454.30890201901
mon,52194,250671.0,58.42857142857143,33.0,1.7622950819672132,61436.0,0,62397.69630689392
mon,52194,250671.0,58.42857142857143,33.0,1.7622950819672132,66833.0,0,76558.1204505454
mon,52194,250671.0,58.42857142857143,33.0,1.7622950819672132,69381.0,0,49771.20941461569
mon,52194,250671.0,58.42857142857143,33.0,1.7622950819672132,68148.0,0,39175.0281397217
mon,52194,250671.0,58.42857142857143,33.0,1.7622950819672132,76894.0,0,39787.426911707385
mokokchung,76015,193171.0,58.42857142857143,36.0,1.3295454545454546,3428.0,0,64917.68318096103
mokokchung,76015,193171.0,58.42857142857143,36.0,1.3295454545454546,4472.0,0,47221.45277218844
mokokchung,76015,193171.0,58.42857142857143,36.0,1.3295454545454546,7245.0,0,47280.16013573784
mokokchung,76015,193171.0,58.42857142857143,36.0,1.3295454545454546,10673.0,0,79490.45278788447
mokokchung,76015,193171.0,58.42857142857143,36.0,1.3295454545454546,11808.0,0,48842.51589709197
mokokchung,76015,193171.0,58.42857142857143,36.0,1.3295454545454546,11894.0,0,61091.240419838156
mokokchung,76015,193171.0,58.42857142857143,36.0,1.3295454545454546,17903.0,0,70445.426136676
mokokchung,76015,193171.0,58.42857142857143,36.0,1.3295454545454546,21048.0,0,5000.0
mokokchung,76015,193171.0,58.42857142857143,36.0,1.3295454545454546,22949.0,0,73707.34322828107
mokokchung,76015,193171.0,58.42857142857143,36.0,1.3295454545454546,34034.0,0,15648.870550895099
mokokchung,76015,193171.0,58.42857142857143,36.0,1.3295454545454546,43164.0,0,55192.3776565118
mokokchung,76015,193171.0,58.42857142857143,36.0,1.3295454545454546,48813.0,0,41300.517794017724
mokokchung,76015,193171.0,58.42857142857143,36.0,1.3295454545454546,43465.0,0,37204.33330547464
mokokchung,76015,193171.0,58.42857142857143,36.0,1.3295454545454546,63952.0,0,69148.87351556889
mokokchung,76015,193171.0,58.42857142857143,36.0,1.3295454545454546,59456.0,0,28301.153365600447
mokokchung,76015,193171.0,58.42857142857143,36.0,1.3295454545454546,64765.0,0,57638.49681317905
mokokchung,76015,193171.0,58.42857142857143,36.0,1.3295454545454546,68366.0,0,34928.28729985617
mokokchung,76015,193171.0,58.42857142857143,36.0,1.3295454545454546,77214.0,0,37289.12473596401
mokokchung,76015,193171.0,58.42857142857143,36.0,1.3295454545454546,81244.0,0,5000.0
mokokchung,76015,193171.0,58.42857142857143,36.0,1.3295454545454546,79409.0,0,54828.75086593717
zunheboto,49377,141014.0,58.42857142857143,36.0,1.6745562130177514,1700.0,0,63262.43538476296
zunheboto,49377,141014.0,58.42857142857143,36.0,1.6745562130177514,1961.0,0,57203.28191657122
zunheboto,49377,141014.0,58.42857142857143,36.0,1.6745562130177514,3370.0,0,88176.55587500545
zunheboto,49377,141014.0,58.42857142857143,36.0,1.6745562130177514,4966.0,0,5000.0
zunheboto,49377,141014.0,58.42857142857143,36.0,1.6745562130177514,8860.0,0,27924.84101509139
zunheboto,49377,141014.0,58.42857142857143,36.0,1.6745562130177514,19752.0,0,5000.0
zunheboto,49377,141014.0,58.42857142857143,36.0,1.6745562130177514,20054.0,0,70966.19844274351
zunheboto,49377,141014.0,58.42857142857143,36.0,1.6745562130177514,23374.0,0,40653.49896921715
zunheboto,49377,141014.0,58.42857142857143,36.0,1.6745562130177514,12812.0,0,12892.851205868732
zunheboto,49377,141014.0,58.42857142857143,36.0,1.6745562130177514,18146.0,0,38983.73999156411
zunheboto,49377,141014.0,58.42857142857143,36.0,1.6745562130177514,21556.0,0,33271.53132777979
zunheboto,49377,141014.0,58.42857142857143,36.0,1.6745562130177514,23475.0,0,71648.66884096232
zunheboto,49377,141014.0,58.42857142857143,36.0,1.6745562130177514,18219.0,0,47203.09089805478
zunheboto,49377,141014.0,58.42857142857143,36.0,1.6745562130177514,21747.0,0,60462.521647986694
zunheboto,49377,141014.0,58.42857142857143,36.0,1.6745562130177514,23265.0,0,7747.655606371811
zunheboto,49377,141014.0,58.42857142857143,36.0,1.6745562130177514,25944.0,0,6084.740406568502
zunheboto,49377,141014.0,58.42857142857143,36.0,1.6745562130177514,28736.0,0,90513.55402917009
zunheboto,49377,141014.0,58.42857142857143,36.0,1.6745562130177514,32898.0,0,19868.41161525892
zunheboto,49377,141014.0,58.42857142857143,36.0,1.6745562130177514,30504.0,0,38448.838401041394
zunheboto,49377,141014.0,58.42857142857143,36.0,1.6745562130177514,29697.0,0,44671.405098143834
wokha,60823,166239.0,58.42857142857143,36.0,1.7669172932330828,1642.0,0,52498.19979757999
wokha,60823,166239.0,58.42857142857143,36.0,1.7669172932330828,2851.0,0,117977.30806110728
wokha,60823,166239.0,58.42857142857143,36.0,1.7669172932330828,3314.0,0,28796.123000159238
wokha,60823,166239.0,58.42857142857143,36.0,1.7669172932330828,4959.0,0,23980.564921324476
wokha,60823,166239.0,58.42857142857143,36.0,1.7669172932330828,5694.0,0,32923.19937187276
wokha,60823,166239.0,58.42857142857143,36.0,1.7669172932330828,5778.0,0,5000.0
wokha,60823,166239.0,58.42857142857143,36.0,1.7669172932330828,9242.0,0,44675.54097047755
wokha,60823,166239.0,58.42857142857143,36.0,1.7669172932330828,11505.0,0,74540.5352370324
wokha,60823,166239.0,58.42857142857143,36.0,1.7669172932330828,13752.0,0,38876.18244458645
wokha,60823,166239.0,58.42857142857143,36.0,1.7669172932330828,19427.0,0,93052.33953399662
wokha,60823,166239.0,58.42857142857143,36.0,1.7669172932330828,28806.0,0,54072.64550013089
wokha,60823,166239.0,58.42857142857143,36.0,1.7669172932330828,33080.0,0,70644.60381712798
wokha,60823,166239.0,58.42857142857143,36.0,1.7669172932330828,26881.0,0,41090.708241469634
wokha,60823,166239.0,58.42857142857143,36.0,1.7669172932330828,34223.0,0,30657.971085538687
wokha,60823,166239.0,58.42857142857143,36.0,1.7669172932330828,38482.0,0,56872.278787143005
wokha,60823,166239.0,58.42857142857143,36.0,1.7669172932330828,42511.0,0,20756.96620929332
wokha,60823,166239.0,58.42857142857143,36.0,1.7669172932330828,48308.0,0,79037.61078285161
wokha,60823,166239.0,58.42857142857143,36.0,1.7669172932330828,53721.0,0,13492.139476259905
wokha,60823,166239.0,58.42857142857143,36.0,1.7669172932330828,79275.0,0,57459.3187423059
wokha,60823,166239.0,58.42857142857143,36.0,1.7669172932330828,111374.0,0,59012.62440115167
dimapur,127895,379769.0,58.42857142857143,36.0,1.3838862559241707,18449.0,0,47030.31955656425
dimapur,127895,379769.0,58.42857142857143,36.0,1.3838862559241707,31758.0,0,33740.3097642123
dimapur,127895,379769.0,58.42857142857143,36.0,1.3838862559241707,44383.0,0,54122.5749851234
dimapur,127895,379769.0,58.42857142857143,36.0,1.3838862559241707,68046.0,0,29433.457571877014
dimapur,127895,379769.0,58.42857142857143,36.0,1.3838862559241707,80741.0,0,60222.04271348979
dimapur,127895,379769.0,58.42857142857143,36.0,1.3838862559241707,86518.0,0,19743.507160981135
dimapur,127895,379769.0,58.42857142857143,36.0,1.3838862559241707,117140.0,0,67056.14488245407
dimapur,127895,379769.0,58.42857142857143,36.0,1.3838862559241707,142922.0,0,39901.76661348497
dimapur,127895,379769.0,58.42857142857143,36.0,1.3838862559241707,185428.0,0,86301.60009318119
dimapur,127895,379769.0,58.42857142857143,36.0,1.3838862559241707,232533.0,0,77847.00711656395
dimapur,127895,379769.0,58.42857142857143,36.0,1.3838862559241707,352179.0,0,53607.63010475565
dimapur,127895,379769.0,58.42857142857143,36.0,1.3838862559241707,422501.0,0,34944.65479343188
dimapur,127895,379769.0,58.42857142857143,36.0,1.3838862559241707,550985.0,0,72364.40009971491
dimapur,127895,379769.0,58.42857142857143,36.0,1.3838862559241707,585389.0,0,58115.82753086474
dimapur,127895,379769.0,58.42857142857143,36.0,1.3838862559241707,727702.0,0,55722.163709750836
dimapur,127895,379769.0,58.42857142857143,36.0,1.3838862559241707,886146.0,0,5760.731211419225
dimapur,127895,379769.0,58.42857142857143,36.0,1.3838862559241707,1111352.0,0,24803.28653743317
dimapur,127895,379769.0,58.42857142857143,36.0,1.3838862559241707,1334969.0,0,47186.99678366121
dimapur,127895,379769.0,58.42857142857143,36.0,1.3838862559241707,1094753.0,0,55658.63221675635
dimapur,127895,379769.0,58.42857142857143,36.0,1.3838862559241707,1632985.0,0,68795.08345714264
phek,47967,163294.0,58.42857142857143,39.0,1.6041666666666667,1397.0,0,26018.05344704287
phek,47967,163294.0,58.42857142857143,39.0,1.6041666666666667,2058.0,0,5000.0
phek,47967,163294.0,58.42857142857143,39.0,1.6041666666666667,2951.0,0,24490.287886248756
phek,47967,163294.0,58.42857142857143,39.0,1.6041666666666667,3615.0,0,41263.518450615134
phek,47967,163294.0,58.42857142857143,39.0,1.6041666666666667,5062.0,0,51901.028423101125
phek,47967,163294.0,58.42857142857143,39.0,1.6041666666666667,5232.0,0,11538.06396437768
phek,47967,163294.0,58.42857142857143,39.0,1.6041666666666667,8985.0,0,50635.95221773234
phek,47967,163294.0,58.42857142857143,39.0,1.6041666666666667,11054.0,0,5000.0
phek,47967,163294.0,58.42857142857143,39.0,1.6041666666666667,13124.0,0,32674.908609036444
phek,47967,163294.0,58.42857142857143,39.0,1.6041666666666667,21862.0,0,44551.9894525742
phek,47967,163294.0,58.42857142857143,39.0,1.6041666666666667,26004.0,0,31561.454423936848
phek,47967,163294.0,58.42857142857143,39.0,1.6041666666666667,28612.0,0,59064.011006649176
phek,47967,163294.0,58.42857142857143,39.0,1.6041666666666667,24927.0,0,53068.86188362501
phek,47967,163294.0,58.42857142857143,39.0,1.6041666666666667,31478.0,0,24798.98885125893
phek,47967,163294.0,58.42857142857143,39.0,1.6041666666666667,36963.0,0,22819.433097361412
phek,47967,163294.0,58.42857142857143,39.0,1.6041666666666667,44854.0,0,37501.36803865312
phek,47967,163294.0,58.42857142857143,39.0,1.6041666666666667,44704.0,0,46599.04306002109
phek,47967,163294.0,58.42857142857143,39.0,1.6041666666666667,47255.0,0,5061.563838992615
phek,47967,163294.0,58.42857142857143,39.0,1.6041666666666667,45816.0,0,10400.576478642719
phek,47967,163294.0,58.42857142857143,39.0,1.6041666666666667,43589.0,0,17851.432287389536
tuensang,53858,196801.0,58.42857142857143,38.0,1.4482758620689655,1861.0,0,52868.12986205551
tuensang,53858,196801.0,58.42857142857143,38.0,1.4482758620689655,2914.0,0,62265.714615682926
tuensang,53858,196801.0,58.42857142857143,38.0,1.4482758620689655,4657.0,0,57598.19061191546
tuensang,53858,196801.0,58.42857142857143,38.0,1.4482758620689655,5518.0,0,49484.49437692469
tuensang,53858,196801.0,58.42857142857143,38.0,1.4482758620689655,5962.0,0,11424.172419246419
tuensang,53858,196801.0,58.42857142857143,38.0,1.4482758620689655,6027.0,0,22659.596455038773
tuensang,53858,196801.0,58.42857142857143,38.0,1.4482758620689655,9274.0,0,91825.81611055975
tuensang,53858,196801.0,58.42857142857143,38.0,1.4482758620689655,11148.0,0,25434.41764411475
tuensang,53858,196801.0,58.42857142857143,38.0,1.4482758620689655,13234.0,0,38540.66298205624
tuensang,53858,196801.0,58.42857142857143,38.0,1.4482758620689655,19823.0,0,5000.0
tuensang,53858,196801.0,58.42857142857143,38.0,1.4482758620689655,25719.0,0,46348.19714912437
tuensang,53858,196801.0,58.42857142857143,38.0,1.4482758620689655,29583.0,0,34905.52225828924
tuensang,53858,196801.0,58.42857142857143,38.0,1.4482758620689655,23643.0,0,36066.14570588923
tuensang,53858,196801.0,58.42857142857143,38.0,1.4482758620689655,27199.0,0,30725.838241185163
tuensang,53858,196801.0,58.42857142857143,38.0,1.4482758620689655,30653.0,0,17251.716975888172
tuensang,53858,196801.0,58.42857142857143,38.0,1.4482758620689655,37106.0,0,46179.275602565365
tuensang,53858,196801.0,58.42857142857143,38.0,1.4482758620689655,40524.0,0,17166.080737083663
tuensang,53858,196801.0,58.42857142857143,38.0,1.4482758620689655,45170.0,0,74643.75396601038
tuensang,53858,196801.0,58.42857142857143,38.0,1.4482758620689655,44657.0,0,39588.11667988505
tuensang,53858,196801.0,58.42857142857143,38.0,1.4482758620689655,44176.0,0,66569.39088420349
longleng,13720,74033.0,58.42857142857143,34.0,1.108695652173913,605.0,0,9854.02153250811
longleng,13720,74033.0,58.42857142857143,34.0,1.108695652173913,526.0,0,5000.0
longleng,13720,74033.0,58.42857142857143,34.0,1.108695652173913,13202.0,0,30034.472632421843
longleng,13720,74033.0,58.42857142857143,34.0,1.108695652173913,12009.0,0,16524.529984170083
longleng,13720,74033.0,58.42857142857143,34.0,1.108695652173913,13528.0,0,5000.0
longleng,13720,74033.0,58.42857142857143,34.0,1.108695652173913,14691.0,0,35793.928941860526
longleng,13720,74033.0,58.42857142857143,34.0,1.108695652173913,16341.0,0,16032.07815517451
longleng,13720,74033.0,58.42857142857143,34.0,1.108695652173913,17513.0,0,10140.213129904276
kiphire,18557,50593.0,58.42857142857143,36.0,1.7340425531914894,1527.0,0,13877.689013340601
kiphire,18557,50593.0,58.42857142857143,36.0,1.7340425531914894,2008.0,0,13034.816674288906
kiphire,18557,50593.0,58.42857142857143,36.0,1.7340425531914894,2103.0,0,24846.871222875423
kiphire,18557,50593.0,58.42857142857143,36.0,1.7340425531914894,2784.0,0,24347.109587509294
kiphire,18557,50593.0,58.42857142857143,36.0,1.7340425531914894,4847.0,0,40970.80477839685
kiphire,18557,50593.0,58.42857142857143,36.0,1.7340425531914894,5522.0,0,18679.51600167414
kiphire,18557,50593.0,58.42857142857143,36.0,1.7340425531914894,8571.0,0,49489.3442940785
kiphire,18557,50593.0,58.42857142857143,36.0,1.7340425531914894,11097.0,0,15083.479021789239
kiphire,18557,50593.0,58.42857142857143,36.0,1.7340425531914894,12462.0,0,89172.03741068194
kiphire,18557,50593.0,58.42857142857143,36.0,1.7340425531914894,20492.0,0,5000.0
kiphire,18557,50593.0,58.42857142857143,36.0,1.7340425531914894,19352.0,0,5000.0
kiphire,18557,50593.0,58.42857142857143,36.0,1.7340425531914894,19928.0,0,31873.505678847665
kohima,90451,270063.0,58.42857142857143,40.0,1.3673469387755102,11070.0,0,39388.21274553255
kohima,90451,270063.0,58.42857142857143,40.0,1.3673469387755102,14759.0,0,54121.24069027971
kohima,90451,270063.0,58.42857142857143,40.0,1.3673469387755102,20678.0,0,32979.73388953631
kohima,90451,270063.0,58.42857142857143,40.0,1.3673469387755102,28604.0,0,57007.871419785384
kohima,90451,270063.0,58.42857142857143,40.0,1.3673469387755102,34373.0,0,65619.46982539067
kohima,90451,270063.0,58.42857142857143,40.0,1.3673469387755102,35959.0,0,92499.4431818386
kohima,90451,270063.0,58.42857142857143,40.0,1.3673469387755102,50183.0,0,15455.53295985968
kohima,90451,270063.0,58.42857142857143,40.0,1.3673469387755102,58317.0,0,5000.0
kohima,90451,270063.0,58.42857142857143,40.0,1.3673469387755102,68246.0,0,75628.71150096763
kohima,90451,270063.0,58.42857142857143,40.0,1.3673469387755102,98852.0,0,51721.2533674115
kohima,90451,270063.0,58.42857142857143,40.0,1.3673469387755102,149404.0,0,39167.818499275716
kohima,90451,270063.0,58.42857142857143,40.0,1.3673469387755102,168861.0,0,42026.42047942901
kohima,90451,270063.0,58.42857142857143,40.0,1.3673469387755102,209442.0,0,45823.832831452426
kohima,90451,270063.0,58.42857142857143,40.0,1.3673469387755102,274137.0,0,69595.69761513225
kohima,90451,270063.0,58.42857142857143,40.0,1.3673469387755102,335522.0,0,34620.67681260095
kohima,90451,270063.0,58.42857142857143,40.0,1.3673469387755102,413753.0,0,40814.34221449519
kohima,90451,270063.0,58.42857142857143,40.0,1.3673469387755102,457809.0,0,39952.73728927823
kohima,90451,270063.0,58.42857142857143,40.0,1.3673469387755102,308395.0,0,8812.63651309074
kohima,90451,270063.0,58.42857142857143,40.0,1.3673469387755102,390575.0,0,91571.08519205706
kohima,90451,270063.0,58.42857142857143,40.0,1.3673469387755102,396318.0,0,25308.352185575488
peren,27620,94954.0,58.42857142857143,43.0,1.6785714285714286,587.0,0,33202.010467606
peren,27620,94954.0,58.42857142857143,43.0,1.6785714285714286,1151.0,0,5000.0
peren,27620,94954.0,58.42857142857143,43.0,1.6785714285714286,1349.0,0,23315.494123358723
peren,27620,94954.0,58.42857142857143,43.0,1.6785714285714286,2071.0,0,27319.012690312404
peren,27620,94954.0,58.42857142857143,43.0,1.6785714285714286,2689.0,0,43936.82974656045
peren,27620,94954.0,58.42857142857143,43.0,1.6785714285714286,2715.0,0,61794.92694257386
peren,27620,94954.0,58.42857142857143,43.0,1.6785714285714286,4277.0,0,53157.51403773438
peren,27620,94954.0,58.42857142857143,43.0,1.6785714285714286,5148.0,0,5000.0
peren,27620,94954.0,58.42857142857143,43.0,1.6785714285714286,6691.0,0,64173.58687442242
peren,27620,94954.0,58.42857142857143,43.0,1.6785714285714286,11337.0,0,55001.66010331924
peren,27620,94954.0,58.42857142857143,43.0,1.6785714285714286,13958.0,0,17065.08397146954
peren,27620,94954.0,58.42857142857143,43.0,1.6785714285714286,14947.0,0,47401.440687711714
peren,27620,94954.0,58.42857142857143,43.0,1.6785714285714286,12322.0,0,5000.0
peren,27620,94954.0,58.42857142857143,43.0,1.6785714285714286,15860.0,0,14103.77811405714
peren,27620,94954.0,58.42857142857143,43.0,1.6785714285714286,19756.0,0,31290.150010160767
peren,27620,94954.0,58.42857142857143,43.0,1.6785714285714286,22569.0,0,5000.0
peren,27620,94954.0,58.42857142857143,43.0,1.6785714285714286,24401.0,0,35116.49412433234
peren,27620,94954.0,58.42857142857143,43.0,1.6785714285714286,24587.0,0,5000.0
peren,27620,94954.0,58.42857142857143,43.0,1.6785714285714286,24443.0,0,46332.20058108441
peren,27620,94954.0,58.42857142857143,43.0,1.6785714285714286,24353.0,0,12091.397697833569
senapati,116465,354972.0,58.42857142857143,10.0,1.564102564102564,22025.0,0,37956.93749138687
senapati,116465,354972.0,58.42857142857143,10.0,1.564102564102564,25681.0,0,77640.44615138073
senapati,116465,354972.0,58.42857142857143,10.0,1.564102564102564,46116.0,0,34549.142984538135
senapati,116465,354972.0,58.42857142857143,10.0,1.564102564102564,63745.0,0,54496.49666986845
tamenglong,37603,140143.0,58.42857142857143,6.0,1.8767123287671232,1007.0,0,29304.916547936897
tamenglong,37603,140143.0,58.42857142857143,6.0,1.8767123287671232,4866.0,0,53935.501796134464
tamenglong,37603,140143.0,58.42857142857143,6.0,1.8767123287671232,6373.0,0,43896.73063224778
tamenglong,37603,140143.0,58.42857142857143,6.0,1.8767123287671232,9939.0,0,41357.27565095433
tamenglong,37603,140143.0,58.42857142857143,6.0,1.8767123287671232,11954.0,0,54864.82433336513
tamenglong,37603,140143.0,58.42857142857143,6.0,1.8767123287671232,14451.0,0,18689.446640563587
tamenglong,37603,140143.0,58.42857142857143,6.0,1.8767123287671232,21294.0,0,41517.535941586546
tamenglong,37603,140143.0,58.42857142857143,6.0,1.8767123287671232,24595.0,0,5000.0
tamenglong,37603,140143.0,58.42857142857143,6.0,1.8767123287671232,27674.0,0,27883.76258639751
tamenglong,37603,140143.0,58.42857142857143,6.0,1.8767123287671232,33266.0,0,22068.94070786437
tamenglong,37603,140143.0,58.42857142857143,6.0,1.8767123287671232,40279.0,0,49222.631486872255
tamenglong,37603,140143.0,58.42857142857143,6.0,1.8767123287671232,53325.0,0,15062.179981323943
tamenglong,37603,140143.0,58.42857142857143,6.0,1.8767123287671232,48779.0,0,65505.66076669389
tamenglong,37603,140143.0,58.42857142857143,6.0,1.8767123287671232,48889.0,0,37601.8956451293
tamenglong,37603,140143.0,58.42857142857143,6.0,1.8767123287671232,51040.0,0,47544.174565468624
churachandpur,91922,271274.0,58.42857142857143,6.0,1.6231884057971016,4081.0,0,65112.16535524535
churachandpur,91922,271274.0,58.42857142857143,6.0,1.6231884057971016,7110.0,0,70793.01082883803
churachandpur,91922,271274.0,58.42857142857143,6.0,1.6231884057971016,8671.0,0,24475.366686914742
churachandpur,91922,271274.0,58.42857142857143,6.0,1.6231884057971016,14801.0,0,56059.134360867756
churachandpur,91922,271274.0,58.42857142857143,6.0,1.6231884057971016,16940.0,0,40029.484775583085
churachandpur,91922,271274.0,58.42857142857143,6.0,1.6231884057971016,15958.0,0,17766.918511624914
churachandpur,91922,271274.0,58.42857142857143,6.0,1.6231884057971016,23946.0,0,25741.606169308394
churachandpur,91922,271274.0,58.42857142857143,6.0,1.6231884057971016,26420.0,0,70918.19148860531
churachandpur,91922,271274.0,58.42857142857143,6.0,1.6231884057971016,33637.0,0,17292.210788382035
churachandpur,91922,271274.0,58.42857142857143,6.0,1.6231884057971016,50818.0,0,45160.83503611258
churachandpur,91922,271274.0,58.42857142857143,6.0,1.6231884057971016,61160.0,0,63951.72386579825
churachandpur,91922,271274.0,58.42857142857143,6.0,1.6231884057971016,71693.0,0,63257.90008803546
churachandpur,91922,271274.0,58.42857142857143,6.0,1.6231884057971016,62755.0,0,49271.31156868732
churachandpur,91922,271274.0,58.42857142857143,6.0,1.6231884057971016,80524.0,0,30047.291405909167
churachandpur,91922,271274.0,58.42857142857143,6.0,1.6231884057971016,109913.0,0,69257.26938168533
churachandpur,91922,271274.0,58.42857142857143,6.0,1.6231884057971016,121140.0,0,35851.28216459797
churachandpur,91922,271274.0,58.42857142857143,6.0,1.6231884057971016,132079.0,0,21432.82216760664
churachandpur,91922,271274.0,58.42857142857143,6.0,1.6231884057971016,130821.0,0,52386.94160484795
churachandpur,91922,271274.0,58.42857142857143,6.0,1.6231884057971016,200968.0,0,94013.42877951894
churachandpur,91922,271274.0,58.42857142857143,6.0,1.6231884057971016,139622.0,0,52576.619263132074
bishnupur,69020,240363.0,58.42857142857143,6.0,1.0769230769230769,7005.0,0,42840.79133650904
bishnupur,69020,240363.0,58.42857142857143,6.0,1.0769230769230769,11338.0,0,9093.022549991063
bishnupur,69020,240363.0,58.42857142857143,6.0,1.0769230769230769,13649.0,0,36369.00200227383
bishnupur,69020,240363.0,58.42857142857143,6.0,1.0769230769230769,19048.0,0,68868.43885065285
bishnupur,69020,240363.0,58.42857142857143,6.0,1.0769230769230769,19486.0,0,26650.130807534944
bishnupur,69020,240363.0,58.42857142857143,6.0,1.0769230769230769,17577.0,0,5347.609874866725
bishnupur,69020,240363.0,58.42857142857143,6.0,1.0769230769230769,23755.0,0,64900.05581308334
bishnupur,69020,240363.0,58.42857142857143,6.0,1.0769230769230769,31835.0,0,58751.75118039969
bishnupur,69020,240363.0,58.42857142857143,6.0,1.0769230769230769,40172.0,0,65558.4811753236
bishnupur,69020,240363.0,58.42857142857143,6.0,1.0769230769230769,70841.0,0,53489.43264505174
bishnupur,69020,240363.0,58.42857142857143,6.0,1.0769230769230769,82097.0,0,73734.97806151291
bishnupur,69020,240363.0,58.42857142857143,6.0,1.0769230769230769,95869.0,0,44608.05472281287
bishnupur,69020,240363.0,58.42857142857143,6.0,1.0769230769230769,73777.0,0,5000.0
bishnupur,69020,240363.0,58.42857142857143,6.0,1.0769230769230769,89095.0,0,5000.0
bishnupur,69020,240363.0,58.42857142857143,6.0,1.0769230769230769,104901.0,0,80567.65158870029
bishnupur,69020,240363.0,58.42857142857143,6.0,1.0769230769230769,113386.0,0,19306.3006156077
bishnupur,69020,240363.0,58.42857142857143,6.0,1.0769230769230769,129775.0,0,15517.965247607513
bishnupur,69020,240363.0,58.42857142857143,6.0,1.0769230769230769,132234.0,0,28202.714096794967
bishnupur,69020,240363.0,58.42857142857143,6.0,1.0769230769230769,126573.0,0,113751.96415470265
bishnupur,69020,240363.0,58.42857142857143,6.0,1.0769230769230769,134155.0,0,45995.219752207
thoubal,116687,420517.0,58.42857142857143,11.0,1.25531914893617,8288.0,0,40515.865421762996
thoubal,116687,420517.0,58.42857142857143,11.0,1.25531914893617,20689.0,0,46491.37100942095
thoubal,116687,420517.0,58.42857142857143,11.0,1.25531914893617,19399.0,0,63074.056599071686
thoubal,116687,420517.0,58.42857142857143,11.0,1.25531914893617,24817.0,0,94776.77555057789
thoubal,116687,420517.0,58.42857142857143,11.0,1.25531914893617,24257.0,0,31898.67373798775
thoubal,116687,420517.0,58.42857142857143,11.0,1.25531914893617,20528.0,0,66517.4062726063
thoubal,116687,420517.0,58.42857142857143,11.0,1.25531914893617,25149.0,0,77374.16138918027
thoubal,116687,420517.0,58.42857142857143,11.0,1.25531914893617,32971.0,0,82106.70865572857
thoubal,116687,420517.0,58.42857142857143,11.0,1.25531914893617,40558.0,0,63317.33070961267
thoubal,116687,420517.0,58.42857142857143,11.0,1.25531914893617,66183.0,0,62318.164080121234
thoubal,116687,420517.0,58.42857142857143,11.0,1.25531914893617,75667.0,0,80601.66175965742
thoubal,116687,420517.0,58.42857142857143,11.0,1.25531914893617,87208.0,0,24334.284205307646
thoubal,116687,420517.0,58.42857142857143,11.0,1.25531914893617,72593.0,0,64495.111654224354
thoubal,116687,420517.0,58.42857142857143,11.0,1.25531914893617,91264.0,0,20273.214925813238
thoubal,116687,420517.0,58.42857142857143,11.0,1.25531914893617,113257.0,0,39543.718720388846
thoubal,116687,420517.0,58.42857142857143,11.0,1.25531914893617,130316.0,0,61974.873564689275
thoubal,116687,420517.0,58.42857142857143,11.0,1.25531914893617,159443.0,0,49294.34289011675
thoubal,116687,420517.0,58.42857142857143,11.0,1.25531914893617,179962.0,0,59297.13526978344
thoubal,116687,420517.0,58.42857142857143,11.0,1.25531914893617,198398.0,0,107817.76711551815
thoubal,116687,420517.0,58.42857142857143,11.0,1.25531914893617,252156.0,0,37153.514191592265
imphal west,186641,514683.0,58.42857142857143,7.0,1.14,29863.0,0,95305.01274821824
imphal west,186641,514683.0,58.42857142857143,7.0,1.14,46604.0,0,101578.13116898053
imphal west,186641,514683.0,58.42857142857143,7.0,1.14,53577.0,0,66420.80382762589
imphal west,186641,514683.0,58.42857142857143,7.0,1.14,71845.0,0,51213.48364109227
imphal west,186641,514683.0,58.42857142857143,7.0,1.14,79612.0,0,33403.253455497055
imphal west,186641,514683.0,58.42857142857143,7.0,1.14,78677.0,0,69713.05841000515
imphal west,186641,514683.0,58.42857142857143,7.0,1.14,101022.0,0,69780.94664284604
imphal west,186641,514683.0,58.42857142857143,7.0,1.14,150073.0,0,69314.76632488918
imphal west,186641,514683.0,58.42857142857143,7.0,1.14,471392.0,0,81260.11223438336
imphal west,186641,514683.0,58.42857142857143,7.0,1.14,551775.0,0,85728.67619525855
imphal west,186641,514683.0,58.42857142857143,7.0,1.14,805964.0,0,33045.070621758045
imphal west,186641,514683.0,58.42857142857143,7.0,1.14,894877.0,0,42850.2745105747
imphal west,186641,514683.0,58.42857142857143,7.0,1.14,1693458.0,0,36006.53355063531
imphal west,186641,514683.0,58.42857142857143,7.0,1.14,2353896.0,0,79990.52705377148
imphal west,186641,514683.0,58.42857142857143,7.0,1.14,3027735.0,0,49240.76652542073
imphal west,186641,514683.0,58.42857142857143,7.0,1.14,3649688.0,0,55436.55862035478
imphal west,186641,514683.0,58.42857142857143,7.0,1.14,4129560.0,0,94090.81316549165
imphal west,186641,514683.0,58.42857142857143,7.0,1.14,4858000.0,0,68396.40679911144
imphal west,186641,514683.0,58.42857142857143,7.0,1.14,4865688.0,0,46785.978577387636
imphal west,186641,514683.0,58.42857142857143,7.0,1.14,4737839.0,0,18567.492237845247
imphal east,151350,452661.0,58.42857142857143,7.0,1.179245283018868,21960.0,0,34106.00993487186
imphal east,151350,452661.0,58.42857142857143,7.0,1.179245283018868,42065.0,0,29020.426427312883
imphal east,151350,452661.0,58.42857142857143,7.0,1.179245283018868,60511.0,0,60825.60601757921
imphal east,151350,452661.0,58.42857142857143,7.0,1.179245283018868,54610.0,0,88632.25733815023
imphal east,151350,452661.0,58.42857142857143,7.0,1.179245283018868,65076.0,0,51294.79463014126
imphal east,151350,452661.0,58.42857142857143,7.0,1.179245283018868,60830.0,0,64693.108553118655
imphal east,151350,452661.0,58.42857142857143,7.0,1.179245283018868,79728.0,0,52835.20947429672
imphal east,151350,452661.0,58.42857142857143,7.0,1.179245283018868,96589.0,0,53238.81865390293
imphal east,151350,452661.0,58.42857142857143,7.0,1.179245283018868,97573.0,0,83445.88008063851
imphal east,151350,452661.0,58.42857142857143,7.0,1.179245283018868,127255.0,0,100159.37038272558
imphal east,151350,452661.0,58.42857142857143,7.0,1.179245283018868,148992.0,0,71101.2948023323
imphal east,151350,452661.0,58.42857142857143,7.0,1.179245283018868,179438.0,0,36945.25601600384
imphal east,151350,452661.0,58.42857142857143,7.0,1.179245283018868,161841.0,0,75499.74633820637
imphal east,151350,452661.0,58.42857142857143,7.0,1.179245283018868,179337.0,0,92895.57403315298
imphal east,151350,452661.0,58.42857142857143,7.0,1.179245283018868,226128.0,0,83384.59973697258
imphal east,151350,452661.0,58.42857142857143,7.0,1.179245283018868,268205.0,0,64310.81720333509
imphal east,151350,452661.0,58.42857142857143,7.0,1.179245283018868,298053.0,0,5000.0
imphal east,151350,452661.0,58.42857142857143,7.0,1.179245283018868,334382.0,0,5000.0
imphal east,151350,452661.0,58.42857142857143,7.0,1.179245283018868,401052.0,0,42920.88665650629
imphal east,151350,452661.0,58.42857142857143,7.0,1.179245283018868,417476.0,0,57595.55704873872
ukhrul,59681,183115.0,58.42857142857143,6.0,1.7065217391304348,1399.0,0,53263.472454557384
ukhrul,59681,183115.0,58.42857142857143,6.0,1.7065217391304348,2800.0,0,16970.78816925693
ukhrul,59681,183115.0,58.42857142857143,6.0,1.7065217391304348,3600.0,0,71302.60832215613
ukhrul,59681,183115.0,58.42857142857143,6.0,1.7065217391304348,6222.0,0,5000.0
ukhrul,59681,183115.0,58.42857142857143,6.0,1.7065217391304348,7984.0,0,51681.31650722053
ukhrul,59681,183115.0,58.42857142857143,6.0,1.7065217391304348,11017.0,0,5000.0
ukhrul,59681,183115.0,58.42857142857143,6.0,1.7065217391304348,12148.0,0,65615.12469316322
ukhrul,59681,183115.0,58.42857142857143,6.0,1.7065217391304348,13355.0,0,48437.080473962895
ukhrul,59681,183115.0,58.42857142857143,6.0,1.7065217391304348,24243.0,0,42452.87475821515
ukhrul,59681,183115.0,58.42857142857143,6.0,1.7065217391304348,27857.0,0,76586.07160259571
ukhrul,59681,183115.0,58.42857142857143,6.0,1.7065217391304348,32947.0,0,67097.34583791735
ukhrul,59681,183115.0,58.42857142857143,6.0,1.7065217391304348,22415.0,0,54236.412750523
ukhrul,59681,183115.0,58.42857142857143,6.0,1.7065217391304348,28524.0,0,28360.576289302204
ukhrul,59681,183115.0,58.42857142857143,6.0,1.7065217391304348,35250.0,0,60148.14470631041
ukhrul,59681,183115.0,58.42857142857143,6.0,1.7065217391304348,45977.0,0,26381.91226625804
ukhrul,59681,183115.0,58.42857142857143,6.0,1.7065217391304348,48388.0,0,5000.0
ukhrul,59681,183115.0,58.42857142857143,6.0,1.7065217391304348,48127.0,0,117429.87359279896
chandel,39249,144028.0,58.42857142857143,4.0,1.791569086651054,9230.0,0,8976.084957541467
chandel,39249,144028.0,58.42857142857143,4.0,1.791569086651054,11650.0,0,50089.65567081836
chandel,39249,144028.0,58.42857142857143,4.0,1.791569086651054,13716.0,0,21696.663560577137
chandel,39249,144028.0,58.42857142857143,4.0,1.791569086651054,21517.0,0,20234.25679315895
chandel,39249,144028.0,58.42857142857143,4.0,1.791569086651054,25158.0,0,31841.58934980067
chandel,39249,144028.0,58.42857142857143,4.0,1.791569086651054,31540.0,0,5000.0
chandel,39249,144028.0,58.42857142857143,4.0,1.791569086651054,23884.0,0,14498.191121477144
chandel,39249,144028.0,58.42857142857143,4.0,1.791569086651054,29178.0,0,28707.58595168581
chandel,39249,144028.0,58.42857142857143,4.0,1.791569086651054,36126.0,0,20803.93634249031
chandel,39249,144028.0,58.42857142857143,4.0,1.791569086651054,39891.0,0,7561.114421720604
chandel,39249,144028.0,58.42857142857143,4.0,1.791569086651054,46964.0,0,5000.0
chandel,39249,144028.0,58.42857142857143,4.0,1.791569086651054,44845.0,0,18643.184444428975
mamit,27214,85757.0,58.42857142857143,45.0,1.28,1133.0,0,42705.61407449319
mamit,27214,85757.0,58.42857142857143,45.0,1.28,1813.0,0,41606.72525499456
mamit,27214,85757.0,58.42857142857143,45.0,1.28,2247.0,0,42327.431573438225
mamit,27214,85757.0,58.42857142857143,45.0,1.28,4168.0,0,5000.0
mamit,27214,85757.0,58.42857142857143,45.0,1.28,5400.0,0,20666.95184451148
mamit,27214,85757.0,58.42857142857143,45.0,1.28,5047.0,0,74665.46338611508
mamit,27214,85757.0,58.42857142857143,45.0,1.28,6296.0,0,35634.33611187306
mamit,27214,85757.0,58.42857142857143,45.0,1.28,8468.0,0,54863.33687357823
mamit,27214,85757.0,58.42857142857143,45.0,1.28,12136.0,0,47751.514762604136
mamit,27214,85757.0,58.42857142857143,45.0,1.28,15352.0,0,25504.2805405471
mamit,27214,85757.0,58.42857142857143,45.0,1.28,17199.0,0,15897.974471655427
mamit,27214,85757.0,58.42857142857143,45.0,1.28,21383.0,0,42455.4037437001
mamit,27214,85757.0,58.42857142857143,45.0,1.28,18670.0,0,28433.13932985076
mamit,27214,85757.0,58.42857142857143,45.0,1.28,20464.0,0,43871.96810285348
mamit,27214,85757.0,58.42857142857143,45.0,1.28,22878.0,0,39225.60305844533
mamit,27214,85757.0,58.42857142857143,45.0,1.28,28553.0,0,13677.498665982066
mamit,27214,85757.0,58.42857142857143,45.0,1.28,31141.0,0,5183.448036421911
mamit,27214,85757.0,58.42857142857143,45.0,1.28,35643.0,0,5210.947920078206
mamit,27214,85757.0,58.42857142857143,45.0,1.28,32604.0,0,43096.800698445375
mamit,27214,85757.0,58.42857142857143,45.0,1.28,39889.0,0,17202.558846233653
kolasib,31748,83054.0,58.42857142857143,48.0,1.0714285714285714,1457.0,0,22382.24372803548
kolasib,31748,83054.0,58.42857142857143,48.0,1.0714285714285714,2092.0,0,5000.0
kolasib,31748,83054.0,58.42857142857143,48.0,1.0714285714285714,2631.0,0,60678.257284478364
kolasib,31748,83054.0,58.42857142857143,48.0,1.0714285714285714,4701.0,0,39064.67241213122
kolasib,31748,83054.0,58.42857142857143,48.0,1.0714285714285714,5590.0,0,47374.068010162904
kolasib,31748,83054.0,58.42857142857143,48.0,1.0714285714285714,5077.0,0,60223.287105136435
kolasib,31748,83054.0,58.42857142857143,48.0,1.0714285714285714,6977.0,0,25513.90960482396
kolasib,31748,83054.0,58.42857142857143,48.0,1.0714285714285714,11051.0,0,28983.718620811458
kolasib,31748,83054.0,58.42857142857143,48.0,1.0714285714285714,11386.0,0,46881.104072636925
kolasib,31748,83054.0,58.42857142857143,48.0,1.0714285714285714,14432.0,0,24265.248878026418
kolasib,31748,83054.0,58.42857142857143,48.0,1.0714285714285714,15789.0,0,35012.65587099266
kolasib,31748,83054.0,58.42857142857143,48.0,1.0714285714285714,21149.0,0,42600.384506680595
kolasib,31748,83054.0,58.42857142857143,48.0,1.0714285714285714,22212.0,0,60151.36209529069
kolasib,31748,83054.0,58.42857142857143,48.0,1.0714285714285714,23910.0,0,56955.56074348687
kolasib,31748,83054.0,58.42857142857143,48.0,1.0714285714285714,30064.0,0,64197.37709832775
kolasib,31748,83054.0,58.42857142857143,48.0,1.0714285714285714,37950.0,0,14449.48445724994
kolasib,31748,83054.0,58.42857142857143,48.0,1.0714285714285714,41730.0,0,30694.62375937983
kolasib,31748,83054.0,58.42857142857143,48.0,1.0714285714285714,44824.0,0,69107.46335832904
kolasib,31748,83054.0,58.42857142857143,48.0,1.0714285714285714,44830.0,0,11264.262326452748
kolasib,31748,83054.0,58.42857142857143,48.0,1.0714285714285714,55854.0,0,30039.787588196516
aizawl,171048,404054.0,58.42857142857143,35.0,1.1126760563380282,12006.0,0,83654.07811751249
aizawl,171048,404054.0,58.42857142857143,35.0,1.1126760563380282,16353.0,0,80177.19547016418
aizawl,171048,404054.0,58.42857142857143,35.0,1.1126760563380282,24199.0,0,42843.15783995449
aizawl,171048,404054.0,58.42857142857143,35.0,1.1126760563380282,31828.0,0,81028.88537261143
aizawl,171048,404054.0,58.42857142857143,35.0,1.1126760563380282,40608.0,0,35034.80951745192
aizawl,171048,404054.0,58.42857142857143,35.0,1.1126760563380282,45257.0,0,32489.3875204395
aizawl,171048,404054.0,58.42857142857143,35.0,1.1126760563380282,54796.0,0,44471.10253856961
aizawl,171048,404054.0,58.42857142857143,35.0,1.1126760563380282,68532.0,0,27182.186429700392
aizawl,171048,404054.0,58.42857142857143,35.0,1.1126760563380282,78597.0,0,67195.07334843026
aizawl,171048,404054.0,58.42857142857143,35.0,1.1126760563380282,93369.0,0,54391.1226947933
aizawl,171048,404054.0,58.42857142857143,35.0,1.1126760563380282,136460.0,0,76337.54638380087
aizawl,171048,404054.0,58.42857142857143,35.0,1.1126760563380282,166039.0,0,98367.21410753381
aizawl,171048,404054.0,58.42857142857143,35.0,1.1126760563380282,182220.0,0,73304.90934149825
aizawl,171048,404054.0,58.42857142857143,35.0,1.1126760563380282,222893.0,0,53317.06004572587
aizawl,171048,404054.0,58.42857142857143,35.0,1.1126760563380282,276340.0,0,41410.11452879313
aizawl,171048,404054.0,58.42857142857143,35.0,1.1126760563380282,317555.0,0,45610.431779897735
aizawl,171048,404054.0,58.42857142857143,35.0,1.1126760563380282,341192.0,0,59146.68158001001
aizawl,171048,404054.0,58.42857142857143,35.0,1.1126760563380282,364786.0,0,71087.08797648305
aizawl,171048,404054.0,58.42857142857143,35.0,1.1126760563380282,383546.0,0,101081.75803395413
aizawl,171048,404054.0,58.42857142857143,35.0,1.1126760563380282,360350.0,0,29016.779908026438
champhai,49362,125370.0,58.42857142857143,35.0,1.1612903225806452,453.0,0,35122.55271563393
champhai,49362,125370.0,58.42857142857143,35.0,1.1612903225806452,834.0,0,58347.18523150832
champhai,49362,125370.0,58.42857142857143,35.0,1.1612903225806452,1099.0,0,5000.0
champhai,49362,125370.0,58.42857142857143,35.0,1.1612903225806452,1726.0,0,5000.0
champhai,49362,125370.0,58.42857142857143,35.0,1.1612903225806452,1865.0,0,10868.334157934301
champhai,49362,125370.0,58.42857142857143,35.0,1.1612903225806452,2055.0,0,38677.31380798875
champhai,49362,125370.0,58.42857142857143,35.0,1.1612903225806452,3512.0,0,34080.75361516916
champhai,49362,125370.0,58.42857142857143,35.0,1.1612903225806452,4878.0,0,26100.044407235728
champhai,49362,125370.0,58.42857142857143,35.0,1.1612903225806452,6269.0,0,12662.186249732067
champhai,49362,125370.0,58.42857142857143,35.0,1.1612903225806452,8480.0,0,22499.49975352433
champhai,49362,125370.0,58.42857142857143,35.0,1.1612903225806452,11286.0,0,30545.758082383756
champhai,49362,125370.0,58.42857142857143,35.0,1.1612903225806452,15587.0,0,20482.634298530706
champhai,49362,125370.0,58.42857142857143,35.0,1.1612903225806452,13769.0,0,5000.0
champhai,49362,125370.0,58.42857142857143,35.0,1.1612903225806452,15913.0,0,15958.425084242715
champhai,49362,125370.0,58.42857142857143,35.0,1.1612903225806452,18678.0,0,60115.31318331799
champhai,49362,125370.0,58.42857142857143,35.0,1.1612903225806452,25625.0,0,5000.0
champhai,49362,125370.0,58.42857142857143,35.0,1.1612903225806452,28284.0,0,51924.29840128672
champhai,49362,125370.0,58.42857142857143,35.0,1.1612903225806452,30607.0,0,21349.71479403092
champhai,49362,125370.0,58.42857142857143,35.0,1.1612903225806452,25701.0,0,83029.2714664091
champhai,49362,125370.0,58.42857142857143,35.0,1.1612903225806452,33252.0,0,16776.921501564524
serchhip,26878,64875.0,58.42857142857143,39.0,1.1272727272727272,691.0,0,10859.615788375004
serchhip,26878,64875.0,58.42857142857143,39.0,1.1272727272727272,1237.0,0,14170.475263922068
serchhip,26878,64875.0,58.42857142857143,39.0,1.1272727272727272,2133.0,0,18090.204023867023
serchhip,26878,64875.0,58.42857142857143,39.0,1.1272727272727272,2830.0,0,31237.88694789153
serchhip,26878,64875.0,58.42857142857143,39.0,1.1272727272727272,2964.0,0,7316.150830045635
serchhip,26878,64875.0,58.42857142857143,39.0,1.1272727272727272,2917.0,0,55125.66305672875
serchhip,26878,64875.0,58.42857142857143,39.0,1.1272727272727272,4389.0,0,5000.0
serchhip,26878,64875.0,58.42857142857143,39.0,1.1272727272727272,5889.0,0,46214.3008230666
serchhip,26878,64875.0,58.42857142857143,39.0,1.1272727272727272,7512.0,0,21074.230594267538
serchhip,26878,64875.0,58.42857142857143,39.0,1.1272727272727272,10425.0,0,21462.21402233962
serchhip,26878,64875.0,58.42857142857143,39.0,1.1272727272727272,10351.0,0,47966.65214641616
serchhip,26878,64875.0,58.42857142857143,39.0,1.1272727272727272,14804.0,0,27945.412412260455
serchhip,26878,64875.0,58.42857142857143,39.0,1.1272727272727272,12877.0,0,78074.16447281347
serchhip,26878,64875.0,58.42857142857143,39.0,1.1272727272727272,15664.0,0,29551.76688606407
serchhip,26878,64875.0,58.42857142857143,39.0,1.1272727272727272,19902.0,0,58516.49609138167
serchhip,26878,64875.0,58.42857142857143,39.0,1.1272727272727272,21092.0,0,27218.66644930098
serchhip,26878,64875.0,58.42857142857143,39.0,1.1272727272727272,25542.0,0,73934.40009002108
serchhip,26878,64875.0,58.42857142857143,39.0,1.1272727272727272,24248.0,0,50538.33516908945
serchhip,26878,64875.0,58.42857142857143,39.0,1.1272727272727272,23168.0,0,48161.91845295506
serchhip,26878,64875.0,58.42857142857143,39.0,1.1272727272727272,25172.0,0,39062.401286560875
lunglei,56607,154094.0,58.42857142857143,46.0,1.3153846153846154,1604.0,0,39385.559600451685
lunglei,56607,154094.0,58.42857142857143,46.0,1.3153846153846154,3249.0,0,106391.23823307212
lunglei,56607,154094.0,58.42857142857143,46.0,1.3153846153846154,4716.0,0,63664.791775227655
lunglei,56607,154094.0,58.42857142857143,46.0,1.3153846153846154,6349.0,0,23025.71436107221
lunglei,56607,154094.0,58.42857142857143,46.0,1.3153846153846154,8092.0,0,66308.95002101854
lunglei,56607,154094.0,58.42857142857143,46.0,1.3153846153846154,8919.0,0,16008.683338310992
lunglei,56607,154094.0,58.42857142857143,46.0,1.3153846153846154,13305.0,0,36790.92369641879
lunglei,56607,154094.0,58.42857142857143,46.0,1.3153846153846154,15344.0,0,70385.15464889539
lunglei,56607,154094.0,58.42857142857143,46.0,1.3153846153846154,19703.0,0,33329.69200095539
lunglei,56607,154094.0,58.42857142857143,46.0,1.3153846153846154,27260.0,0,90965.4030094935
lunglei,56607,154094.0,58.42857142857143,46.0,1.3153846153846154,30971.0,0,73929.8883403298
lunglei,56607,154094.0,58.42857142857143,46.0,1.3153846153846154,41847.0,0,9778.836135598725
lunglei,56607,154094.0,58.42857142857143,46.0,1.3153846153846154,40131.0,0,52441.210958548734
lunglei,56607,154094.0,58.42857142857143,46.0,1.3153846153846154,46084.0,0,74740.98270705424
lunglei,56607,154094.0,58.42857142857143,46.0,1.3153846153846154,55054.0,0,47367.991653172874
lunglei,56607,154094.0,58.42857142857143,46.0,1.3153846153846154,62996.0,0,86349.44043566681
lunglei,56607,154094.0,58.42857142857143,46.0,1.3153846153846154,70118.0,0,5000.0
lunglei,56607,154094.0,58.42857142857143,46.0,1.3153846153846154,71974.0,0,21327.40038939347
lunglei,56607,154094.0,58.42857142857143,46.0,1.3153846153846154,81428.0,0,32018.475731203143
lunglei,56607,154094.0,58.42857142857143,46.0,1.3153846153846154,99571.0,0,62886.27972633776
lawngtlai,26417,117444.0,58.42857142857143,32.0,1.524590163934426,735.0,0,46797.637133259836
lawngtlai,26417,117444.0,58.42857142857143,32.0,1.524590163934426,627.0,0,16825.80152577955
lawngtlai,26417,117444.0,58.42857142857143,32.0,1.524590163934426,1231.0,0,26383.383931133518
lawngtlai,26417,117444.0,58.42857142857143,32.0,1.524590163934426,2341.0,0,51529.168557314806
lawngtlai,26417,117444.0,58.42857142857143,32.0,1.524590163934426,3749.0,0,52393.77170294582
lawngtlai,26417,117444.0,58.42857142857143,32.0,1.524590163934426,4502.0,0,64761.31763071761
lawngtlai,26417,117444.0,58.42857142857143,32.0,1.524590163934426,6097.0,0,24756.935835318603
lawngtlai,26417,117444.0,58.42857142857143,32.0,1.524590163934426,8069.0,0,15462.948542877839
lawngtlai,26417,117444.0,58.42857142857143,32.0,1.524590163934426,13887.0,0,12855.744062337413
lawngtlai,26417,117444.0,58.42857142857143,32.0,1.524590163934426,22369.0,0,55310.306650166924
lawngtlai,26417,117444.0,58.42857142857143,32.0,1.524590163934426,25540.0,0,28326.026120753893
lawngtlai,26417,117444.0,58.42857142857143,32.0,1.524590163934426,32803.0,0,28105.101540274234
lawngtlai,26417,117444.0,58.42857142857143,32.0,1.524590163934426,31658.0,0,13307.937369776297
lawngtlai,26417,117444.0,58.42857142857143,32.0,1.524590163934426,38779.0,0,68871.30442031479
lawngtlai,26417,117444.0,58.42857142857143,32.0,1.524590163934426,44431.0,0,41713.00571347845
lawngtlai,26417,117444.0,58.42857142857143,32.0,1.524590163934426,47572.0,0,47058.2006510604
lawngtlai,26417,117444.0,58.42857142857143,32.0,1.524590163934426,52546.0,0,80645.60184736612
lawngtlai,26417,117444.0,58.42857142857143,32.0,1.524590163934426,55575.0,0,5000.0
lawngtlai,26417,117444.0,58.42857142857143,32.0,1.524590163934426,52771.0,0,16599.871662457528
lawngtlai,26417,117444.0,58.42857142857143,32.0,1.524590163934426,60120.0,0,36281.54743002562
saiha,20372,56366.0,58.42857142857143,37.0,1.4301075268817205,482.0,0,5000.0
saiha,20372,56366.0,58.42857142857143,37.0,1.4301075268817205,846.0,0,27789.564198065134
saiha,20372,56366.0,58.42857142857143,37.0,1.4301075268817205,1060.0,0,11415.620339669667
saiha,20372,56366.0,58.42857142857143,37.0,1.4301075268817205,1299.0,0,48886.23715472228
saiha,20372,56366.0,58.42857142857143,37.0,1.4301075268817205,2038.0,0,24914.974617460037
saiha,20372,56366.0,58.42857142857143,37.0,1.4301075268817205,1897.0,0,40431.46076469585
saiha,20372,56366.0,58.42857142857143,37.0,1.4301075268817205,2722.0,0,30478.626765120003
saiha,20372,56366.0,58.42857142857143,37.0,1.4301075268817205,3008.0,0,35056.7978784177
saiha,20372,56366.0,58.42857142857143,37.0,1.4301075268817205,4119.0,0,42686.734070125814
saiha,20372,56366.0,58.42857142857143,37.0,1.4301075268817205,6775.0,0,64582.18669040335
saiha,20372,56366.0,58.42857142857143,37.0,1.4301075268817205,7107.0,0,13053.488762437011
saiha,20372,56366.0,58.42857142857143,37.0,1.4301075268817205,8995.0,0,52872.21267751883
saiha,20372,56366.0,58.42857142857143,37.0,1.4301075268817205,8038.0,0,42388.769541302565
saiha,20372,56366.0,58.42857142857143,37.0,1.4301075268817205,10633.0,0,37443.644600648324
saiha,20372,56366.0,58.42857142857143,37.0,1.4301075268817205,11182.0,0,25505.181827639717
saiha,20372,56366.0,58.42857142857143,37.0,1.4301075268817205,11986.0,0,10440.300611796602
saiha,20372,56366.0,58.42857142857143,37.0,1.4301075268817205,14364.0,0,30918.29155632831
saiha,20372,56366.0,58.42857142857143,37.0,1.4301075268817205,16320.0,0,61136.314487020834
saiha,20372,56366.0,58.42857142857143,37.0,1.4301075268817205,14990.0,0,33544.6123552895
saiha,20372,56366.0,58.42857142857143,37.0,1.4301075268817205,19566.0,0,14552.610736800072
west tripura,638356,1724619.0,58.42857142857143,27.0,1.0964467005076142,70467.0,0,186541.74758481912
west tripura,638356,1724619.0,58.42857142857143,27.0,1.0964467005076142,108318.0,0,195963.8636780953
west tripura,638356,1724619.0,58.42857142857143,27.0,1.0964467005076142,168029.0,0,200000.0
west tripura,638356,1724619.0,58.42857142857143,27.0,1.0964467005076142,192827.0,0,200000.0
west tripura,638356,1724619.0,58.42857142857143,27.0,1.0964467005076142,269281.0,0,179385.94466586647
west tripura,638356,1724619.0,58.42857142857143,27.0,1.0964467005076142,259708.0,0,195096.17246271583
west tripura,638356,1724619.0,58.42857142857143,27.0,1.0964467005076142,370916.0,0,200000.0
west tripura,638356,1724619.0,58.42857142857143,27.0,1.0964467005076142,394538.0,0,200000.0
west tripura,638356,1724619.0,58.42857142857143,27.0,1.0964467005076142,461888.0,0,200000.0
west tripura,638356,1724619.0,58.42857142857143,27.0,1.0964467005076142,422021.0,0,180190.33094248633
west tripura,638356,1724619.0,58.42857142857143,27.0,1.0964467005076142,522218.0,0,124703.24827584816
west tripura,638356,1724619.0,58.42857142857143,27.0,1.0964467005076142,692509.0,0,200000.0
west tripura,638356,1724619.0,58.42857142857143,27.0,1.0964467005076142,692376.0,0,184062.99123477846
west tripura,638356,1724619.0,58.42857142857143,27.0,1.0964467005076142,772723.0,0,176853.42885489552
west tripura,638356,1724619.0,58.42857142857143,27.0,1.0964467005076142,960039.0,0,200000.0
west tripura,638356,1724619.0,58.42857142857143,27.0,1.0964467005076142,1174499.0,0,180624.77067067617
west tripura,638356,1724619.0,58.42857142857143,27.0,1.0964467005076142,1340631.0,0,167527.0205339116
west tripura,638356,1724619.0,58.42857142857143,27.0,1.0964467005076142,1654938.0,0,183187.49239569553
west tripura,638356,1724619.0,58.42857142857143,27.0,1.0964467005076142,2286054.0,0,200000.0
west tripura,638356,1724619.0,58.42857142857143,27.0,1.0964467005076142,3006900.0,0,200000.0
south tripura,295728,875144.0,58.42857142857143,32.0,1.308550185873606,18338.0,0,102841.87230312015
south tripura,295728,875144.0,58.42857142857143,32.0,1.308550185873606,22366.0,0,54765.46842806995
south tripura,295728,875144.0,58.42857142857143,32.0,1.308550185873606,49250.0,0,107526.09654030984
south tripura,295728,875144.0,58.42857142857143,32.0,1.308550185873606,49820.0,0,100049.34067017585
south tripura,295728,875144.0,58.42857142857143,32.0,1.308550185873606,64445.0,0,87246.82760300954
south tripura,295728,875144.0,58.42857142857143,32.0,1.308550185873606,58687.0,0,87145.85994829643
south tripura,295728,875144.0,58.42857142857143,32.0,1.308550185873606,66682.0,0,111793.0209990881
south tripura,295728,875144.0,58.42857142857143,32.0,1.308550185873606,76273.0,0,92242.21971722144
south tripura,295728,875144.0,58.42857142857143,32.0,1.308550185873606,89869.0,0,122743.36866549186
south tripura,295728,875144.0,58.42857142857143,32.0,1.308550185873606,120386.0,0,99010.64599945852
south tripura,295728,875144.0,58.42857142857143,32.0,1.308550185873606,151881.0,0,110501.01883019059
south tripura,295728,875144.0,58.42857142857143,32.0,1.308550185873606,182583.0,0,146159.69872059982
south tripura,295728,875144.0,58.42857142857143,32.0,1.308550185873606,150265.0,0,58433.39947623001
south tripura,295728,875144.0,58.42857142857143,32.0,1.308550185873606,171713.0,0,120575.78499521968
south tripura,295728,875144.0,58.42857142857143,32.0,1.308550185873606,186827.0,0,55514.60071226973
south tripura,295728,875144.0,58.42857142857143,32.0,1.308550185873606,219422.0,0,72819.84008175558
south tripura,295728,875144.0,58.42857142857143,32.0,1.308550185873606,242720.0,0,55462.094914766625
south tripura,295728,875144.0,58.42857142857143,32.0,1.308550185873606,270412.0,0,90917.77764694569
south tripura,295728,875144.0,58.42857142857143,32.0,1.308550185873606,286379.0,0,55495.53788038284
south tripura,295728,875144.0,58.42857142857143,32.0,1.308550185873606,318517.0,0,71147.67955565115
dhalai,124574,377988.0,58.42857142857143,47.0,1.3571428571428572,9195.0,0,58296.10653834364
dhalai,124574,377988.0,58.42857142857143,47.0,1.3571428571428572,14563.0,0,70123.56941628942
dhalai,124574,377988.0,58.42857142857143,47.0,1.3571428571428572,22350.0,0,59535.39237846033
dhalai,124574,377988.0,58.42857142857143,47.0,1.3571428571428572,28775.0,0,63955.97491948302
dhalai,124574,377988.0,58.42857142857143,47.0,1.3571428571428572,33295.0,0,25128.115438427576
dhalai,124574,377988.0,58.42857142857143,47.0,1.3571428571428572,35446.0,0,72029.4307581413
dhalai,124574,377988.0,58.42857142857143,47.0,1.3571428571428572,44468.0,0,18058.06390874766
dhalai,124574,377988.0,58.42857142857143,47.0,1.3571428571428572,52188.0,0,37017.47240538617
dhalai,124574,377988.0,58.42857142857143,47.0,1.3571428571428572,61425.0,0,81519.23582853483
dhalai,124574,377988.0,58.42857142857143,47.0,1.3571428571428572,91473.0,0,60356.529278105634
dhalai,124574,377988.0,58.42857142857143,47.0,1.3571428571428572,114616.0,0,35983.29285149678
dhalai,124574,377988.0,58.42857142857143,47.0,1.3571428571428572,137188.0,0,74795.86662566265
dhalai,124574,377988.0,58.42857142857143,47.0,1.3571428571428572,116945.0,0,38568.007199301275
dhalai,124574,377988.0,58.42857142857143,47.0,1.3571428571428572,138998.0,0,46269.92283397609
dhalai,124574,377988.0,58.42857142857143,47.0,1.3571428571428572,167446.0,0,5377.221089706058
dhalai,124574,377988.0,58.42857142857143,47.0,1.3571428571428572,194907.0,0,50285.992443166426
dhalai,124574,377988.0,58.42857142857143,47.0,1.3571428571428572,216216.0,0,36967.24628812655
dhalai,124574,377988.0,58.42857142857143,47.0,1.3571428571428572,258585.0,0,51217.547953835674
dhalai,124574,377988.0,58.42857142857143,47.0,1.3571428571428572,287101.0,0,66150.22479188851
dhalai,124574,377988.0,58.42857142857143,47.0,1.3571428571428572,289984.0,0,85499.74400011271
north tripura,244756,693281.0,58.42857142857143,41.0,1.3138297872340423,9915.0,0,102553.86235981008
north tripura,244756,693281.0,58.42857142857143,41.0,1.3138297872340423,13859.0,0,103385.04105680055
north tripura,244756,693281.0,58.42857142857143,41.0,1.3138297872340423,25747.0,0,53951.98836545202
north tripura,244756,693281.0,58.42857142857143,41.0,1.3138297872340423,34385.0,0,105626.71951556126
north tripura,244756,693281.0,58.42857142857143,41.0,1.3138297872340423,35513.0,0,54381.176822748814
north tripura,244756,693281.0,58.42857142857143,41.0,1.3138297872340423,34750.0,0,147057.94631653477
north tripura,244756,693281.0,58.42857142857143,41.0,1.3138297872340423,49503.0,0,105085.42005399667
north tripura,244756,693281.0,58.42857142857143,41.0,1.3138297872340423,61226.0,0,46730.15417686937
north tripura,244756,693281.0,58.42857142857143,41.0,1.3138297872340423,71460.0,0,74384.12583868296
north tripura,244756,693281.0,58.42857142857143,41.0,1.3138297872340423,101129.0,0,78109.23726868503
north tripura,244756,693281.0,58.42857142857143,41.0,1.3138297872340423,126884.0,0,73788.77651503876
north tripura,244756,693281.0,58.42857142857143,41.0,1.3138297872340423,164023.0,0,78649.50124305626
north tripura,244756,693281.0,58.42857142857143,41.0,1.3138297872340423,143060.0,0,36497.127689046625
north tripura,244756,693281.0,58.42857142857143,41.0,1.3138297872340423,176067.0,0,39534.01914224154
north tripura,244756,693281.0,58.42857142857143,41.0,1.3138297872340423,210698.0,0,80757.4130882842
north tripura,244756,693281.0,58.42857142857143,41.0,1.3138297872340423,255959.0,0,57822.82915686999
north tripura,244756,693281.0,58.42857142857143,41.0,1.3138297872340423,310764.0,0,53372.67460699147
north tripura,244756,693281.0,58.42857142857143,41.0,1.3138297872340423,347933.0,0,67142.07237506287
north tripura,244756,693281.0,58.42857142857143,41.0,1.3138297872340423,400198.0,0,76578.86815509948
north tripura,244756,693281.0,58.42857142857143,41.0,1.3138297872340423,460914.0,0,52190.36425089538
west garo hills,165264,642923.0,58.42857142857143,25.0,1.704225352112676,7660.0,0,47215.01539545115
west garo hills,165264,642923.0,58.42857142857143,25.0,1.704225352112676,10651.0,0,83336.7355319863
west garo hills,165264,642923.0,58.42857142857143,25.0,1.704225352112676,17911.0,0,50945.892223382536
west garo hills,165264,642923.0,58.42857142857143,25.0,1.704225352112676,29000.0,0,85101.40028360685
west garo hills,165264,642923.0,58.42857142857143,25.0,1.704225352112676,30087.0,0,63475.83121970194
west garo hills,165264,642923.0,58.42857142857143,25.0,1.704225352112676,32077.0,0,13101.184824677264
west garo hills,165264,642923.0,58.42857142857143,25.0,1.704225352112676,45652.0,0,17229.73989946732
west garo hills,165264,642923.0,58.42857142857143,25.0,1.704225352112676,51137.0,0,49817.961038605834
west garo hills,165264,642923.0,58.42857142857143,25.0,1.704225352112676,65263.0,0,69146.75740698737
west garo hills,165264,642923.0,58.42857142857143,25.0,1.704225352112676,107355.0,0,94947.43128245321
west garo hills,165264,642923.0,58.42857142857143,25.0,1.704225352112676,117550.0,0,58106.54367842468
west garo hills,165264,642923.0,58.42857142857143,25.0,1.704225352112676,149536.0,0,63789.45352098301
west garo hills,165264,642923.0,58.42857142857143,25.0,1.704225352112676,133362.0,0,53066.552875883855
west garo hills,165264,642923.0,58.42857142857143,25.0,1.704225352112676,174186.0,0,48348.997259476484
west garo hills,165264,642923.0,58.42857142857143,25.0,1.704225352112676,207635.0,0,41969.881929076044
west garo hills,165264,642923.0,58.42857142857143,25.0,1.704225352112676,261543.0,0,40578.87074349297
west garo hills,165264,642923.0,58.42857142857143,25.0,1.704225352112676,325791.0,0,53723.06752386055
west garo hills,165264,642923.0,58.42857142857143,25.0,1.704225352112676,392151.0,0,58220.32767974821
west garo hills,165264,642923.0,58.42857142857143,25.0,1.704225352112676,508052.0,0,55819.9322750627
west garo hills,165264,642923.0,58.42857142857143,25.0,1.704225352112676,612945.0,0,60033.189843677945
east garo hills,89634,317618.0,58.42857142857143,28.0,1.5720164609053495,749.0,0,50782.70659579119
east garo hills,89634,317618.0,58.42857142857143,28.0,1.5720164609053495,832.0,0,17261.091409216224
east garo hills,89634,317618.0,58.42857142857143,28.0,1.5720164609053495,1323.0,0,30596.378817674802
east garo hills,89634,317618.0,58.42857142857143,28.0,1.5720164609053495,2808.0,0,5000.0
east garo hills,89634,317618.0,58.42857142857143,28.0,1.5720164609053495,3529.0,0,37988.23428109257
east garo hills,89634,317618.0,58.42857142857143,28.0,1.5720164609053495,3926.0,0,68254.73785677904
east garo hills,89634,317618.0,58.42857142857143,28.0,1.5720164609053495,5970.0,0,46035.845780814096
east garo hills,89634,317618.0,58.42857142857143,28.0,1.5720164609053495,7811.0,0,55403.66048704498
east garo hills,89634,317618.0,58.42857142857143,28.0,1.5720164609053495,10003.0,0,14081.037294422305
east garo hills,89634,317618.0,58.42857142857143,28.0,1.5720164609053495,19865.0,0,26955.22387504142
east garo hills,89634,317618.0,58.42857142857143,28.0,1.5720164609053495,19353.0,0,75727.53828486464
east garo hills,89634,317618.0,58.42857142857143,28.0,1.5720164609053495,23262.0,0,52560.1527490905
east garo hills,89634,317618.0,58.42857142857143,28.0,1.5720164609053495,18473.0,0,23585.186591178983
east garo hills,89634,317618.0,58.42857142857143,28.0,1.5720164609053495,24431.0,0,28907.96889846534
east garo hills,89634,317618.0,58.42857142857143,28.0,1.5720164609053495,29654.0,0,24233.670880157406
east garo hills,89634,317618.0,58.42857142857143,28.0,1.5720164609053495,37744.0,0,71614.12131285817
east garo hills,89634,317618.0,58.42857142857143,28.0,1.5720164609053495,42878.0,0,46581.65784112248
east garo hills,89634,317618.0,58.42857142857143,28.0,1.5720164609053495,46150.0,0,50347.920965311176
east garo hills,89634,317618.0,58.42857142857143,28.0,1.5720164609053495,47047.0,0,13647.487704766343
east garo hills,89634,317618.0,58.42857142857143,28.0,1.5720164609053495,59445.0,0,42460.78728443809
south garo hills,37059,142574.0,58.42857142857143,24.0,1.7466666666666666,705.0,0,44825.76504320241
south garo hills,37059,142574.0,58.42857142857143,24.0,1.7466666666666666,1103.0,0,45375.839055821554
south garo hills,37059,142574.0,58.42857142857143,24.0,1.7466666666666666,2110.0,0,45637.718737129704
south garo hills,37059,142574.0,58.42857142857143,24.0,1.7466666666666666,3037.0,0,5000.0
south garo hills,37059,142574.0,58.42857142857143,24.0,1.7466666666666666,3146.0,0,72444.4640103644
south garo hills,37059,142574.0,58.42857142857143,24.0,1.7466666666666666,3048.0,0,79045.17290916183
south garo hills,37059,142574.0,58.42857142857143,24.0,1.7466666666666666,4768.0,0,37114.69572585936
south garo hills,37059,142574.0,58.42857142857143,24.0,1.7466666666666666,7020.0,0,61153.09946735312
south garo hills,37059,142574.0,58.42857142857143,24.0,1.7466666666666666,10483.0,0,55464.243628618395
south garo hills,37059,142574.0,58.42857142857143,24.0,1.7466666666666666,15934.0,0,5000.0
south garo hills,37059,142574.0,58.42857142857143,24.0,1.7466666666666666,17171.0,0,33664.480425520094
south garo hills,37059,142574.0,58.42857142857143,24.0,1.7466666666666666,22487.0,0,10996.958769710154
south garo hills,37059,142574.0,58.42857142857143,24.0,1.7466666666666666,19054.0,0,31141.738517491096
south garo hills,37059,142574.0,58.42857142857143,24.0,1.7466666666666666,21894.0,0,14700.744385141652
south garo hills,37059,142574.0,58.42857142857143,24.0,1.7466666666666666,23378.0,0,9385.681768467954
south garo hills,37059,142574.0,58.42857142857143,24.0,1.7466666666666666,28989.0,0,47382.73038183423
south garo hills,37059,142574.0,58.42857142857143,24.0,1.7466666666666666,43827.0,0,15688.881618449632
south garo hills,37059,142574.0,58.42857142857143,24.0,1.7466666666666666,33680.0,0,5000.0
south garo hills,37059,142574.0,58.42857142857143,24.0,1.7466666666666666,35206.0,0,30869.856317158854
south garo hills,37059,142574.0,58.42857142857143,24.0,1.7466666666666666,47478.0,0,58039.6362427751
west khasi hills,113371,385601.0,58.42857142857143,36.0,1.7023498694516972,1079.0,0,84502.95394102228
west khasi hills,113371,385601.0,58.42857142857143,36.0,1.7023498694516972,742.0,0,60465.37302145467
west khasi hills,113371,385601.0,58.42857142857143,36.0,1.7023498694516972,1228.0,0,86376.94228257933
west khasi hills,113371,385601.0,58.42857142857143,36.0,1.7023498694516972,2821.0,0,57743.53013590684
west khasi hills,113371,385601.0,58.42857142857143,36.0,1.7023498694516972,3646.0,0,83055.19944085242
west khasi hills,113371,385601.0,58.42857142857143,36.0,1.7023498694516972,3012.0,0,64012.66697709738
west khasi hills,113371,385601.0,58.42857142857143,36.0,1.7023498694516972,4604.0,0,74086.00205645068
west khasi hills,113371,385601.0,58.42857142857143,36.0,1.7023498694516972,5296.0,0,36566.39606144464
west khasi hills,113371,385601.0,58.42857142857143,36.0,1.7023498694516972,7569.0,0,47433.78085133059
west khasi hills,113371,385601.0,58.42857142857143,36.0,1.7023498694516972,14911.0,0,34563.40979335687
west khasi hills,113371,385601.0,58.42857142857143,36.0,1.7023498694516972,15031.0,0,31541.79700098891
west khasi hills,113371,385601.0,58.42857142857143,36.0,1.7023498694516972,18440.0,0,31457.3444100735
west khasi hills,113371,385601.0,58.42857142857143,36.0,1.7023498694516972,16947.0,0,44425.86133164134
west khasi hills,113371,385601.0,58.42857142857143,36.0,1.7023498694516972,16590.0,0,23948.932408122717
west khasi hills,113371,385601.0,58.42857142857143,36.0,1.7023498694516972,17524.0,0,16814.399490418964
west khasi hills,113371,385601.0,58.42857142857143,36.0,1.7023498694516972,29960.0,0,33078.123714306756
west khasi hills,113371,385601.0,58.42857142857143,36.0,1.7023498694516972,36687.0,0,50179.36259785977
west khasi hills,113371,385601.0,58.42857142857143,36.0,1.7023498694516972,31223.0,0,63809.90072897615
west khasi hills,113371,385601.0,58.42857142857143,36.0,1.7023498694516972,29296.0,0,64311.98838381289
west khasi hills,113371,385601.0,58.42857142857143,36.0,1.7023498694516972,41404.0,0,48435.35141056741
ribhoi,74882,1698560.0,58.42857142857143,31.0,1.2838878674801244,6029.0,0,42718.86464477017
ribhoi,74882,1698560.0,58.42857142857143,31.0,1.2838878674801244,8761.0,0,24679.926558443818
ribhoi,74882,1698560.0,58.42857142857143,31.0,1.2838878674801244,13023.0,0,21712.07312822346
ribhoi,74882,1698560.0,58.42857142857143,31.0,1.2838878674801244,18294.0,0,44550.95584209281
ribhoi,74882,1698560.0,58.42857142857143,31.0,1.2838878674801244,27304.0,0,68422.3698872815
ribhoi,74882,1698560.0,58.42857142857143,31.0,1.2838878674801244,27488.0,0,35384.89469007435
ribhoi,74882,1698560.0,58.42857142857143,31.0,1.2838878674801244,36292.0,0,5000.0
ribhoi,74882,1698560.0,58.42857142857143,31.0,1.2838878674801244,42953.0,0,5000.0
ribhoi,74882,1698560.0,58.42857142857143,31.0,1.2838878674801244,51789.0,0,43430.549887762274
ribhoi,74882,1698560.0,58.42857142857143,31.0,1.2838878674801244,60451.0,0,33965.60093294306
ribhoi,74882,1698560.0,58.42857142857143,31.0,1.2838878674801244,64590.0,0,34578.895039379
ribhoi,74882,1698560.0,58.42857142857143,31.0,1.2838878674801244,90879.0,0,25945.128589519933
ribhoi,74882,1698560.0,58.42857142857143,31.0,1.2838878674801244,98957.0,0,62680.900591279875
ribhoi,74882,1698560.0,58.42857142857143,31.0,1.2838878674801244,111231.0,0,30412.56074524588
ribhoi,74882,1698560.0,58.42857142857143,31.0,1.2838878674801244,135524.0,0,41463.454083287594
ribhoi,74882,1698560.0,58.42857142857143,31.0,1.2838878674801244,210094.0,0,34763.17460769579
ribhoi,74882,1698560.0,58.42857142857143,31.0,1.2838878674801244,257923.0,0,44738.21425759775
ribhoi,74882,1698560.0,58.42857142857143,31.0,1.2838878674801244,337102.0,0,61840.8384034621
ribhoi,74882,1698560.0,58.42857142857143,31.0,1.2838878674801244,400075.0,0,5093.736798157977
ribhoi,74882,1698560.0,58.42857142857143,31.0,1.2838878674801244,416100.0,0,5000.0
east khasi hills,290760,824059.0,58.42857142857143,24.0,1.4846765039727583,23283.0,0,100865.47136848728
east khasi hills,290760,824059.0,58.42857142857143,24.0,1.4846765039727583,33966.0,0,86196.68978116536
east khasi hills,290760,824059.0,58.42857142857143,24.0,1.4846765039727583,54015.0,0,88405.8013213897
east khasi hills,290760,824059.0,58.42857142857143,24.0,1.4846765039727583,70386.0,0,67204.12360994803
east khasi hills,290760,824059.0,58.42857142857143,24.0,1.4846765039727583,101662.0,0,90688.97195041354
east khasi hills,290760,824059.0,58.42857142857143,24.0,1.4846765039727583,126665.0,0,110710.30320329922
east khasi hills,290760,824059.0,58.42857142857143,24.0,1.4846765039727583,156970.0,0,112181.57458238096
east khasi hills,290760,824059.0,58.42857142857143,24.0,1.4846765039727583,189936.0,0,78195.3957109873
east khasi hills,290760,824059.0,58.42857142857143,24.0,1.4846765039727583,280817.0,0,119405.07825265297
east khasi hills,290760,824059.0,58.42857142857143,24.0,1.4846765039727583,294655.0,0,93868.3074809692
east khasi hills,290760,824059.0,58.42857142857143,24.0,1.4846765039727583,239307.0,0,132343.66563278943
east khasi hills,290760,824059.0,58.42857142857143,24.0,1.4846765039727583,298622.0,0,78045.62750268183
east khasi hills,290760,824059.0,58.42857142857143,24.0,1.4846765039727583,322156.0,0,99153.11980272141
east khasi hills,290760,824059.0,58.42857142857143,24.0,1.4846765039727583,386773.0,0,76787.85326882245
east khasi hills,290760,824059.0,58.42857142857143,24.0,1.4846765039727583,475308.0,0,134994.50663869845
east khasi hills,290760,824059.0,58.42857142857143,24.0,1.4846765039727583,602012.0,0,80657.27539356901
east khasi hills,290760,824059.0,58.42857142857143,24.0,1.4846765039727583,653082.0,0,96990.71074593576
east khasi hills,290760,824059.0,58.42857142857143,24.0,1.4846765039727583,853333.0,0,54161.7832628379
east khasi hills,290760,824059.0,58.42857142857143,24.0,1.4846765039727583,2924522.0,0,73672.5488850626
east khasi hills,290760,824059.0,58.42857142857143,24.0,1.4846765039727583,2285868.0,0,127125.95049649659
jaintia hills,100156,392852.0,58.42857142857143,31.0,1.2838878674801244,1047786.5,1,46762.1369660951
kokrajhar,214085,886999.0,58.42857142857143,35.0,1.4846796657381616,1047786.5,1,81002.1095903678
dhubri,410790,1948632.0,58.42857142857143,44.0,1.7502762430939227,120810.0,0,127773.3017183878
dhubri,410790,1948632.0,58.42857142857143,44.0,1.7502762430939227,129363.0,0,157008.26640735357
dhubri,410790,1948632.0,58.42857142857143,44.0,1.7502762430939227,528440.0,0,122039.30284868435
dhubri,410790,1948632.0,58.42857142857143,44.0,1.7502762430939227,668723.0,0,142805.74478587296
dhubri,410790,1948632.0,58.42857142857143,44.0,1.7502762430939227,947815.0,0,125945.69391822805
dhubri,410790,1948632.0,58.42857142857143,44.0,1.7502762430939227,1247298.0,0,94429.40468745638
dhubri,410790,1948632.0,58.42857142857143,44.0,1.7502762430939227,1748061.0,0,105693.31296856166
dhubri,410790,1948632.0,58.42857142857143,44.0,1.7502762430939227,2223747.0,0,114115.53136687803
dhubri,410790,1948632.0,58.42857142857143,44.0,1.7502762430939227,2801543.0,0,124849.73064308547
goalpara,259275,1008959.0,26.0,34.0,1.5190930787589498,139662.0,0,114720.18592119604
goalpara,259275,1008959.0,26.0,34.0,1.5190930787589498,381733.0,0,116492.51288001188
goalpara,259275,1008959.0,26.0,34.0,1.5190930787589498,400249.0,0,96591.38968829068
goalpara,259275,1008959.0,26.0,34.0,1.5190930787589498,544911.0,0,101944.0859540866
goalpara,259275,1008959.0,26.0,34.0,1.5190930787589498,650085.0,0,85544.28027369903
goalpara,259275,1008959.0,26.0,34.0,1.5190930787589498,920783.0,0,108730.10025873917
goalpara,259275,1008959.0,26.0,34.0,1.5190930787589498,1299073.0,0,89811.82958094298
goalpara,259275,1008959.0,26.0,34.0,1.5190930787589498,1660385.0,0,85749.49183811492
goalpara,259275,1008959.0,26.0,34.0,1.5190930787589498,2054687.0,0,61376.2270893525
goalpara,259275,1008959.0,26.0,34.0,1.5190930787589498,2471469.0,0,77037.78749309396
barpeta,398020,1693190.0,58.42857142857143,36.0,1.625586854460094,67801.0,0,138068.0371245928
barpeta,398020,1693190.0,58.42857142857143,36.0,1.625586854460094,102217.0,0,135670.59451822436
barpeta,398020,1693190.0,58.42857142857143,36.0,1.625586854460094,145945.0,0,107840.04823159619
barpeta,398020,1693190.0,58.42857142857143,36.0,1.625586854460094,225449.0,0,73514.72748759737
barpeta,398020,1693190.0,58.42857142857143,36.0,1.625586854460094,262834.0,0,127502.85925185481
barpeta,398020,1693190.0,58.42857142857143,36.0,1.625586854460094,228864.0,0,115656.19985688418
barpeta,398020,1693190.0,58.42857142857143,36.0,1.625586854460094,262253.0,0,100700.87814054091
barpeta,398020,1693190.0,58.42857142857143,36.0,1.625586854460094,295624.0,0,153849.38942944552
barpeta,398020,1693190.0,58.42857142857143,36.0,1.625586854460094,367963.0,0,112423.67408518752
barpeta,398020,1693190.0,58.42857142857143,36.0,1.625586854460094,519590.0,0,124633.17726260771
barpeta,398020,1693190.0,58.42857142857143,36.0,1.625586854460094,553783.0,0,120797.92929805958
barpeta,398020,1693190.0,58.42857142857143,36.0,1.625586854460094,724763.0,0,123050.48032796333
barpeta,398020,1693190.0,58.42857142857143,36.0,1.625586854460094,768249.0,0,144045.81466264446
barpeta,398020,1693190.0,58.42857142857143,36.0,1.625586854460094,1094358.0,0,76841.9096758505
barpeta,398020,1693190.0,58.42857142857143,36.0,1.625586854460094,1436928.0,0,132261.74828693207
barpeta,398020,1693190.0,58.42857142857143,36.0,1.625586854460094,2145496.0,0,130704.88370442239
barpeta,398020,1693190.0,58.42857142857143,36.0,1.625586854460094,2846523.0,0,103773.59273792236
barpeta,398020,1693190.0,58.42857142857143,36.0,1.625586854460094,3782074.0,0,161166.10356091143
barpeta,398020,1693190.0,58.42857142857143,36.0,1.625586854460094,4561028.0,0,162382.4172447988
barpeta,398020,1693190.0,58.42857142857143,36.0,1.625586854460094,5914147.0,0,90167.87793879336
morigaon,250204,957853.0,58.42857142857143,33.0,1.2838878674801244,1047786.5,1,84187.47490075057
nagaon,788866,2826006.0,22.714285714285715,26.0,1.529531568228106,66695.0,0,200000.0
nagaon,788866,2826006.0,22.714285714285715,26.0,1.529531568228106,105834.0,0,200000.0
nagaon,788866,2826006.0,22.714285714285715,26.0,1.529531568228106,142195.0,0,200000.0
nagaon,788866,2826006.0,22.714285714285715,26.0,1.529531568228106,435103.0,0,200000.0
nagaon,788866,2826006.0,22.714285714285715,26.0,1.529531568228106,265767.0,0,200000.0
nagaon,788866,2826006.0,22.714285714285715,26.0,1.529531568228106,231423.0,0,177707.64585375725
nagaon,788866,2826006.0,22.714285714285715,26.0,1.529531568228106,258566.0,0,200000.0
nagaon,788866,2826006.0,22.714285714285715,26.0,1.529531568228106,287586.0,0,200000.0
nagaon,788866,2826006.0,22.714285714285715,26.0,1.529531568228106,360749.0,0,200000.0
nagaon,788866,2826006.0,22.714285714285715,26.0,1.529531568228106,521404.0,0,200000.0
nagaon,788866,2826006.0,22.714285714285715,26.0,1.529531568228106,535675.0,0,179686.4993083924
nagaon,788866,2826006.0,22.714285714285715,26.0,1.529531568228106,667880.0,0,200000.0
nagaon,788866,2826006.0,22.714285714285715,26.0,1.529531568228106,675634.0,0,200000.0
nagaon,788866,2826006.0,22.714285714285715,26.0,1.529531568228106,928187.0,0,200000.0
nagaon,788866,2826006.0,22.714285714285715,26.0,1.529531568228106,1156024.0,0,200000.0
nagaon,788866,2826006.0,22.714285714285715,26.0,1.529531568228106,1599255.0,0,198537.37496382452
nagaon,788866,2826006.0,22.714285714285715,26.0,1.529531568228106,2049272.0,0,186662.46866964852
nagaon,788866,2826006.0,22.714285714285715,26.0,1.529531568228106,2624899.0,0,162804.8879581465
nagaon,788866,2826006.0,22.714285714285715,26.0,1.529531568228106,2968058.0,0,200000.0
nagaon,788866,2826006.0,22.714285714285715,26.0,1.529531568228106,3466436.0,0,200000.0
sonitpur,488047,1925975.0,58.42857142857143,25.0,1.575794621026895,51976.0,0,138215.99227669183
sonitpur,488047,1925975.0,58.42857142857143,25.0,1.575794621026895,82799.0,0,128804.98640006797
sonitpur,488047,1925975.0,58.42857142857143,25.0,1.575794621026895,116196.0,0,131116.846765057
sonitpur,488047,1925975.0,58.42857142857143,25.0,1.575794621026895,165399.0,0,101808.37112936893
sonitpur,488047,1925975.0,58.42857142857143,25.0,1.575794621026895,197716.0,0,134989.48836080247
sonitpur,488047,1925975.0,58.42857142857143,25.0,1.575794621026895,192707.0,0,120498.79249022112
sonitpur,488047,1925975.0,58.42857142857143,25.0,1.575794621026895,257623.0,0,176991.79470539582
sonitpur,488047,1925975.0,58.42857142857143,25.0,1.575794621026895,298139.0,0,155077.90604809823
sonitpur,488047,1925975.0,58.42857142857143,25.0,1.575794621026895,383179.0,0,127264.432368214
sonitpur,488047,1925975.0,58.42857142857143,25.0,1.575794621026895,510820.0,0,146186.62881774877
sonitpur,488047,1925975.0,58.42857142857143,25.0,1.575794621026895,540972.0,0,161624.20133339197
sonitpur,488047,1925975.0,58.42857142857143,25.0,1.575794621026895,676306.0,0,181754.2854069144
sonitpur,488047,1925975.0,58.42857142857143,25.0,1.575794621026895,669242.0,0,114889.76488071031
sonitpur,488047,1925975.0,58.42857142857143,25.0,1.575794621026895,848080.0,0,192939.67030240886
sonitpur,488047,1925975.0,58.42857142857143,25.0,1.575794621026895,1030160.0,0,138075.2502316262
sonitpur,488047,1925975.0,58.42857142857143,25.0,1.575794621026895,1437714.0,0,106795.61061825772
sonitpur,488047,1925975.0,58.42857142857143,25.0,1.575794621026895,1805856.0,0,130394.2213965359
sonitpur,488047,1925975.0,58.42857142857143,25.0,1.575794621026895,2331103.0,0,141688.3936069145
sonitpur,488047,1925975.0,58.42857142857143,25.0,1.575794621026895,3096898.0,0,96975.6790046771
sonitpur,488047,1925975.0,58.42857142857143,25.0,1.575794621026895,3570910.0,0,100991.45928117621
lakhimpur,307934,1040644.0,23.857142857142858,28.0,1.6101694915254237,1047786.5,1,119076.9016242453
dhemaji,185267,688077.0,58.42857142857143,33.0,1.601426660722247,1047786.5,1,48442.07609264394
tinsukia,344873,1316948.0,58.42857142857143,25.0,1.5250865051903115,41237.0,0,66559.90822459685
tinsukia,344873,1316948.0,58.42857142857143,25.0,1.5250865051903115,66715.0,0,108389.67623376331
tinsukia,344873,1316948.0,58.42857142857143,25.0,1.5250865051903115,90928.0,0,145771.2151780455
tinsukia,344873,1316948.0,58.42857142857143,25.0,1.5250865051903115,127171.0,0,104725.5059028256
tinsukia,344873,1316948.0,58.42857142857143,25.0,1.5250865051903115,147896.0,0,61044.26652081559
tinsukia,344873,1316948.0,58.42857142857143,25.0,1.5250865051903115,148294.0,0,94786.91401064052
tinsukia,344873,1316948.0,58.42857142857143,25.0,1.5250865051903115,196245.0,0,109140.73488993233
tinsukia,344873,1316948.0,58.42857142857143,25.0,1.5250865051903115,224113.0,0,117278.037806281
tinsukia,344873,1316948.0,58.42857142857143,25.0,1.5250865051903115,286640.0,0,73169.78562221772
tinsukia,344873,1316948.0,58.42857142857143,25.0,1.5250865051903115,420620.0,0,99529.27821216291
tinsukia,344873,1316948.0,58.42857142857143,25.0,1.5250865051903115,442335.0,0,81167.1465291756
tinsukia,344873,1316948.0,58.42857142857143,25.0,1.5250865051903115,543941.0,0,93943.73226449102
tinsukia,344873,1316948.0,58.42857142857143,25.0,1.5250865051903115,480161.0,0,141264.4104615851
tinsukia,344873,1316948.0,58.42857142857143,25.0,1.5250865051903115,606143.0,0,103505.4239618027
tinsukia,344873,1316948.0,58.42857142857143,25.0,1.5250865051903115,726497.0,0,135379.85859409982
tinsukia,344873,1316948.0,58.42857142857143,25.0,1.5250865051903115,924326.0,0,84158.07909495206
dibrugarh,393170,1327748.0,96.14285714285714,24.0,1.5329385640266469,44792.0,0,137672.50236494833
dibrugarh,393170,1327748.0,96.14285714285714,24.0,1.5329385640266469,70642.0,0,124084.97368521217
dibrugarh,393170,1327748.0,96.14285714285714,24.0,1.5329385640266469,98822.0,0,113351.95804002466
dibrugarh,393170,1327748.0,96.14285714285714,24.0,1.5329385640266469,144931.0,0,116446.3169611877
dibrugarh,393170,1327748.0,96.14285714285714,24.0,1.5329385640266469,180303.0,0,94064.16487855636
dibrugarh,393170,1327748.0,96.14285714285714,24.0,1.5329385640266469,169357.0,0,104449.35103318671
dibrugarh,393170,1327748.0,96.14285714285714,24.0,1.5329385640266469,230118.0,0,150296.18181715303
dibrugarh,393170,1327748.0,96.14285714285714,24.0,1.5329385640266469,255885.0,0,132649.369666653
dibrugarh,393170,1327748.0,96.14285714285714,24.0,1.5329385640266469,317878.0,0,123773.28650749073
dibrugarh,393170,1327748.0,96.14285714285714,24.0,1.5329385640266469,447580.0,0,133862.69455966871
dibrugarh,393170,1327748.0,96.14285714285714,24.0,1.5329385640266469,526945.0,0,191095.98356243188
dibrugarh,393170,1327748.0,96.14285714285714,24.0,1.5329385640266469,631601.0,0,135824.94338094274
dibrugarh,393170,1327748.0,96.14285714285714,24.0,1.5329385640266469,680608.0,0,75303.09794212281
dibrugarh,393170,1327748.0,96.14285714285714,24.0,1.5329385640266469,870918.0,0,145005.2108631252
dibrugarh,393170,1327748.0,96.14285714285714,24.0,1.5329385640266469,1116075.0,0,162343.33072817375
dibrugarh,393170,1327748.0,96.14285714285714,24.0,1.5329385640266469,1489321.0,0,111713.5122782756
dibrugarh,393170,1327748.0,96.14285714285714,24.0,1.5329385640266469,1830668.0,0,102459.79612958591
dibrugarh,393170,1327748.0,96.14285714285714,24.0,1.5329385640266469,2372318.0,0,141943.83564622444
dibrugarh,393170,1327748.0,96.14285714285714,24.0,1.5329385640266469,2307181.0,0,103794.09720380422
dibrugarh,393170,1327748.0,96.14285714285714,24.0,1.5329385640266469,2781759.0,0,129304.95488366815
sivasagar,368738,1698560.0,58.42857142857143,26.0,1.4963369963369964,1047786.5,1,136666.59225768285
jorhat,362594,1091295.0,58.42857142857143,23.0,1.5657237936772046,33322.0,0,116596.82023323604
jorhat,362594,1091295.0,58.42857142857143,23.0,1.5657237936772046,53341.0,0,138239.5880748041
jorhat,362594,1091295.0,58.42857142857143,23.0,1.5657237936772046,79724.0,0,103807.68786354843
jorhat,362594,1091295.0,58.42857142857143,23.0,1.5657237936772046,129744.0,0,54467.490320472454
jorhat,362594,1091295.0,58.42857142857143,23.0,1.5657237936772046,167468.0,0,56493.8808763353
jorhat,362594,1091295.0,58.42857142857143,23.0,1.5657237936772046,185402.0,0,122951.34957877913
jorhat,362594,1091295.0,58.42857142857143,23.0,1.5657237936772046,232108.0,0,106036.72780897326
jorhat,362594,1091295.0,58.42857142857143,23.0,1.5657237936772046,306847.0,0,96837.11919753673
jorhat,362594,1091295.0,58.42857142857143,23.0,1.5657237936772046,315288.0,0,91661.03108177682
jorhat,362594,1091295.0,58.42857142857143,23.0,1.5657237936772046,400452.0,0,141614.79535310366
jorhat,362594,1091295.0,58.42857142857143,23.0,1.5657237936772046,388882.0,0,108924.51390933212
jorhat,362594,1091295.0,58.42857142857143,23.0,1.5657237936772046,2264530.0,0,83736.28422599878
golaghat,325289,1058674.0,58.42857142857143,31.0,1.587837837837838,121795.0,0,156742.32505359536
golaghat,325289,1058674.0,58.42857142857143,31.0,1.587837837837838,179380.0,0,107126.34473390282
golaghat,325289,1058674.0,58.42857142857143,31.0,1.587837837837838,290221.0,0,135794.03500454445
golaghat,325289,1058674.0,58.42857142857143,31.0,1.587837837837838,278714.0,0,98481.89861423866
karbi anglong,242961,965280.0,35.714285714285715,29.0,1.735166425470333,1047786.5,1,39653.96455080396
dima hasao,62314,213529.0,58.42857142857143,31.0,1.812227074235808,1047786.5,1,69640.90381964287
cachar,534182,1736319.0,42.285714285714285,29.0,1.577181208053691,56481.0,0,149486.94016999574
cachar,534182,1736319.0,42.285714285714285,29.0,1.577181208053691,83921.0,0,148924.73600305908
cachar,534182,1736319.0,42.285714285714285,29.0,1.577181208053691,123735.0,0,155253.94110021507
cachar,534182,1736319.0,42.285714285714285,29.0,1.577181208053691,187360.0,0,148839.21304560255
cachar,534182,1736319.0,42.285714285714285,29.0,1.577181208053691,206705.0,0,183302.04929785905
cachar,534182,1736319.0,42.285714285714285,29.0,1.577181208053691,177976.0,0,127953.74125580804
cachar,534182,1736319.0,42.285714285714285,29.0,1.577181208053691,242781.0,0,159778.1732399441
cachar,534182,1736319.0,42.285714285714285,29.0,1.577181208053691,273506.0,0,155493.97194151656
cachar,534182,1736319.0,42.285714285714285,29.0,1.577181208053691,375774.0,0,148762.5084976444
cachar,534182,1736319.0,42.285714285714285,29.0,1.577181208053691,448258.0,0,188022.87030882656
cachar,534182,1736319.0,42.285714285714285,29.0,1.577181208053691,487493.0,0,195302.23467493994
cachar,534182,1736319.0,42.285714285714285,29.0,1.577181208053691,623731.0,0,157584.2913033347
cachar,534182,1736319.0,42.285714285714285,29.0,1.577181208053691,614703.0,0,192902.07457281422
cachar,534182,1736319.0,42.285714285714285,29.0,1.577181208053691,743120.0,0,169944.55126499658
cachar,534182,1736319.0,42.285714285714285,29.0,1.577181208053691,998685.0,0,121479.47707202088
cachar,534182,1736319.0,42.285714285714285,29.0,1.577181208053691,1424029.0,0,151406.02228762288
cachar,534182,1736319.0,42.285714285714285,29.0,1.577181208053691,1869862.0,0,149487.86862358483
cachar,534182,1736319.0,42.285714285714285,29.0,1.577181208053691,2208886.0,0,140153.8081688283
cachar,534182,1736319.0,42.285714285714285,29.0,1.577181208053691,2665315.0,0,165495.80079179246
cachar,534182,1736319.0,42.285714285714285,29.0,1.577181208053691,3169492.0,0,181685.89890121206
karimganj,359355,1217002.0,58.42857142857143,27.0,1.5538194444444444,1047786.5,1,106765.22678269702
hailakandi,180530,659260.0,58.42857142857143,26.0,1.5264623955431755,1047786.5,1,73343.17329613875
bongaigaon,196964,732639.0,58.42857142857143,37.0,1.5567970204841712,2301942.0,0,104763.27601252365
chirang,114033,481818.0,58.42857142857143,33.0,1.5048923679060666,1047786.5,1,50141.07733147747
kamrup,445100,1698560.0,41.71428571428572,32.0,1.5205855443732843,47859.0,0,107249.28523878106
kamrup,445100,1698560.0,41.71428571428572,32.0,1.5205855443732843,74537.0,0,155910.17848164888
kamrup,445100,1698560.0,41.71428571428572,32.0,1.5205855443732843,112726.0,0,150865.76692564803
kamrup,445100,1698560.0,41.71428571428572,32.0,1.5205855443732843,162592.0,0,154592.3086820367
kamrup,445100,1698560.0,41.71428571428572,32.0,1.5205855443732843,205094.0,0,126385.83851314455
kamrup,445100,1698560.0,41.71428571428572,32.0,1.5205855443732843,176995.0,0,145311.31598380432
kamrup,445100,1698560.0,41.71428571428572,32.0,1.5205855443732843,222439.0,0,151484.31486487453
kamrup,445100,1698560.0,41.71428571428572,32.0,1.5205855443732843,249708.0,0,145564.20328974893
kamrup,445100,1698560.0,41.71428571428572,32.0,1.5205855443732843,322830.0,0,114304.94485898514
kamrup,445100,1698560.0,41.71428571428572,32.0,1.5205855443732843,461735.0,0,74539.95085977581
kamrup,445100,1698560.0,41.71428571428572,32.0,1.5205855443732843,445726.0,0,133959.7592067098
kamrup,445100,1698560.0,41.71428571428572,32.0,1.5205855443732843,557203.0,0,131817.80742737898
kamrup,445100,1698560.0,41.71428571428572,32.0,1.5205855443732843,557802.0,0,131805.29706884758
kamrup,445100,1698560.0,41.71428571428572,32.0,1.5205855443732843,737877.0,0,130046.09523891026
kamrup,445100,1698560.0,41.71428571428572,32.0,1.5205855443732843,957373.0,0,138072.85343258467
kamrup,445100,1698560.0,41.71428571428572,32.0,1.5205855443732843,1326629.0,0,190817.2907012382
kamrup,445100,1698560.0,41.71428571428572,32.0,1.5205855443732843,1708845.0,0,111783.06882680269
kamrup,445100,1698560.0,41.71428571428572,32.0,1.5205855443732843,2122755.0,0,146073.10063143354
kamrup,445100,1698560.0,41.71428571428572,32.0,1.5205855443732843,2430234.0,0,140055.7802343777
kamrup,445100,1698560.0,41.71428571428572,32.0,1.5205855443732843,3473735.0,0,169670.29884605677
kamrup metropolitan,463964,1698560.0,58.42857142857143,31.0,1.2838878674801244,194617.0,0,200000.0
kamrup metropolitan,463964,1698560.0,58.42857142857143,31.0,1.2838878674801244,320417.0,0,144803.0467471948
kamrup metropolitan,463964,1698560.0,58.42857142857143,31.0,1.2838878674801244,476050.0,0,113274.25646363167
kamrup metropolitan,463964,1698560.0,58.42857142857143,31.0,1.2838878674801244,686010.0,0,115507.2957209558
kamrup metropolitan,463964,1698560.0,58.42857142857143,31.0,1.2838878674801244,1306775.0,0,174686.37929835918
kamrup metropolitan,463964,1698560.0,58.42857142857143,31.0,1.2838878674801244,2488968.0,0,120241.73649607322
kamrup metropolitan,463964,1698560.0,58.42857142857143,31.0,1.2838878674801244,2188998.0,0,118369.74022447523
kamrup metropolitan,463964,1698560.0,58.42857142857143,31.0,1.2838878674801244,2510384.0,0,98910.68785125097
kamrup metropolitan,463964,1698560.0,58.42857142857143,31.0,1.2838878674801244,3338601.0,0,169457.65213708644
kamrup metropolitan,463964,1698560.0,58.42857142857143,31.0,1.2838878674801244,2543890.0,0,163102.40208206206
kamrup metropolitan,463964,1698560.0,58.42857142857143,31.0,1.2838878674801244,4268591.0,0,119265.19737829396
kamrup metropolitan,463964,1698560.0,58.42857142857143,31.0,1.2838878674801244,5300547.0,0,129574.66199098257
kamrup metropolitan,463964,1698560.0,58.42857142857143,31.0,1.2838878674801244,9400818.0,0,158345.62476443214
kamrup metropolitan,463964,1698560.0,58.42857142857143,31.0,1.2838878674801244,12113618.0,0,140039.02203920018
kamrup metropolitan,463964,1698560.0,58.42857142857143,31.0,1.2838878674801244,16840668.0,0,118388.1512706396
kamrup metropolitan,463964,1698560.0,58.42857142857143,31.0,1.2838878674801244,22903930.0,0,100359.90104685769
kamrup metropolitan,463964,1698560.0,58.42857142857143,31.0,1.2838878674801244,28908435.0,0,113153.75626236814
kamrup metropolitan,463964,1698560.0,58.42857142857143,31.0,1.2838878674801244,37896005.0,0,108061.49766694495
kamrup metropolitan,463964,1698560.0,58.42857142857143,31.0,1.2838878674801244,39606017.0,0,156305.46284627097
kamrup metropolitan,463964,1698560.0,58.42857142857143,31.0,1.2838878674801244,48873033.0,0,156972.99388494715
nalbari,238587,769919.0,58.42857142857143,30.0,1.486021505376344,1047786.5,1,93472.38094054114
baksa,250223,953773.0,58.42857142857143,27.0,1.432944606413994,1047786.5,1,90823.52428781893
darrang,218373,908090.0,26.142857142857142,35.0,1.6099426386233269,1205741.0,0,88578.86164001751
darrang,218373,908090.0,26.142857142857142,35.0,1.6099426386233269,1764727.0,0,41924.47885031576
udalguri,205600,832769.0,58.42857142857143,31.0,1.5902061855670102,1047786.5,1,50794.27206372649
darjiling,597912,1842034.0,58.42857142857143,31.0,1.2838878674801244,1047786.5,1,174378.37199406605
jalpaiguri,1102158,3869675.0,49.85714285714285,0.0,1.2388392857142858,1047786.5,1,200000.0
koch bihar,821771,2822780.0,58.42857142857143,31.0,1.2838878674801244,1047786.5,1,200000.0
uttar dinajpur,636172,3000849.0,58.42857142857143,31.0,1.2838878674801244,1047786.5,1,197762.76876458692
dakshin dinajpur,487211,1670931.0,58.42857142857143,31.0,1.2838878674801244,1047786.5,1,133458.56854894085
maldah,934413,3997970.0,58.42857142857143,15.0,1.5019433647973348,491756.0,0,200000.0
maldah,934413,3997970.0,58.42857142857143,15.0,1.5019433647973348,697698.0,0,200000.0
maldah,934413,3997970.0,58.42857142857143,15.0,1.5019433647973348,12459741.0,0,200000.0
murshidabad,1878647,7102430.0,29.714285714285715,29.0,1.2495069033530573,833479.0,0,200000.0
murshidabad,1878647,7102430.0,29.714285714285715,29.0,1.2495069033530573,1290440.0,0,200000.0
murshidabad,1878647,7102430.0,29.714285714285715,29.0,1.2495069033530573,4125695.0,0,200000.0
murshidabad,1878647,7102430.0,29.714285714285715,29.0,1.2495069033530573,2771908.0,0,200000.0
murshidabad,1878647,7102430.0,29.714285714285715,29.0,1.2495069033530573,2701331.0,0,200000.0
murshidabad,1878647,7102430.0,29.714285714285715,29.0,1.2495069033530573,2301748.0,0,200000.0
murshidabad,1878647,7102430.0,29.714285714285715,29.0,1.2495069033530573,4494100.0,0,200000.0
murshidabad,1878647,7102430.0,29.714285714285715,29.0,1.2495069033530573,5467828.0,0,200000.0
murshidabad,1878647,7102430.0,29.714285714285715,29.0,1.2495069033530573,3036374.0,0,200000.0
murshidabad,1878647,7102430.0,29.714285714285715,29.0,1.2495069033530573,2954461.0,0,200000.0
murshidabad,1878647,7102430.0,29.714285714285715,29.0,1.2495069033530573,4140812.0,0,200000.0
murshidabad,1878647,7102430.0,29.714285714285715,29.0,1.2495069033530573,5387550.0,0,200000.0
murshidabad,1878647,7102430.0,29.714285714285715,29.0,1.2495069033530573,6771948.0,0,200000.0
murshidabad,1878647,7102430.0,29.714285714285715,29.0,1.2495069033530573,8602251.0,0,200000.0
murshidabad,1878647,7102430.0,29.714285714285715,29.0,1.2495069033530573,10931440.0,0,200000.0
murshidabad,1878647,7102430.0,29.714285714285715,29.0,1.2495069033530573,13422646.0,0,200000.0
murshidabad,1878647,7102430.0,29.714285714285715,29.0,1.2495069033530573,15588410.0,0,200000.0
murshidabad,1878647,7102430.0,29.714285714285715,29.0,1.2495069033530573,18656132.0,0,200000.0
murshidabad,1878647,7102430.0,29.714285714285715,29.0,1.2495069033530573,16636159.0,0,200000.0
murshidabad,1878647,7102430.0,29.714285714285715,29.0,1.2495069033530573,16453907.0,0,200000.0
birbhum,956966,3502387.0,38.42857142857143,23.0,1.1825362000877575,2125816.0,0,200000.0
birbhum,956966,3502387.0,38.42857142857143,23.0,1.1825362000877575,2775489.0,0,200000.0
birbhum,956966,3502387.0,38.42857142857143,23.0,1.1825362000877575,6066238.0,0,200000.0
birbhum,956966,3502387.0,38.42857142857143,23.0,1.1825362000877575,4639212.0,0,200000.0
birbhum,956966,3502387.0,38.42857142857143,23.0,1.1825362000877575,5081745.0,0,200000.0
birbhum,956966,3502387.0,38.42857142857143,23.0,1.1825362000877575,4269094.0,0,200000.0
barddhaman,2329168,7723663.0,58.42857142857143,31.0,1.2838878674801244,1047786.5,1,200000.0
nadia,1601689,5168488.0,35.42857142857143,17.0,1.1768246802106848,549427.0,0,200000.0
nadia,1601689,5168488.0,35.42857142857143,17.0,1.1768246802106848,972818.0,0,200000.0
nadia,1601689,5168488.0,35.42857142857143,17.0,1.1768246802106848,3491909.0,0,200000.0
nadia,1601689,5168488.0,35.42857142857143,17.0,1.1768246802106848,1602207.0,0,200000.0
nadia,1601689,5168488.0,35.42857142857143,17.0,1.1768246802106848,1878230.0,0,200000.0
nadia,1601689,5168488.0,35.42857142857143,17.0,1.1768246802106848,1702468.0,0,200000.0
nadia,1601689,5168488.0,35.42857142857143,17.0,1.1768246802106848,2571191.0,0,200000.0
nadia,1601689,5168488.0,35.42857142857143,17.0,1.1768246802106848,2617674.0,0,200000.0
nadia,1601689,5168488.0,35.42857142857143,17.0,1.1768246802106848,2630360.0,0,200000.0
nadia,1601689,5168488.0,35.42857142857143,17.0,1.1768246802106848,3385474.0,0,200000.0
nadia,1601689,5168488.0,35.42857142857143,17.0,1.1768246802106848,4552049.0,0,200000.0
nadia,1601689,5168488.0,35.42857142857143,17.0,1.1768246802106848,4539314.0,0,200000.0
nadia,1601689,5168488.0,35.42857142857143,17.0,1.1768246802106848,5524174.0,0,200000.0
nadia,1601689,5168488.0,35.42857142857143,17.0,1.1768246802106848,6912466.0,0,200000.0
nadia,1601689,5168488.0,35.42857142857143,17.0,1.1768246802106848,8591598.0,0,200000.0
nadia,1601689,5168488.0,35.42857142857143,17.0,1.1768246802106848,9791890.0,0,200000.0
nadia,1601689,5168488.0,35.42857142857143,17.0,1.1768246802106848,11642703.0,0,200000.0
north twenty four parganas,3552647,10082852.0,58.42857142857143,31.0,1.2838878674801244,1235602.0,0,200000.0
north twenty four parganas,3552647,10082852.0,58.42857142857143,31.0,1.2838878674801244,2119664.0,0,200000.0
north twenty four parganas,3552647,10082852.0,58.42857142857143,31.0,1.2838878674801244,4856114.0,0,200000.0
north twenty four parganas,3552647,10082852.0,58.42857142857143,31.0,1.2838878674801244,4412163.0,0,200000.0
north twenty four parganas,3552647,10082852.0,58.42857142857143,31.0,1.2838878674801244,6016538.0,0,200000.0
north twenty four parganas,3552647,10082852.0,58.42857142857143,31.0,1.2838878674801244,6157371.0,0,200000.0
north twenty four parganas,3552647,10082852.0,58.42857142857143,31.0,1.2838878674801244,8854937.0,0,200000.0
north twenty four parganas,3552647,10082852.0,58.42857142857143,31.0,1.2838878674801244,10387653.0,0,200000.0
north twenty four parganas,3552647,10082852.0,58.42857142857143,31.0,1.2838878674801244,9836478.0,0,200000.0
north twenty four parganas,3552647,10082852.0,58.42857142857143,31.0,1.2838878674801244,7957303.0,0,200000.0
north twenty four parganas,3552647,10082852.0,58.42857142857143,31.0,1.2838878674801244,10658639.0,0,200000.0
north twenty four parganas,3552647,10082852.0,58.42857142857143,31.0,1.2838878674801244,15401013.0,0,200000.0
north twenty four parganas,3552647,10082852.0,58.42857142857143,31.0,1.2838878674801244,15695125.0,0,200000.0
north twenty four parganas,3552647,10082852.0,58.42857142857143,31.0,1.2838878674801244,17258291.0,0,200000.0
north twenty four parganas,3552647,10082852.0,58.42857142857143,31.0,1.2838878674801244,22393657.0,0,200000.0
north twenty four parganas,3552647,10082852.0,58.42857142857143,31.0,1.2838878674801244,28006815.0,0,200000.0
north twenty four parganas,3552647,10082852.0,58.42857142857143,31.0,1.2838878674801244,31930105.0,0,200000.0
north twenty four parganas,3552647,10082852.0,58.42857142857143,31.0,1.2838878674801244,39542212.0,0,200000.0
north twenty four parganas,3552647,10082852.0,58.42857142857143,31.0,1.2838878674801244,42344992.0,0,200000.0
north twenty four parganas,3552647,10082852.0,58.42857142857143,31.0,1.2838878674801244,46582002.0,0,200000.0
hugli,1866611,5520389.0,58.42857142857143,31.0,1.2838878674801244,1047786.5,1,200000.0
bankura,933655,3596292.0,49.285714285714285,16.0,1.2957511802277146,747564.0,0,200000.0
bankura,933655,3596292.0,49.285714285714285,16.0,1.2957511802277146,5179457.0,0,200000.0
bankura,933655,3596292.0,49.285714285714285,16.0,1.2957511802277146,1674744.0,0,200000.0
bankura,933655,3596292.0,49.285714285714285,16.0,1.2957511802277146,6055533.0,0,200000.0
bankura,933655,3596292.0,49.285714285714285,16.0,1.2957511802277146,2512191.0,0,200000.0
puruliya,622847,2927965.0,58.42857142857143,31.0,1.2838878674801244,1047786.5,1,159843.8867704636
haora,1662382,4841638.0,58.42857142857143,31.0,1.2838878674801244,1047786.5,1,200000.0
kolkata,1661222,4486679.0,223.28571428571428,31.0,1.2838878674801244,2043129.0,0,200000.0
kolkata,1661222,4486679.0,223.28571428571428,31.0,1.2838878674801244,2501448.0,0,200000.0
kolkata,1661222,4486679.0,223.28571428571428,31.0,1.2838878674801244,4733562.0,0,200000.0
kolkata,1661222,4486679.0,223.28571428571428,31.0,1.2838878674801244,5401244.0,0,200000.0
kolkata,1661222,4486679.0,223.28571428571428,31.0,1.2838878674801244,9807639.0,0,200000.0
kolkata,1661222,4486679.0,223.28571428571428,31.0,1.2838878674801244,13259522.0,0,200000.0
kolkata,1661222,4486679.0,223.28571428571428,31.0,1.2838878674801244,16306691.0,0,200000.0
kolkata,1661222,4486679.0,223.28571428571428,31.0,1.2838878674801244,21917627.0,0,200000.0
kolkata,1661222,4486679.0,223.28571428571428,31.0,1.2838878674801244,18756562.0,0,200000.0
kolkata,1661222,4486679.0,223.28571428571428,31.0,1.2838878674801244,12981198.0,0,200000.0
kolkata,1661222,4486679.0,223.28571428571428,31.0,1.2838878674801244,20532488.0,0,200000.0
kolkata,1661222,4486679.0,223.28571428571428,31.0,1.2838878674801244,21348317.0,0,200000.0
kolkata,1661222,4486679.0,223.28571428571428,31.0,1.2838878674801244,33156725.0,0,200000.0
kolkata,1661222,4486679.0,223.28571428571428,31.0,1.2838878674801244,41726247.0,0,200000.0
kolkata,1661222,4486679.0,223.28571428571428,31.0,1.2838878674801244,55166796.0,0,200000.0
kolkata,1661222,4486679.0,223.28571428571428,31.0,1.2838878674801244,65708533.0,0,200000.0
kolkata,1661222,4486679.0,223.28571428571428,31.0,1.2838878674801244,76392752.0,0,200000.0
kolkata,1661222,4486679.0,223.28571428571428,31.0,1.2838878674801244,94525113.0,0,200000.0
kolkata,1661222,4486679.0,223.28571428571428,31.0,1.2838878674801244,120867251.0,0,200000.0
kolkata,1661222,4486679.0,223.28571428571428,31.0,1.2838878674801244,151040298.0,0,200000.0
south twenty four parganas,2488380,1698560.0,58.42857142857143,31.0,1.2838878674801244,421793.0,0,200000.0
south twenty four parganas,2488380,1698560.0,58.42857142857143,31.0,1.2838878674801244,727105.0,0,200000.0
south twenty four parganas,2488380,1698560.0,58.42857142857143,31.0,1.2838878674801244,1839620.0,0,200000.0
south twenty four parganas,2488380,1698560.0,58.42857142857143,31.0,1.2838878674801244,2381496.0,0,200000.0
south twenty four parganas,2488380,1698560.0,58.42857142857143,31.0,1.2838878674801244,2092814.0,0,200000.0
south twenty four parganas,2488380,1698560.0,58.42857142857143,31.0,1.2838878674801244,2784616.0,0,200000.0
south twenty four parganas,2488380,1698560.0,58.42857142857143,31.0,1.2838878674801244,3069175.0,0,200000.0
south twenty four parganas,2488380,1698560.0,58.42857142857143,31.0,1.2838878674801244,3450717.0,0,200000.0
south twenty four parganas,2488380,1698560.0,58.42857142857143,31.0,1.2838878674801244,4527471.0,0,200000.0
south twenty four parganas,2488380,1698560.0,58.42857142857143,31.0,1.2838878674801244,5935781.0,0,200000.0
south twenty four parganas,2488380,1698560.0,58.42857142857143,31.0,1.2838878674801244,5599480.0,0,200000.0
south twenty four parganas,2488380,1698560.0,58.42857142857143,31.0,1.2838878674801244,6661813.0,0,200000.0
south twenty four parganas,2488380,1698560.0,58.42857142857143,31.0,1.2838878674801244,8148035.0,0,200000.0
south twenty four parganas,2488380,1698560.0,58.42857142857143,31.0,1.2838878674801244,9996197.0,0,200000.0
south twenty four parganas,2488380,1698560.0,58.42857142857143,31.0,1.2838878674801244,11243229.0,0,200000.0
south twenty four parganas,2488380,1698560.0,58.42857142857143,31.0,1.2838878674801244,13499039.0,0,200000.0
south twenty four parganas,2488380,1698560.0,58.42857142857143,31.0,1.2838878674801244,14502793.0,0,200000.0
south twenty four parganas,2488380,1698560.0,58.42857142857143,31.0,1.2838878674801244,15651650.0,0,200000.0
paschim medinipur,1811499,5943300.0,58.42857142857143,31.0,1.2838878674801244,419331.0,0,200000.0
paschim medinipur,1811499,5943300.0,58.42857142857143,31.0,1.2838878674801244,1645590.0,0,200000.0
paschim medinipur,1811499,5943300.0,58.42857142857143,31.0,1.2838878674801244,2056170.0,0,200000.0
paschim medinipur,1811499,5943300.0,58.42857142857143,31.0,1.2838878674801244,2347260.0,0,200000.0
paschim medinipur,1811499,5943300.0,58.42857142857143,31.0,1.2838878674801244,4095923.0,0,200000.0
paschim medinipur,1811499,5943300.0,58.42857142857143,31.0,1.2838878674801244,2731293.0,0,200000.0
paschim medinipur,1811499,5943300.0,58.42857142857143,31.0,1.2838878674801244,2623659.0,0,200000.0
paschim medinipur,1811499,5943300.0,58.42857142857143,31.0,1.2838878674801244,3217002.0,0,200000.0
paschim medinipur,1811499,5943300.0,58.42857142857143,31.0,1.2838878674801244,4192666.0,0,200000.0
paschim medinipur,1811499,5943300.0,58.42857142857143,31.0,1.2838878674801244,4172851.0,0,200000.0
paschim medinipur,1811499,5943300.0,58.42857142857143,31.0,1.2838878674801244,5051834.0,0,200000.0
paschim medinipur,1811499,5943300.0,58.42857142857143,31.0,1.2838878674801244,6258901.0,0,200000.0
paschim medinipur,1811499,5943300.0,58.42857142857143,31.0,1.2838878674801244,7894026.0,0,200000.0
paschim medinipur,1811499,5943300.0,58.42857142857143,31.0,1.2838878674801244,9156926.0,0,200000.0
paschim medinipur,1811499,5943300.0,58.42857142857143,31.0,1.2838878674801244,10862436.0,0,200000.0
paschim medinipur,1811499,5943300.0,58.42857142857143,31.0,1.2838878674801244,12768161.0,0,200000.0
purba medinipur,1774121,5094238.0,58.42857142857143,27.0,1.2838878674801244,516243.0,0,200000.0
purba medinipur,1774121,5094238.0,58.42857142857143,27.0,1.2838878674801244,850189.0,0,200000.0
purba medinipur,1774121,5094238.0,58.42857142857143,27.0,1.2838878674801244,2641955.0,0,200000.0
purba medinipur,1774121,5094238.0,58.42857142857143,27.0,1.2838878674801244,1603344.0,0,200000.0
purba medinipur,1774121,5094238.0,58.42857142857143,27.0,1.2838878674801244,2175167.0,0,200000.0
purba medinipur,1774121,5094238.0,58.42857142857143,27.0,1.2838878674801244,1850677.0,0,200000.0
purba medinipur,1774121,5094238.0,58.42857142857143,27.0,1.2838878674801244,2642814.0,0,200000.0
purba medinipur,1774121,5094238.0,58.42857142857143,27.0,1.2838878674801244,3988434.0,0,200000.0
purba medinipur,1774121,5094238.0,58.42857142857143,27.0,1.2838878674801244,3016163.0,0,200000.0
purba medinipur,1774121,5094238.0,58.42857142857143,27.0,1.2838878674801244,2954606.0,0,200000.0
purba medinipur,1774121,5094238.0,58.42857142857143,27.0,1.2838878674801244,4082398.0,0,200000.0
purba medinipur,1774121,5094238.0,58.42857142857143,27.0,1.2838878674801244,5289421.0,0,200000.0
purba medinipur,1774121,5094238.0,58.42857142857143,27.0,1.2838878674801244,5365020.0,0,200000.0
purba medinipur,1774121,5094238.0,58.42857142857143,27.0,1.2838878674801244,6418522.0,0,200000.0
purba medinipur,1774121,5094238.0,58.42857142857143,27.0,1.2838878674801244,7833998.0,0,200000.0
purba medinipur,1774121,5094238.0,58.42857142857143,27.0,1.2838878674801244,9886889.0,0,200000.0
purba medinipur,1774121,5094238.0,58.42857142857143,27.0,1.2838878674801244,11506248.0,0,200000.0
purba medinipur,1774121,5094238.0,58.42857142857143,27.0,1.2838878674801244,13947269.0,0,200000.0
purba medinipur,1774121,5094238.0,58.42857142857143,27.0,1.2838878674801244,13027140.0,0,200000.0
purba medinipur,1774121,5094238.0,58.42857142857143,27.0,1.2838878674801244,14484229.0,0,200000.0
garhwa,248315,1322387.0,58.42857142857143,37.0,1.5635103926096998,599059.0,0,39047.83066985554
garhwa,248315,1322387.0,58.42857142857143,37.0,1.5635103926096998,1066915.0,0,70110.3996084209
garhwa,248315,1322387.0,58.42857142857143,37.0,1.5635103926096998,1096691.0,0,59051.71359962724
garhwa,248315,1322387.0,58.42857142857143,37.0,1.5635103926096998,1508109.0,0,38514.851334447805
garhwa,248315,1322387.0,58.42857142857143,37.0,1.5635103926096998,3083712.0,0,95621.84961903718
garhwa,248315,1322387.0,58.42857142857143,37.0,1.5635103926096998,3818360.0,0,112048.18118974086
garhwa,248315,1322387.0,58.42857142857143,37.0,1.5635103926096998,4570205.0,0,55685.07070915775
chatra,206159,1042304.0,58.42857142857143,35.0,1.6221264367816093,1047786.5,1,48706.253130927
kodarma,151469,717169.0,58.42857142857143,31.0,1.2838878674801244,1047786.5,1,36090.44645342247
giridih,469739,2445203.0,58.42857142857143,34.0,1.5790825688073395,131905.0,0,169414.78058083184
giridih,469739,2445203.0,58.42857142857143,34.0,1.5790825688073395,172783.0,0,150784.06573510866
giridih,469739,2445203.0,58.42857142857143,34.0,1.5790825688073395,334079.0,0,173635.8891073129
giridih,469739,2445203.0,58.42857142857143,34.0,1.5790825688073395,364032.0,0,103309.55040342294
giridih,469739,2445203.0,58.42857142857143,34.0,1.5790825688073395,540524.0,0,136931.58441395956
giridih,469739,2445203.0,58.42857142857143,34.0,1.5790825688073395,447860.0,0,176114.81023249924
giridih,469739,2445203.0,58.42857142857143,34.0,1.5790825688073395,498118.0,0,96511.88440096751
giridih,469739,2445203.0,58.42857142857143,34.0,1.5790825688073395,664950.0,0,100088.92484430993
giridih,469739,2445203.0,58.42857142857143,34.0,1.5790825688073395,724320.0,0,118311.92615998173
giridih,469739,2445203.0,58.42857142857143,34.0,1.5790825688073395,1094408.0,0,127558.43876455739
giridih,469739,2445203.0,58.42857142857143,34.0,1.5790825688073395,1577805.0,0,165675.9188154305
giridih,469739,2445203.0,58.42857142857143,34.0,1.5790825688073395,2130742.0,0,175852.1191233262
giridih,469739,2445203.0,58.42857142857143,34.0,1.5790825688073395,2479885.0,0,161253.587329818
giridih,469739,2445203.0,58.42857142857143,34.0,1.5790825688073395,3689998.0,0,132926.61782373328
giridih,469739,2445203.0,58.42857142857143,34.0,1.5790825688073395,4225858.0,0,141123.44515998996
giridih,469739,2445203.0,58.42857142857143,34.0,1.5790825688073395,5962192.0,0,139943.77373019385
giridih,469739,2445203.0,58.42857142857143,34.0,1.5790825688073395,7126103.0,0,105366.41800814803
giridih,469739,2445203.0,58.42857142857143,34.0,1.5790825688073395,9232036.0,0,125351.55948747051
giridih,469739,2445203.0,58.42857142857143,34.0,1.5790825688073395,7398254.0,0,131312.48054655376
giridih,469739,2445203.0,58.42857142857143,34.0,1.5790825688073395,8482602.0,0,162847.16911663784
deoghar,303701,1491879.0,58.42857142857143,37.0,1.636978579481398,70058.0,0,71909.89606461104
deoghar,303701,1491879.0,58.42857142857143,37.0,1.636978579481398,96438.0,0,75670.86334363322
deoghar,303701,1491879.0,58.42857142857143,37.0,1.636978579481398,152113.0,0,107449.86667129259
deoghar,303701,1491879.0,58.42857142857143,37.0,1.636978579481398,152383.0,0,107315.90584593912
deoghar,303701,1491879.0,58.42857142857143,37.0,1.636978579481398,216404.0,0,91887.53041610424
deoghar,303701,1491879.0,58.42857142857143,37.0,1.636978579481398,344455.0,0,152829.5683375874
deoghar,303701,1491879.0,58.42857142857143,37.0,1.636978579481398,411994.0,0,108274.9325965473
deoghar,303701,1491879.0,58.42857142857143,37.0,1.636978579481398,434837.0,0,60549.877540809386
deoghar,303701,1491879.0,58.42857142857143,37.0,1.636978579481398,696852.0,0,125822.48559311208
deoghar,303701,1491879.0,58.42857142857143,37.0,1.636978579481398,4037018.0,0,128050.28072765993
deoghar,303701,1491879.0,58.42857142857143,37.0,1.636978579481398,4399812.0,0,92863.51247609612
godda,228307,1311382.0,58.42857142857143,38.0,1.5663621708758733,1047786.5,1,117117.12680250398
sahibganj,195960,1150038.0,58.42857142857143,31.0,1.2838878674801244,1047786.5,1,102713.27124739498
pakur,145892,1698560.0,58.42857142857143,34.0,1.7115551694178974,1047786.5,1,55513.64452697773
dhanbad,707254,2682662.0,60.0,31.0,1.4215091066782306,340878.0,0,171289.43887181577
dhanbad,707254,2682662.0,60.0,31.0,1.4215091066782306,520547.0,0,200000.0
dhanbad,707254,2682662.0,60.0,31.0,1.4215091066782306,2064271.0,0,200000.0
dhanbad,707254,2682662.0,60.0,31.0,1.4215091066782306,1062585.0,0,168434.2585088465
dhanbad,707254,2682662.0,60.0,31.0,1.4215091066782306,1390250.0,0,186988.15435963307
dhanbad,707254,2682662.0,60.0,31.0,1.4215091066782306,1279110.0,0,184903.35306138196
dhanbad,707254,2682662.0,60.0,31.0,1.4215091066782306,2290227.0,0,184369.50132266647
dhanbad,707254,2682662.0,60.0,31.0,1.4215091066782306,2966376.0,0,200000.0
dhanbad,707254,2682662.0,60.0,31.0,1.4215091066782306,2193642.0,0,192457.09105576374
dhanbad,707254,2682662.0,60.0,31.0,1.4215091066782306,2069288.0,0,177078.0632383221
dhanbad,707254,2682662.0,60.0,31.0,1.4215091066782306,2897219.0,0,190339.19904998512
dhanbad,707254,2682662.0,60.0,31.0,1.4215091066782306,4393208.0,0,200000.0
dhanbad,707254,2682662.0,60.0,31.0,1.4215091066782306,4584110.0,0,200000.0
dhanbad,707254,2682662.0,60.0,31.0,1.4215091066782306,5334482.0,0,200000.0
dhanbad,707254,2682662.0,60.0,31.0,1.4215091066782306,7087770.0,0,170062.12954220665
dhanbad,707254,2682662.0,60.0,31.0,1.4215091066782306,9479444.0,0,200000.0
dhanbad,707254,2682662.0,60.0,31.0,1.4215091066782306,10895145.0,0,200000.0
dhanbad,707254,2682662.0,60.0,31.0,1.4215091066782306,12714016.0,0,175841.35352040702
dhanbad,707254,2682662.0,60.0,31.0,1.4215091066782306,14284651.0,0,167011.3856068236
dhanbad,707254,2682662.0,60.0,31.0,1.4215091066782306,18383284.0,0,200000.0
bokaro,514432,2061918.0,58.42857142857143,34.0,1.4323204419889504,263441.0,0,140551.40766355547
bokaro,514432,2061918.0,58.42857142857143,34.0,1.4323204419889504,396119.0,0,144691.7233991662
bokaro,514432,2061918.0,58.42857142857143,34.0,1.4323204419889504,1606672.0,0,121898.37510727065
bokaro,514432,2061918.0,58.42857142857143,34.0,1.4323204419889504,798913.0,0,134894.7530680781
bokaro,514432,2061918.0,58.42857142857143,34.0,1.4323204419889504,1074907.0,0,100083.16555399986
bokaro,514432,2061918.0,58.42857142857143,34.0,1.4323204419889504,1020185.0,0,159412.1824773574
bokaro,514432,2061918.0,58.42857142857143,34.0,1.4323204419889504,1738430.0,0,176841.09765603417
bokaro,514432,2061918.0,58.42857142857143,34.0,1.4323204419889504,2193416.0,0,137339.30246877877
bokaro,514432,2061918.0,58.42857142857143,34.0,1.4323204419889504,1819760.0,0,140795.7945874273
bokaro,514432,2061918.0,58.42857142857143,34.0,1.4323204419889504,2042748.0,0,146759.9651534735
bokaro,514432,2061918.0,58.42857142857143,34.0,1.4323204419889504,2914909.0,0,121377.92072093494
bokaro,514432,2061918.0,58.42857142857143,34.0,1.4323204419889504,4305268.0,0,130951.53254700205
bokaro,514432,2061918.0,58.42857142857143,34.0,1.4323204419889504,4420466.0,0,134359.50184381544
bokaro,514432,2061918.0,58.42857142857143,34.0,1.4323204419889504,5268766.0,0,132834.7451703576
bokaro,514432,2061918.0,58.42857142857143,34.0,1.4323204419889504,6784128.0,0,155581.8080216718
bokaro,514432,2061918.0,58.42857142857143,34.0,1.4323204419889504,9299800.0,0,157893.1400419819
bokaro,514432,2061918.0,58.42857142857143,34.0,1.4323204419889504,9906035.0,0,130042.37596984711
bokaro,514432,2061918.0,58.42857142857143,34.0,1.4323204419889504,11696455.0,0,119513.32554030926
bokaro,514432,2061918.0,58.42857142857143,34.0,1.4323204419889504,11304820.0,0,185758.94526207718
bokaro,514432,2061918.0,58.42857142857143,34.0,1.4323204419889504,14851022.0,0,162839.13452642297
lohardaga,110139,461738.0,58.42857142857143,31.0,1.369318181818182,1047786.5,1,49893.89509604042
purbi singhbhum,651173,2291032.0,58.42857142857143,31.0,1.2838878674801244,1047786.5,1,200000.0
palamu,402857,1936319.0,58.42857142857143,31.0,1.6344463971880492,84608.0,0,162449.91004805747
palamu,402857,1936319.0,58.42857142857143,31.0,1.6344463971880492,131021.0,0,140288.92832076125
palamu,402857,1936319.0,58.42857142857143,31.0,1.6344463971880492,166304.0,0,87994.81755116682
palamu,402857,1936319.0,58.42857142857143,31.0,1.6344463971880492,234378.0,0,146006.86834875253
palamu,402857,1936319.0,58.42857142857143,31.0,1.6344463971880492,336935.0,0,80564.4071335782
palamu,402857,1936319.0,58.42857142857143,31.0,1.6344463971880492,330327.0,0,87638.94631826768
palamu,402857,1936319.0,58.42857142857143,31.0,1.6344463971880492,408718.0,0,168666.468877887
palamu,402857,1936319.0,58.42857142857143,31.0,1.6344463971880492,568241.0,0,128390.2490414337
palamu,402857,1936319.0,58.42857142857143,31.0,1.6344463971880492,715476.0,0,140695.14850848942
palamu,402857,1936319.0,58.42857142857143,31.0,1.6344463971880492,977293.0,0,149298.875141791
palamu,402857,1936319.0,58.42857142857143,31.0,1.6344463971880492,1186565.0,0,103636.10816495048
palamu,402857,1936319.0,58.42857142857143,31.0,1.6344463971880492,1861344.0,0,150336.47906629863
palamu,402857,1936319.0,58.42857142857143,31.0,1.6344463971880492,2014288.0,0,111250.57186550567
palamu,402857,1936319.0,58.42857142857143,31.0,1.6344463971880492,2758556.0,0,123355.69883883842
palamu,402857,1936319.0,58.42857142857143,31.0,1.6344463971880492,3314946.0,0,123124.54364429042
palamu,402857,1936319.0,58.42857142857143,31.0,1.6344463971880492,4766385.0,0,81909.7662550013
palamu,402857,1936319.0,58.42857142857143,31.0,1.6344463971880492,5805932.0,0,149967.48488159853
palamu,402857,1936319.0,58.42857142857143,31.0,1.6344463971880492,7012344.0,0,112478.92897455131
palamu,402857,1936319.0,58.42857142857143,31.0,1.6344463971880492,6770650.0,0,130693.26676673975
palamu,402857,1936319.0,58.42857142857143,31.0,1.6344463971880492,8295151.0,0,150486.5410404074
latehar,140976,725673.0,58.42857142857143,37.0,1.4566088117489986,1047786.5,1,68669.14419401654
hazaribagh,417136,1698560.0,42.85714285714285,36.0,1.5049130763416478,150709.0,0,135675.62161241614
hazaribagh,417136,1698560.0,42.85714285714285,36.0,1.5049130763416478,214298.0,0,135665.05968054963
hazaribagh,417136,1698560.0,42.85714285714285,36.0,1.5049130763416478,542701.0,0,159176.03433315954
hazaribagh,417136,1698560.0,42.85714285714285,36.0,1.5049130763416478,454790.0,0,121075.45680980042
hazaribagh,417136,1698560.0,42.85714285714285,36.0,1.5049130763416478,658381.0,0,119064.70208567966
hazaribagh,417136,1698560.0,42.85714285714285,36.0,1.5049130763416478,633673.0,0,123678.28716987043
hazaribagh,417136,1698560.0,42.85714285714285,36.0,1.5049130763416478,917999.0,0,133201.47467943153
hazaribagh,417136,1698560.0,42.85714285714285,36.0,1.5049130763416478,1115893.0,0,105409.6935950038
hazaribagh,417136,1698560.0,42.85714285714285,36.0,1.5049130763416478,1199387.0,0,127106.55037966312
hazaribagh,417136,1698560.0,42.85714285714285,36.0,1.5049130763416478,1409834.0,0,132829.19348594383
hazaribagh,417136,1698560.0,42.85714285714285,36.0,1.5049130763416478,2043474.0,0,121481.97832215033
hazaribagh,417136,1698560.0,42.85714285714285,36.0,1.5049130763416478,3130010.0,0,130906.54459793423
hazaribagh,417136,1698560.0,42.85714285714285,36.0,1.5049130763416478,3539762.0,0,115014.98415757803
hazaribagh,417136,1698560.0,42.85714285714285,36.0,1.5049130763416478,4311550.0,0,125687.93214508997
hazaribagh,417136,1698560.0,42.85714285714285,36.0,1.5049130763416478,5890582.0,0,154425.95097070138
hazaribagh,417136,1698560.0,42.85714285714285,36.0,1.5049130763416478,7977180.0,0,138817.4876297626
hazaribagh,417136,1698560.0,42.85714285714285,36.0,1.5049130763416478,9038043.0,0,104285.9997132105
hazaribagh,417136,1698560.0,42.85714285714285,36.0,1.5049130763416478,11022611.0,0,130118.68329863707
hazaribagh,417136,1698560.0,42.85714285714285,36.0,1.5049130763416478,11491587.0,0,84794.5768966667
hazaribagh,417136,1698560.0,42.85714285714285,36.0,1.5049130763416478,13124400.0,0,140694.27316168864
ramgarh,246466,949159.0,58.42857142857143,45.0,1.3871951219512195,97459.0,0,87872.24547308302
ramgarh,246466,949159.0,58.42857142857143,45.0,1.3871951219512195,120655.0,0,58120.69158183505
ramgarh,246466,949159.0,58.42857142857143,45.0,1.3871951219512195,264474.0,0,83231.72149947248
ramgarh,246466,949159.0,58.42857142857143,45.0,1.3871951219512195,245189.0,0,73603.59634022861
ramgarh,246466,949159.0,58.42857142857143,45.0,1.3871951219512195,349693.0,0,82143.87466659112
ramgarh,246466,949159.0,58.42857142857143,45.0,1.3871951219512195,331688.0,0,58288.8133673
ramgarh,246466,949159.0,58.42857142857143,45.0,1.3871951219512195,466086.0,0,85312.34411735227
ramgarh,246466,949159.0,58.42857142857143,45.0,1.3871951219512195,606260.0,0,110208.60257057988
ramgarh,246466,949159.0,58.42857142857143,45.0,1.3871951219512195,695324.0,0,72750.67387232298
ramgarh,246466,949159.0,58.42857142857143,45.0,1.3871951219512195,881527.0,0,96636.29827811744
ramgarh,246466,949159.0,58.42857142857143,45.0,1.3871951219512195,1222166.0,0,112685.73711637365
ramgarh,246466,949159.0,58.42857142857143,45.0,1.3871951219512195,1794655.0,0,98491.66921471512
ramgarh,246466,949159.0,58.42857142857143,45.0,1.3871951219512195,1838015.0,0,84139.12149161748
ramgarh,246466,949159.0,58.42857142857143,45.0,1.3871951219512195,2288585.0,0,107302.28071537439
ramgarh,246466,949159.0,58.42857142857143,45.0,1.3871951219512195,2997440.0,0,95627.11265791938
ramgarh,246466,949159.0,58.42857142857143,45.0,1.3871951219512195,3983583.0,0,58909.42049572086
ramgarh,246466,949159.0,58.42857142857143,45.0,1.3871951219512195,4563913.0,0,84792.41863123309
ramgarh,246466,949159.0,58.42857142857143,45.0,1.3871951219512195,5430685.0,0,92825.98927016494
ramgarh,246466,949159.0,58.42857142857143,45.0,1.3871951219512195,5408270.0,0,84575.76308563887
ramgarh,246466,949159.0,58.42857142857143,45.0,1.3871951219512195,6829219.0,0,65713.99251774496
dumka,266134,1321096.0,58.42857142857143,38.0,1.5863836017569546,1047786.5,1,104904.04254076612
jamtara,168052,790207.0,58.42857142857143,38.0,1.570127504553734,1047786.5,1,73512.94857492312
ranchi,826189,2912022.0,53.0,34.0,1.397889977392615,356622.0,0,200000.0
ranchi,826189,2912022.0,53.0,34.0,1.397889977392615,501072.0,0,200000.0
ranchi,826189,2912022.0,53.0,34.0,1.397889977392615,1040485.0,0,200000.0
ranchi,826189,2912022.0,53.0,34.0,1.397889977392615,997887.0,0,200000.0
ranchi,826189,2912022.0,53.0,34.0,1.397889977392615,1958897.0,0,200000.0
ranchi,826189,2912022.0,53.0,34.0,1.397889977392615,3147028.0,0,200000.0
ranchi,826189,2912022.0,53.0,34.0,1.397889977392615,3924885.0,0,200000.0
ranchi,826189,2912022.0,53.0,34.0,1.397889977392615,4962725.0,0,200000.0
ranchi,826189,2912022.0,53.0,34.0,1.397889977392615,5132983.0,0,200000.0
ranchi,826189,2912022.0,53.0,34.0,1.397889977392615,4656822.0,0,200000.0
ranchi,826189,2912022.0,53.0,34.0,1.397889977392615,6079407.0,0,200000.0
ranchi,826189,2912022.0,53.0,34.0,1.397889977392615,8317124.0,0,200000.0
ranchi,826189,2912022.0,53.0,34.0,1.397889977392615,11611641.0,0,200000.0
ranchi,826189,2912022.0,53.0,34.0,1.397889977392615,12803752.0,0,198282.01356496438
ranchi,826189,2912022.0,53.0,34.0,1.397889977392615,18164412.0,0,200000.0
ranchi,826189,2912022.0,53.0,34.0,1.397889977392615,24545152.0,0,200000.0
ranchi,826189,2912022.0,53.0,34.0,1.397889977392615,28253540.0,0,200000.0
ranchi,826189,2912022.0,53.0,34.0,1.397889977392615,33436768.0,0,196851.51800249363
ranchi,826189,2912022.0,53.0,34.0,1.397889977392615,39158673.0,0,200000.0
ranchi,826189,2912022.0,53.0,34.0,1.397889977392615,41821467.0,0,200000.0
khunti,119834,530299.0,58.42857142857143,39.0,1.3482849604221636,1047786.5,1,93547.13012104762
gumla,237925,1025656.0,58.42857142857143,36.0,1.4651898734177216,1047786.5,1,105753.59885388668
simdega,151492,599813.0,58.42857142857143,37.0,1.6319290465631928,1047786.5,1,84952.39915989226
pashchimi singhbhum,288288,1501619.0,58.42857142857143,31.0,1.2838878674801244,1047786.5,1,126123.83464665247
saraikela-kharsawan,247661,1063458.0,58.42857142857143,31.0,1.2838878674801244,1047786.5,1,108279.1502483661
bargarh,426566,1698560.0,58.42857142857143,37.0,1.2972057578323457,1047786.5,1,133072.21828955374
jharsuguda,177787,1698560.0,58.42857142857143,38.0,1.168091168091168,1047786.5,1,110809.75350935393
sambalpur,310499,1698560.0,65.71428571428571,32.0,1.3846153846153846,10274024.0,0,131388.07543486066
debagarh,85170,1698560.0,58.42857142857143,31.0,1.2838878674801244,1047786.5,1,60219.73547593228
sundargarh,592175,1698560.0,82.57142857142857,40.0,1.4906726964386658,769791.0,0,159820.27902649125
sundargarh,592175,1698560.0,82.57142857142857,40.0,1.4906726964386658,1085480.0,0,186780.00863520164
sundargarh,592175,1698560.0,82.57142857142857,40.0,1.4906726964386658,1500297.0,0,191240.83071879332
sundargarh,592175,1698560.0,82.57142857142857,40.0,1.4906726964386658,1644012.0,0,138382.56614223644
sundargarh,592175,1698560.0,82.57142857142857,40.0,1.4906726964386658,1703737.0,0,186835.98994973363
sundargarh,592175,1698560.0,82.57142857142857,40.0,1.4906726964386658,2196403.0,0,200000.0
sundargarh,592175,1698560.0,82.57142857142857,40.0,1.4906726964386658,3330883.0,0,177763.50092453748
sundargarh,592175,1698560.0,82.57142857142857,40.0,1.4906726964386658,3591361.0,0,153817.22268199548
sundargarh,592175,1698560.0,82.57142857142857,40.0,1.4906726964386658,4098648.0,0,150880.37674055027
sundargarh,592175,1698560.0,82.57142857142857,40.0,1.4906726964386658,5579434.0,0,132624.67773495865
sundargarh,592175,1698560.0,82.57142857142857,40.0,1.4906726964386658,7505779.0,0,178979.79285949125
sundargarh,592175,1698560.0,82.57142857142857,40.0,1.4906726964386658,8621086.0,0,178760.61739444383
sundargarh,592175,1698560.0,82.57142857142857,40.0,1.4906726964386658,10183902.0,0,194045.28482679973
sundargarh,592175,1698560.0,82.57142857142857,40.0,1.4906726964386658,12922754.0,0,112973.71675705741
sundargarh,592175,1698560.0,82.57142857142857,40.0,1.4906726964386658,13451927.0,0,115697.39103095795
kendujhar,447399,1698560.0,58.42857142857143,36.0,1.3258265452803066,259941.0,0,76727.84292025969
kendujhar,447399,1698560.0,58.42857142857143,36.0,1.3258265452803066,354756.0,0,139808.57935160946
kendujhar,447399,1698560.0,58.42857142857143,36.0,1.3258265452803066,1247010.0,0,138696.50775265886
kendujhar,447399,1698560.0,58.42857142857143,36.0,1.3258265452803066,774382.0,0,118898.65035242401
kendujhar,447399,1698560.0,58.42857142857143,36.0,1.3258265452803066,1099272.0,0,97055.06336778321
kendujhar,447399,1698560.0,58.42857142857143,36.0,1.3258265452803066,778337.0,0,112221.16713652562
kendujhar,447399,1698560.0,58.42857142857143,36.0,1.3258265452803066,1226918.0,0,139068.6253838408
kendujhar,447399,1698560.0,58.42857142857143,36.0,1.3258265452803066,2031166.0,0,200000.0
kendujhar,447399,1698560.0,58.42857142857143,36.0,1.3258265452803066,1413416.0,0,144773.26049901487
kendujhar,447399,1698560.0,58.42857142857143,36.0,1.3258265452803066,1613148.0,0,175111.7376467236
kendujhar,447399,1698560.0,58.42857142857143,36.0,1.3258265452803066,2057809.0,0,121877.13764880292
kendujhar,447399,1698560.0,58.42857142857143,36.0,1.3258265452803066,2911896.0,0,138729.78216471523
kendujhar,447399,1698560.0,58.42857142857143,36.0,1.3258265452803066,3023651.0,0,147525.51841529692
kendujhar,447399,1698560.0,58.42857142857143,36.0,1.3258265452803066,3840405.0,0,144716.7622465359
kendujhar,447399,1698560.0,58.42857142857143,36.0,1.3258265452803066,4942596.0,0,139574.07194492623
kendujhar,447399,1698560.0,58.42857142857143,36.0,1.3258265452803066,6478836.0,0,173180.43426228839
kendujhar,447399,1698560.0,58.42857142857143,36.0,1.3258265452803066,7553005.0,0,148733.54592032955
kendujhar,447399,1698560.0,58.42857142857143,36.0,1.3258265452803066,8741853.0,0,137761.85082774772
kendujhar,447399,1698560.0,58.42857142857143,36.0,1.3258265452803066,8971733.0,0,147721.2282197686
kendujhar,447399,1698560.0,58.42857142857143,36.0,1.3258265452803066,10410170.0,0,176514.9996357833
mayurbhanj,575226,2513895.0,58.42857142857143,38.0,1.306830309498399,208105.0,0,200000.0
mayurbhanj,575226,2513895.0,58.42857142857143,38.0,1.306830309498399,309322.0,0,160924.6903686826
baleshwar,718873,1698560.0,58.42857142857143,27.0,1.4309413580246917,469068.0,0,169565.07058294676
baleshwar,718873,1698560.0,58.42857142857143,27.0,1.4309413580246917,711772.0,0,200000.0
baleshwar,718873,1698560.0,58.42857142857143,27.0,1.4309413580246917,3746440.0,0,200000.0
baleshwar,718873,1698560.0,58.42857142857143,27.0,1.4309413580246917,1996845.0,0,184402.0995484817
baleshwar,718873,1698560.0,58.42857142857143,27.0,1.4309413580246917,2052883.0,0,187291.06754779248
baleshwar,718873,1698560.0,58.42857142857143,27.0,1.4309413580246917,1260994.0,0,186125.43699918425
baleshwar,718873,1698560.0,58.42857142857143,27.0,1.4309413580246917,1845986.0,0,200000.0
baleshwar,718873,1698560.0,58.42857142857143,27.0,1.4309413580246917,3904913.0,0,200000.0
baleshwar,718873,1698560.0,58.42857142857143,27.0,1.4309413580246917,2303973.0,0,200000.0
baleshwar,718873,1698560.0,58.42857142857143,27.0,1.4309413580246917,2140956.0,0,200000.0
baleshwar,718873,1698560.0,58.42857142857143,27.0,1.4309413580246917,2923704.0,0,192304.96759469397
baleshwar,718873,1698560.0,58.42857142857143,27.0,1.4309413580246917,3989220.0,0,200000.0
baleshwar,718873,1698560.0,58.42857142857143,27.0,1.4309413580246917,4262593.0,0,183591.70838549157
baleshwar,718873,1698560.0,58.42857142857143,27.0,1.4309413580246917,5228480.0,0,183262.24108753976
baleshwar,718873,1698560.0,58.42857142857143,27.0,1.4309413580246917,6888676.0,0,172770.65319839426
baleshwar,718873,1698560.0,58.42857142857143,27.0,1.4309413580246917,8971332.0,0,200000.0
baleshwar,718873,1698560.0,58.42857142857143,27.0,1.4309413580246917,10164531.0,0,200000.0
baleshwar,718873,1698560.0,58.42857142857143,27.0,1.4309413580246917,12044394.0,0,189344.97485749942
baleshwar,718873,1698560.0,58.42857142857143,27.0,1.4309413580246917,11721722.0,0,199718.28641814858
baleshwar,718873,1698560.0,58.42857142857143,27.0,1.4309413580246917,13396460.0,0,183568.07717632706
bhadrak,497871,439917.0,58.42857142857143,33.0,1.447122861586314,279644.0,0,130260.20694359942
bhadrak,497871,439917.0,58.42857142857143,33.0,1.447122861586314,401149.0,0,151279.1359905234
bhadrak,497871,439917.0,58.42857142857143,33.0,1.447122861586314,1431437.0,0,157264.61151379137
bhadrak,497871,439917.0,58.42857142857143,33.0,1.447122861586314,1048520.0,0,129757.18568512508
bhadrak,497871,439917.0,58.42857142857143,33.0,1.447122861586314,1224209.0,0,143647.6608968119
bhadrak,497871,439917.0,58.42857142857143,33.0,1.447122861586314,793895.0,0,125914.29295657368
bhadrak,497871,439917.0,58.42857142857143,33.0,1.447122861586314,1061299.0,0,127152.68997252642
bhadrak,497871,439917.0,58.42857142857143,33.0,1.447122861586314,1978353.0,0,129621.12940283162
bhadrak,497871,439917.0,58.42857142857143,33.0,1.447122861586314,1450538.0,0,150746.41088581097
bhadrak,497871,439917.0,58.42857142857143,33.0,1.447122861586314,1596539.0,0,102588.74991420994
bhadrak,497871,439917.0,58.42857142857143,33.0,1.447122861586314,2028722.0,0,194517.499366928
bhadrak,497871,439917.0,58.42857142857143,33.0,1.447122861586314,2820751.0,0,120311.92041656746
bhadrak,497871,439917.0,58.42857142857143,33.0,1.447122861586314,2838067.0,0,93393.201205691
bhadrak,497871,439917.0,58.42857142857143,33.0,1.447122861586314,3607884.0,0,145976.6854059633
bhadrak,497871,439917.0,58.42857142857143,33.0,1.447122861586314,4514522.0,0,139555.62863275482
bhadrak,497871,439917.0,58.42857142857143,33.0,1.447122861586314,5912920.0,0,144987.62561926187
bhadrak,497871,439917.0,58.42857142857143,33.0,1.447122861586314,7049860.0,0,182085.1370984258
bhadrak,497871,439917.0,58.42857142857143,33.0,1.447122861586314,8276685.0,0,150156.5424087579
bhadrak,497871,439917.0,58.42857142857143,33.0,1.447122861586314,8725910.0,0,137433.62980879474
kendrapara,509295,1439891.0,58.42857142857143,27.0,1.2970027247956404,1047786.5,1,102722.1699457063
jagatsinghapur,407978,1698560.0,58.42857142857143,34.0,1.2334113973458236,226525.0,0,117968.06860351481
jagatsinghapur,407978,1698560.0,58.42857142857143,34.0,1.2334113973458236,352035.0,0,161147.93401164448
jagatsinghapur,407978,1698560.0,58.42857142857143,34.0,1.2334113973458236,729403.0,0,143716.21013220464
cuttack,908436,2618708.0,55.142857142857146,29.0,1.3456439393939394,487588.0,0,200000.0
cuttack,908436,2618708.0,55.142857142857146,29.0,1.3456439393939394,703794.0,0,200000.0
cuttack,908436,2618708.0,55.142857142857146,29.0,1.3456439393939394,3025622.0,0,200000.0
cuttack,908436,2618708.0,55.142857142857146,29.0,1.3456439393939394,1823683.0,0,200000.0
cuttack,908436,2618708.0,55.142857142857146,29.0,1.3456439393939394,2843941.0,0,200000.0
cuttack,908436,2618708.0,55.142857142857146,29.0,1.3456439393939394,2289245.0,0,200000.0
cuttack,908436,2618708.0,55.142857142857146,29.0,1.3456439393939394,3846764.0,0,200000.0
cuttack,908436,2618708.0,55.142857142857146,29.0,1.3456439393939394,5783608.0,0,200000.0
cuttack,908436,2618708.0,55.142857142857146,29.0,1.3456439393939394,4024520.0,0,200000.0
cuttack,908436,2618708.0,55.142857142857146,29.0,1.3456439393939394,3964715.0,0,200000.0
cuttack,908436,2618708.0,55.142857142857146,29.0,1.3456439393939394,5060890.0,0,200000.0
cuttack,908436,2618708.0,55.142857142857146,29.0,1.3456439393939394,7649233.0,0,200000.0
cuttack,908436,2618708.0,55.142857142857146,29.0,1.3456439393939394,8289932.0,0,200000.0
cuttack,908436,2618708.0,55.142857142857146,29.0,1.3456439393939394,9410135.0,0,200000.0
cuttack,908436,2618708.0,55.142857142857146,29.0,1.3456439393939394,13016632.0,0,200000.0
cuttack,908436,2618708.0,55.142857142857146,29.0,1.3456439393939394,17091193.0,0,200000.0
cuttack,908436,2618708.0,55.142857142857146,29.0,1.3456439393939394,18955932.0,0,200000.0
cuttack,908436,2618708.0,55.142857142857146,29.0,1.3456439393939394,22544912.0,0,200000.0
cuttack,908436,2618708.0,55.142857142857146,29.0,1.3456439393939394,26643179.0,0,200000.0
cuttack,908436,2618708.0,55.142857142857146,29.0,1.3456439393939394,30402517.0,0,200000.0
jajapur,584059,1698560.0,58.42857142857143,31.0,1.291742013261001,362382.0,0,138474.39459532447
jajapur,584059,1698560.0,58.42857142857143,31.0,1.291742013261001,516443.0,0,154247.08455813542
jajapur,584059,1698560.0,58.42857142857143,31.0,1.291742013261001,1897103.0,0,182882.72368083164
jajapur,584059,1698560.0,58.42857142857143,31.0,1.291742013261001,1228698.0,0,177412.43465923067
jajapur,584059,1698560.0,58.42857142857143,31.0,1.291742013261001,2005354.0,0,184524.9283859437
jajapur,584059,1698560.0,58.42857142857143,31.0,1.291742013261001,1116157.0,0,146455.47966863716
jajapur,584059,1698560.0,58.42857142857143,31.0,1.291742013261001,1763488.0,0,119308.35561128485
jajapur,584059,1698560.0,58.42857142857143,31.0,1.291742013261001,2717947.0,0,193431.29714731942
jajapur,584059,1698560.0,58.42857142857143,31.0,1.291742013261001,2166952.0,0,144236.8377188825
jajapur,584059,1698560.0,58.42857142857143,31.0,1.291742013261001,2289121.0,0,169886.7344162595
jajapur,584059,1698560.0,58.42857142857143,31.0,1.291742013261001,2999596.0,0,139016.50331963704
jajapur,584059,1698560.0,58.42857142857143,31.0,1.291742013261001,4383403.0,0,169609.55285977502
jajapur,584059,1698560.0,58.42857142857143,31.0,1.291742013261001,4602753.0,0,162929.5126673977
jajapur,584059,1698560.0,58.42857142857143,31.0,1.291742013261001,5656119.0,0,200000.0
jajapur,584059,1698560.0,58.42857142857143,31.0,1.291742013261001,7272580.0,0,135911.88230962673
jajapur,584059,1698560.0,58.42857142857143,31.0,1.291742013261001,9413690.0,0,173756.7085303495
jajapur,584059,1698560.0,58.42857142857143,31.0,1.291742013261001,10760033.0,0,160328.55162992195
jajapur,584059,1698560.0,58.42857142857143,31.0,1.291742013261001,12788486.0,0,169086.41395742842
jajapur,584059,1698560.0,58.42857142857143,31.0,1.291742013261001,13031811.0,0,157598.46954935236
jajapur,584059,1698560.0,58.42857142857143,31.0,1.291742013261001,14867125.0,0,171101.2849175011
dhenkanal,365817,1192948.0,46.285714285714285,39.0,1.4283319362950544,1546536.0,0,128283.52586489712
dhenkanal,365817,1192948.0,46.285714285714285,39.0,1.4283319362950544,736715.0,0,111395.42309500577
dhenkanal,365817,1192948.0,46.285714285714285,39.0,1.4283319362950544,1112474.0,0,102835.95394854902
dhenkanal,365817,1192948.0,46.285714285714285,39.0,1.4283319362950544,1550560.0,0,122725.76060456566
anugul,375031,1698560.0,58.42857142857143,31.0,1.341348973607038,1023176.0,0,89897.28203114835
anugul,375031,1698560.0,58.42857142857143,31.0,1.341348973607038,656270.0,0,163910.01995693796
anugul,375031,1698560.0,58.42857142857143,31.0,1.341348973607038,916878.0,0,132222.33473596966
anugul,375031,1698560.0,58.42857142857143,31.0,1.341348973607038,1176601.0,0,119829.75087958947
anugul,375031,1698560.0,58.42857142857143,31.0,1.341348973607038,1343647.0,0,111864.06276622647
anugul,375031,1698560.0,58.42857142857143,31.0,1.341348973607038,1744600.0,0,116393.7057967041
anugul,375031,1698560.0,58.42857142857143,31.0,1.341348973607038,2566879.0,0,117371.13346707736
anugul,375031,1698560.0,58.42857142857143,31.0,1.341348973607038,2688530.0,0,76850.48063202613
anugul,375031,1698560.0,58.42857142857143,31.0,1.341348973607038,3164512.0,0,86304.27616459172
anugul,375031,1698560.0,58.42857142857143,31.0,1.341348973607038,4298974.0,0,104746.70518042966
anugul,375031,1698560.0,58.42857142857143,31.0,1.341348973607038,5595409.0,0,109450.70127786632
anugul,375031,1698560.0,58.42857142857143,31.0,1.341348973607038,6423393.0,0,103229.72653314195
anugul,375031,1698560.0,58.42857142857143,31.0,1.341348973607038,7523854.0,0,150167.1622833882
anugul,375031,1698560.0,58.42857142857143,31.0,1.341348973607038,8115183.0,0,112883.29385514109
anugul,375031,1698560.0,58.42857142857143,31.0,1.341348973607038,12295417.0,0,102791.7709747781
nayagarh,296029,962215.0,58.42857142857143,34.0,1.4499100179964006,1140437.0,0,46456.13914763328
khordha,792421,2246341.0,58.42857142857143,34.0,1.2933690555927662,1013916.0,0,200000.0
khordha,792421,2246341.0,58.42857142857143,34.0,1.2933690555927662,1344202.0,0,200000.0
khordha,792421,2246341.0,58.42857142857143,34.0,1.2933690555927662,5333443.0,0,200000.0
khordha,792421,2246341.0,58.42857142857143,34.0,1.2933690555927662,4036038.0,0,200000.0
khordha,792421,2246341.0,58.42857142857143,34.0,1.2933690555927662,9928652.0,0,200000.0
khordha,792421,2246341.0,58.42857142857143,34.0,1.2933690555927662,13339889.0,0,200000.0
khordha,792421,2246341.0,58.42857142857143,34.0,1.2933690555927662,18364742.0,0,196722.9794985222
khordha,792421,2246341.0,58.42857142857143,34.0,1.2933690555927662,27477393.0,0,200000.0
khordha,792421,2246341.0,58.42857142857143,34.0,1.2933690555927662,23152370.0,0,189256.93467336305
khordha,792421,2246341.0,58.42857142857143,34.0,1.2933690555927662,16842715.0,0,200000.0
khordha,792421,2246341.0,58.42857142857143,34.0,1.2933690555927662,23387123.0,0,200000.0
khordha,792421,2246341.0,58.42857142857143,34.0,1.2933690555927662,30354832.0,0,200000.0
khordha,792421,2246341.0,58.42857142857143,34.0,1.2933690555927662,45765876.0,0,200000.0
khordha,792421,2246341.0,58.42857142857143,34.0,1.2933690555927662,51729539.0,0,184221.92087290622
khordha,792421,2246341.0,58.42857142857143,34.0,1.2933690555927662,71647985.0,0,200000.0
khordha,792421,2246341.0,58.42857142857143,34.0,1.2933690555927662,94505879.0,0,200000.0
khordha,792421,2246341.0,58.42857142857143,34.0,1.2933690555927662,104052705.0,0,199656.05752110088
khordha,792421,2246341.0,58.42857142857143,34.0,1.2933690555927662,124986765.0,0,200000.0
khordha,792421,2246341.0,58.42857142857143,34.0,1.2933690555927662,182514532.0,0,190861.00677507636
khordha,792421,2246341.0,58.42857142857143,34.0,1.2933690555927662,208260666.0,0,200000.0
puri,587082,1697983.0,42.285714285714285,27.0,1.2594167679222357,279071.0,0,168522.81711083412
puri,587082,1697983.0,42.285714285714285,27.0,1.2594167679222357,399081.0,0,177556.873764625
puri,587082,1697983.0,42.285714285714285,27.0,1.2594167679222357,1434318.0,0,177944.84386983415
puri,587082,1697983.0,42.285714285714285,27.0,1.2594167679222357,1076748.0,0,171395.39094005866
puri,587082,1697983.0,42.285714285714285,27.0,1.2594167679222357,1300890.0,0,200000.0
puri,587082,1697983.0,42.285714285714285,27.0,1.2594167679222357,808325.0,0,175035.576990644
puri,587082,1697983.0,42.285714285714285,27.0,1.2594167679222357,1500762.0,0,200000.0
puri,587082,1697983.0,42.285714285714285,27.0,1.2594167679222357,2203098.0,0,145973.29319899977
puri,587082,1697983.0,42.285714285714285,27.0,1.2594167679222357,1788019.0,0,169849.30983776384
puri,587082,1697983.0,42.285714285714285,27.0,1.2594167679222357,1909766.0,0,144219.52923262032
puri,587082,1697983.0,42.285714285714285,27.0,1.2594167679222357,2508367.0,0,165278.0246916431
puri,587082,1697983.0,42.285714285714285,27.0,1.2594167679222357,3709394.0,0,174151.6120318186
puri,587082,1697983.0,42.285714285714285,27.0,1.2594167679222357,3904605.0,0,169526.365644734
puri,587082,1697983.0,42.285714285714285,27.0,1.2594167679222357,4549183.0,0,130011.74748474977
puri,587082,1697983.0,42.285714285714285,27.0,1.2594167679222357,6111015.0,0,200000.0
puri,587082,1697983.0,42.285714285714285,27.0,1.2594167679222357,8372818.0,0,106719.8446369452
puri,587082,1697983.0,42.285714285714285,27.0,1.2594167679222357,9268269.0,0,192165.53279958607
puri,587082,1697983.0,42.285714285714285,27.0,1.2594167679222357,11076675.0,0,200000.0
puri,587082,1697983.0,42.285714285714285,27.0,1.2594167679222357,11193823.0,0,199486.4293788183
puri,587082,1697983.0,42.285714285714285,27.0,1.2594167679222357,13182742.0,0,126338.01192491205
ganjam,947398,3520151.0,43.42857142857143,45.0,1.3145949720670391,399549.0,0,200000.0
ganjam,947398,3520151.0,43.42857142857143,45.0,1.3145949720670391,516556.0,0,200000.0
ganjam,947398,3520151.0,43.42857142857143,45.0,1.3145949720670391,1634313.0,0,200000.0
ganjam,947398,3520151.0,43.42857142857143,45.0,1.3145949720670391,1402146.0,0,200000.0
ganjam,947398,3520151.0,43.42857142857143,45.0,1.3145949720670391,2226839.0,0,200000.0
ganjam,947398,3520151.0,43.42857142857143,45.0,1.3145949720670391,1557000.0,0,200000.0
ganjam,947398,3520151.0,43.42857142857143,45.0,1.3145949720670391,1689894.0,0,200000.0
ganjam,947398,3520151.0,43.42857142857143,45.0,1.3145949720670391,2682447.0,0,200000.0
ganjam,947398,3520151.0,43.42857142857143,45.0,1.3145949720670391,2622872.0,0,200000.0
ganjam,947398,3520151.0,43.42857142857143,45.0,1.3145949720670391,2890005.0,0,200000.0
ganjam,947398,3520151.0,43.42857142857143,45.0,1.3145949720670391,3839868.0,0,200000.0
ganjam,947398,3520151.0,43.42857142857143,45.0,1.3145949720670391,5759948.0,0,200000.0
ganjam,947398,3520151.0,43.42857142857143,45.0,1.3145949720670391,5849764.0,0,200000.0
ganjam,947398,3520151.0,43.42857142857143,45.0,1.3145949720670391,7627913.0,0,200000.0
ganjam,947398,3520151.0,43.42857142857143,45.0,1.3145949720670391,9758386.0,0,200000.0
ganjam,947398,3520151.0,43.42857142857143,45.0,1.3145949720670391,12765148.0,0,200000.0
ganjam,947398,3520151.0,43.42857142857143,45.0,1.3145949720670391,14289760.0,0,200000.0
ganjam,947398,3520151.0,43.42857142857143,45.0,1.3145949720670391,17162973.0,0,200000.0
ganjam,947398,3520151.0,43.42857142857143,45.0,1.3145949720670391,18696976.0,0,200000.0
ganjam,947398,3520151.0,43.42857142857143,45.0,1.3145949720670391,22374745.0,0,200000.0
gajapati,108874,575880.0,58.42857142857143,34.0,1.4451612903225806,1047786.5,1,92234.93684851864
kandhamal,165886,731952.0,58.42857142857143,45.0,1.5706040784917277,1047786.5,1,33986.23094343402
baudh,112964,1698560.0,58.42857142857143,31.0,1.2838878674801244,1047786.5,1,27446.34613468298
subarnapur,168028,1698560.0,58.42857142857143,31.0,1.2838878674801244,1047786.5,1,5000.0
balangir,381588,1698560.0,58.42857142857143,31.0,1.3070866141732282,1047786.5,1,114308.66848526549
nuapada,118480,606490.0,58.42857142857143,41.0,1.3003095975232195,1047786.5,1,61117.1586487208
kalahandi,317859,1573054.0,27.142857142857142,39.0,1.4627730717788676,1047786.5,1,93471.63537210753
rayagada,165776,961959.0,58.42857142857143,39.0,1.5793413173652695,1047786.5,1,44945.30848237653
nabarangapur,183395,1698560.0,58.42857142857143,47.0,1.2838878674801244,1047786.5,1,44030.53375446834
koraput,227247,1376934.0,35.714285714285715,40.0,1.3502257902659307,1047786.5,1,29262.501191723073
malkangiri,97705,612727.0,58.42857142857143,42.0,1.4816285998013905,1047786.5,1,73596.4267880207
koriya,167900,659039.0,58.42857142857143,31.0,1.2838878674801244,1047786.5,1,35870.31548855952
surguja,493255,2361329.0,25.714285714285715,28.0,1.1103327495621715,68251.0,0,141483.27685860737
surguja,493255,2361329.0,25.714285714285715,28.0,1.1103327495621715,94260.0,0,103008.68258526392
surguja,493255,2361329.0,25.714285714285715,28.0,1.1103327495621715,123129.0,0,137368.4019341953
surguja,493255,2361329.0,25.714285714285715,28.0,1.1103327495621715,174043.0,0,105015.52867751112
surguja,493255,2361329.0,25.714285714285715,28.0,1.1103327495621715,227723.0,0,124761.06350218687
surguja,493255,2361329.0,25.714285714285715,28.0,1.1103327495621715,217707.0,0,183636.54159784561
surguja,493255,2361329.0,25.714285714285715,28.0,1.1103327495621715,293050.0,0,145508.85529157633
surguja,493255,2361329.0,25.714285714285715,28.0,1.1103327495621715,398053.0,0,131025.31290929916
surguja,493255,2361329.0,25.714285714285715,28.0,1.1103327495621715,471783.0,0,145991.87378272432
surguja,493255,2361329.0,25.714285714285715,28.0,1.1103327495621715,533916.0,0,84485.21040505255
surguja,493255,2361329.0,25.714285714285715,28.0,1.1103327495621715,707337.0,0,151372.54873186868
surguja,493255,2361329.0,25.714285714285715,28.0,1.1103327495621715,1086420.0,0,130115.52732500761
surguja,493255,2361329.0,25.714285714285715,28.0,1.1103327495621715,1195343.0,0,111187.343266132
surguja,493255,2361329.0,25.714285714285715,28.0,1.1103327495621715,1332917.0,0,166635.57747750636
surguja,493255,2361329.0,25.714285714285715,28.0,1.1103327495621715,2006253.0,0,157750.22179309835
surguja,493255,2361329.0,25.714285714285715,28.0,1.1103327495621715,2774724.0,0,140413.0935320191
surguja,493255,2361329.0,25.714285714285715,28.0,1.1103327495621715,3182242.0,0,182611.3036844604
surguja,493255,2361329.0,25.714285714285715,28.0,1.1103327495621715,3814390.0,0,100955.08069663645
surguja,493255,2361329.0,25.714285714285715,28.0,1.1103327495621715,3762924.0,0,150410.9042306717
surguja,493255,2361329.0,25.714285714285715,28.0,1.1103327495621715,4530080.0,0,147412.13143002064
jashpur,214759,852043.0,58.42857142857143,37.0,1.218543046357616,1047786.5,1,56412.61663478521
raigarh,408883,1698560.0,56.71428571428572,34.0,1.2474155754651963,133135.0,0,118077.6429739998
raigarh,408883,1698560.0,56.71428571428572,34.0,1.2474155754651963,190903.0,0,109418.88992272584
raigarh,408883,1698560.0,56.71428571428572,34.0,1.2474155754651963,263831.0,0,143315.9571702368
raigarh,408883,1698560.0,56.71428571428572,34.0,1.2474155754651963,371009.0,0,170773.68289330043
raigarh,408883,1698560.0,56.71428571428572,34.0,1.2474155754651963,487271.0,0,154276.99588888962
raigarh,408883,1698560.0,56.71428571428572,34.0,1.2474155754651963,431031.0,0,127721.9228074271
raigarh,408883,1698560.0,56.71428571428572,34.0,1.2474155754651963,551609.0,0,121302.86702422443
raigarh,408883,1698560.0,56.71428571428572,34.0,1.2474155754651963,727666.0,0,114354.30369910657
raigarh,408883,1698560.0,56.71428571428572,34.0,1.2474155754651963,853049.0,0,125043.27693514085
raigarh,408883,1698560.0,56.71428571428572,34.0,1.2474155754651963,1086995.0,0,113405.99887720223
raigarh,408883,1698560.0,56.71428571428572,34.0,1.2474155754651963,1433072.0,0,154125.8399932186
raigarh,408883,1698560.0,56.71428571428572,34.0,1.2474155754651963,2064164.0,0,114906.73834599215
raigarh,408883,1698560.0,56.71428571428572,34.0,1.2474155754651963,2237708.0,0,118332.5540557009
raigarh,408883,1698560.0,56.71428571428572,34.0,1.2474155754651963,2634959.0,0,120166.8774314193
raigarh,408883,1698560.0,56.71428571428572,34.0,1.2474155754651963,3676121.0,0,131874.85080355086
raigarh,408883,1698560.0,56.71428571428572,34.0,1.2474155754651963,4987956.0,0,130889.2941344998
raigarh,408883,1698560.0,56.71428571428572,34.0,1.2474155754651963,5959088.0,0,123509.36658543786
raigarh,408883,1698560.0,56.71428571428572,34.0,1.2474155754651963,6953143.0,0,105917.0985200866
raigarh,408883,1698560.0,56.71428571428572,34.0,1.2474155754651963,7689276.0,0,139005.78727839442
raigarh,408883,1698560.0,56.71428571428572,34.0,1.2474155754651963,8475730.0,0,200000.0
korba,315368,1206563.0,58.42857142857143,37.0,1.2461964038727524,93345.0,0,69943.92223441681
korba,315368,1206563.0,58.42857142857143,37.0,1.2461964038727524,138391.0,0,103592.7709825413
korba,315368,1206563.0,58.42857142857143,37.0,1.2461964038727524,184852.0,0,133949.17155406257
korba,315368,1206563.0,58.42857142857143,37.0,1.2461964038727524,270387.0,0,106429.55524345522
korba,315368,1206563.0,58.42857142857143,37.0,1.2461964038727524,372554.0,0,101288.69283777723
korba,315368,1206563.0,58.42857142857143,37.0,1.2461964038727524,333692.0,0,139375.3486873348
korba,315368,1206563.0,58.42857142857143,37.0,1.2461964038727524,423953.0,0,70489.35284834907
korba,315368,1206563.0,58.42857142857143,37.0,1.2461964038727524,579614.0,0,124906.93507225714
korba,315368,1206563.0,58.42857142857143,37.0,1.2461964038727524,718120.0,0,113533.78172853014
korba,315368,1206563.0,58.42857142857143,37.0,1.2461964038727524,944646.0,0,103655.51587325562
korba,315368,1206563.0,58.42857142857143,37.0,1.2461964038727524,1244497.0,0,73512.62448582321
korba,315368,1206563.0,58.42857142857143,37.0,1.2461964038727524,1984429.0,0,115968.71030698961
korba,315368,1206563.0,58.42857142857143,37.0,1.2461964038727524,2152362.0,0,77653.36590059027
korba,315368,1206563.0,58.42857142857143,37.0,1.2461964038727524,2556656.0,0,111629.84017296559
korba,315368,1206563.0,58.42857142857143,37.0,1.2461964038727524,3562384.0,0,110288.73708901356
korba,315368,1206563.0,58.42857142857143,37.0,1.2461964038727524,4813732.0,0,41708.55970173464
korba,315368,1206563.0,58.42857142857143,37.0,1.2461964038727524,5626866.0,0,105962.3753415535
korba,315368,1206563.0,58.42857142857143,37.0,1.2461964038727524,6482877.0,0,62680.91444067649
korba,315368,1206563.0,58.42857142857143,37.0,1.2461964038727524,6608931.0,0,124626.34715236841
korba,315368,1206563.0,58.42857142857143,37.0,1.2461964038727524,7598691.0,0,144952.83975283985
janjgir - champa,425955,1620632.0,58.42857142857143,31.0,1.2838878674801244,1047786.5,1,130296.38519972429
bilaspur,664086,1698560.0,47.42857142857143,35.0,1.2640615748963884,158509.0,0,200000.0
bilaspur,664086,1698560.0,47.42857142857143,35.0,1.2640615748963884,227499.0,0,188009.20600404625
bilaspur,664086,1698560.0,47.42857142857143,35.0,1.2640615748963884,335751.0,0,200000.0
bilaspur,664086,1698560.0,47.42857142857143,35.0,1.2640615748963884,471373.0,0,173680.36549455515
bilaspur,664086,1698560.0,47.42857142857143,35.0,1.2640615748963884,760633.0,0,196733.27251226787
bilaspur,664086,1698560.0,47.42857142857143,35.0,1.2640615748963884,845039.0,0,183144.445927809
bilaspur,664086,1698560.0,47.42857142857143,35.0,1.2640615748963884,998165.0,0,152941.63099460732
bilaspur,664086,1698560.0,47.42857142857143,35.0,1.2640615748963884,1367178.0,0,200000.0
bilaspur,664086,1698560.0,47.42857142857143,35.0,1.2640615748963884,1626602.0,0,200000.0
bilaspur,664086,1698560.0,47.42857142857143,35.0,1.2640615748963884,1317592.0,0,131003.49656480867
bilaspur,664086,1698560.0,47.42857142857143,35.0,1.2640615748963884,1745292.0,0,141304.5453500456
bilaspur,664086,1698560.0,47.42857142857143,35.0,1.2640615748963884,2837963.0,0,199838.5817293436
bilaspur,664086,1698560.0,47.42857142857143,35.0,1.2640615748963884,3400745.0,0,200000.0
bilaspur,664086,1698560.0,47.42857142857143,35.0,1.2640615748963884,3617926.0,0,155542.3192547666
bilaspur,664086,1698560.0,47.42857142857143,35.0,1.2640615748963884,5603933.0,0,200000.0
bilaspur,664086,1698560.0,47.42857142857143,35.0,1.2640615748963884,7784221.0,0,182177.76348635013
bilaspur,664086,1698560.0,47.42857142857143,35.0,1.2640615748963884,9081044.0,0,180171.57734506333
bilaspur,664086,1698560.0,47.42857142857143,35.0,1.2640615748963884,11026765.0,0,185963.49133327708
bilaspur,664086,1698560.0,47.42857142857143,35.0,1.2640615748963884,13659373.0,0,186029.2615490975
bilaspur,664086,1698560.0,47.42857142857143,35.0,1.2640615748963884,16252139.0,0,175292.35239153853
bilaspur,664086,1698560.0,47.42857142857143,35.0,1.2640615748963884,21880.0,0,144261.74163740722
bilaspur,664086,1698560.0,47.42857142857143,35.0,1.2640615748963884,30705.0,0,197135.03047912236
bilaspur,664086,1698560.0,47.42857142857143,35.0,1.2640615748963884,37993.0,0,189703.87725198318
bilaspur,664086,1698560.0,47.42857142857143,35.0,1.2640615748963884,51395.0,0,167905.7495076936
bilaspur,664086,1698560.0,47.42857142857143,35.0,1.2640615748963884,73141.0,0,148858.46665305377
bilaspur,664086,1698560.0,47.42857142857143,35.0,1.2640615748963884,68748.0,0,174401.65731181204
bilaspur,664086,1698560.0,47.42857142857143,35.0,1.2640615748963884,88416.0,0,200000.0
bilaspur,664086,1698560.0,47.42857142857143,35.0,1.2640615748963884,114888.0,0,190682.23540091407
bilaspur,664086,1698560.0,47.42857142857143,35.0,1.2640615748963884,144278.0,0,194289.3382439484
bilaspur,664086,1698560.0,47.42857142857143,35.0,1.2640615748963884,191375.0,0,162719.36943956994
bilaspur,664086,1698560.0,47.42857142857143,35.0,1.2640615748963884,202526.0,0,200000.0
bilaspur,664086,1698560.0,47.42857142857143,35.0,1.2640615748963884,275513.0,0,171260.33257900953
bilaspur,664086,1698560.0,47.42857142857143,35.0,1.2640615748963884,256578.0,0,152748.89852647297
bilaspur,664086,1698560.0,47.42857142857143,35.0,1.2640615748963884,322915.0,0,173723.19612850796
bilaspur,664086,1698560.0,47.42857142857143,35.0,1.2640615748963884,364475.0,0,188190.09575884693
bilaspur,664086,1698560.0,47.42857142857143,35.0,1.2640615748963884,430870.0,0,200000.0
bilaspur,664086,1698560.0,47.42857142857143,35.0,1.2640615748963884,472169.0,0,176398.52084011195
bilaspur,664086,1698560.0,47.42857142857143,35.0,1.2640615748963884,597379.0,0,200000.0
bilaspur,664086,1698560.0,47.42857142857143,35.0,1.2640615748963884,936750.0,0,200000.0
bilaspur,664086,1698560.0,47.42857142857143,35.0,1.2640615748963884,622642.0,0,200000.0
bilaspur,664086,1698560.0,47.42857142857143,31.0,1.2640615748963884,158509.0,0,174475.05471336172
bilaspur,664086,1698560.0,47.42857142857143,31.0,1.2640615748963884,227499.0,0,161766.00494858215
bilaspur,664086,1698560.0,47.42857142857143,31.0,1.2640615748963884,335751.0,0,184985.74439481224
bilaspur,664086,1698560.0,47.42857142857143,31.0,1.2640615748963884,471373.0,0,200000.0
bilaspur,664086,1698560.0,47.42857142857143,31.0,1.2640615748963884,760633.0,0,200000.0
bilaspur,664086,1698560.0,47.42857142857143,31.0,1.2640615748963884,845039.0,0,200000.0
bilaspur,664086,1698560.0,47.42857142857143,31.0,1.2640615748963884,998165.0,0,200000.0
bilaspur,664086,1698560.0,47.42857142857143,31.0,1.2640615748963884,1367178.0,0,200000.0
bilaspur,664086,1698560.0,47.42857142857143,31.0,1.2640615748963884,1626602.0,0,199182.07739214716
bilaspur,664086,1698560.0,47.42857142857143,31.0,1.2640615748963884,1317592.0,0,168136.58764853515
bilaspur,664086,1698560.0,47.42857142857143,31.0,1.2640615748963884,1745292.0,0,200000.0
bilaspur,664086,1698560.0,47.42857142857143,31.0,1.2640615748963884,2837963.0,0,200000.0
bilaspur,664086,1698560.0,47.42857142857143,31.0,1.2640615748963884,3400745.0,0,139098.28865223515
bilaspur,664086,1698560.0,47.42857142857143,31.0,1.2640615748963884,3617926.0,0,175002.5199392695
bilaspur,664086,1698560.0,47.42857142857143,31.0,1.2640615748963884,5603933.0,0,200000.0
bilaspur,664086,1698560.0,47.42857142857143,31.0,1.2640615748963884,7784221.0,0,200000.0
bilaspur,664086,1698560.0,47.42857142857143,31.0,1.2640615748963884,9081044.0,0,133290.49901304723
bilaspur,664086,1698560.0,47.42857142857143,31.0,1.2640615748963884,11026765.0,0,166454.55453819782
bilaspur,664086,1698560.0,47.42857142857143,31.0,1.2640615748963884,13659373.0,0,183720.08979172303
bilaspur,664086,1698560.0,47.42857142857143,31.0,1.2640615748963884,16252139.0,0,200000.0
bilaspur,664086,1698560.0,47.42857142857143,31.0,1.2640615748963884,21880.0,0,197986.57418619108
bilaspur,664086,1698560.0,47.42857142857143,31.0,1.2640615748963884,30705.0,0,197529.81157227064
bilaspur,664086,1698560.0,47.42857142857143,31.0,1.2640615748963884,37993.0,0,200000.0
bilaspur,664086,1698560.0,47.42857142857143,31.0,1.2640615748963884,51395.0,0,192157.20124688072
bilaspur,664086,1698560.0,47.42857142857143,31.0,1.2640615748963884,73141.0,0,200000.0
bilaspur,664086,1698560.0,47.42857142857143,31.0,1.2640615748963884,68748.0,0,186704.3872993306
bilaspur,664086,1698560.0,47.42857142857143,31.0,1.2640615748963884,88416.0,0,184013.4122396725
bilaspur,664086,1698560.0,47.42857142857143,31.0,1.2640615748963884,114888.0,0,170884.5903728211
bilaspur,664086,1698560.0,47.42857142857143,31.0,1.2640615748963884,144278.0,0,146384.49071153233
bilaspur,664086,1698560.0,47.42857142857143,31.0,1.2640615748963884,191375.0,0,200000.0
bilaspur,664086,1698560.0,47.42857142857143,31.0,1.2640615748963884,202526.0,0,175072.69855254
bilaspur,664086,1698560.0,47.42857142857143,31.0,1.2640615748963884,275513.0,0,200000.0
bilaspur,664086,1698560.0,47.42857142857143,31.0,1.2640615748963884,256578.0,0,141906.5304568307
bilaspur,664086,1698560.0,47.42857142857143,31.0,1.2640615748963884,322915.0,0,186075.1381220954
bilaspur,664086,1698560.0,47.42857142857143,31.0,1.2640615748963884,364475.0,0,177945.7255200769
bilaspur,664086,1698560.0,47.42857142857143,31.0,1.2640615748963884,430870.0,0,169158.67967672396
bilaspur,664086,1698560.0,47.42857142857143,31.0,1.2640615748963884,472169.0,0,192425.1291190577
bilaspur,664086,1698560.0,47.42857142857143,31.0,1.2640615748963884,597379.0,0,180949.269635562
bilaspur,664086,1698560.0,47.42857142857143,31.0,1.2640615748963884,936750.0,0,168159.67868601053
bilaspur,664086,1698560.0,47.42857142857143,31.0,1.2640615748963884,622642.0,0,171888.34861177084
kabeerdham,165664,1698560.0,58.42857142857143,31.0,1.2838878674801244,1047786.5,1,83193.10446429686
rajnandgaon,447024,1537520.0,58.42857142857143,31.0,1.1591760299625469,73040.0,0,99819.9273357194
rajnandgaon,447024,1537520.0,58.42857142857143,31.0,1.1591760299625469,118132.0,0,131068.27169356942
rajnandgaon,447024,1537520.0,58.42857142857143,31.0,1.1591760299625469,154856.0,0,135221.57418949244
rajnandgaon,447024,1537520.0,58.42857142857143,31.0,1.1591760299625469,204099.0,0,191793.84658952995
rajnandgaon,447024,1537520.0,58.42857142857143,31.0,1.1591760299625469,247733.0,0,136680.72028968603
rajnandgaon,447024,1537520.0,58.42857142857143,31.0,1.1591760299625469,254329.0,0,56903.94292159559
rajnandgaon,447024,1537520.0,58.42857142857143,31.0,1.1591760299625469,347908.0,0,83541.33713113132
rajnandgaon,447024,1537520.0,58.42857142857143,31.0,1.1591760299625469,445558.0,0,157987.01209041357
rajnandgaon,447024,1537520.0,58.42857142857143,31.0,1.1591760299625469,530737.0,0,200000.0
rajnandgaon,447024,1537520.0,58.42857142857143,31.0,1.1591760299625469,673472.0,0,146131.9106409642
rajnandgaon,447024,1537520.0,58.42857142857143,31.0,1.1591760299625469,877383.0,0,150428.61551256792
rajnandgaon,447024,1537520.0,58.42857142857143,31.0,1.1591760299625469,1290120.0,0,164025.1710200623
rajnandgaon,447024,1537520.0,58.42857142857143,31.0,1.1591760299625469,1390205.0,0,89320.66361958097
rajnandgaon,447024,1537520.0,58.42857142857143,31.0,1.1591760299625469,1698948.0,0,145028.10781186848
rajnandgaon,447024,1537520.0,58.42857142857143,31.0,1.1591760299625469,2353407.0,0,91432.51237929711
rajnandgaon,447024,1537520.0,58.42857142857143,31.0,1.1591760299625469,2897306.0,0,122766.26524547176
rajnandgaon,447024,1537520.0,58.42857142857143,31.0,1.1591760299625469,3505850.0,0,109017.88440535928
rajnandgaon,447024,1537520.0,58.42857142857143,31.0,1.1591760299625469,4284921.0,0,137693.71500700968
rajnandgaon,447024,1537520.0,58.42857142857143,31.0,1.1591760299625469,4236901.0,0,135705.99010220595
rajnandgaon,447024,1537520.0,58.42857142857143,31.0,1.1591760299625469,6195224.0,0,127940.6999371264
durg,1018766,3343079.0,52.71428571428572,29.0,1.0541237113402062,226774.0,0,200000.0
durg,1018766,3343079.0,52.71428571428572,29.0,1.0541237113402062,302345.0,0,200000.0
durg,1018766,3343079.0,52.71428571428572,29.0,1.0541237113402062,397408.0,0,200000.0
durg,1018766,3343079.0,52.71428571428572,29.0,1.0541237113402062,529904.0,0,200000.0
durg,1018766,3343079.0,52.71428571428572,29.0,1.0541237113402062,1008156.0,0,200000.0
durg,1018766,3343079.0,52.71428571428572,29.0,1.0541237113402062,1547551.0,0,200000.0
durg,1018766,3343079.0,52.71428571428572,29.0,1.0541237113402062,2023250.0,0,200000.0
durg,1018766,3343079.0,52.71428571428572,29.0,1.0541237113402062,2628735.0,0,200000.0
durg,1018766,3343079.0,52.71428571428572,29.0,1.0541237113402062,2720717.0,0,200000.0
durg,1018766,3343079.0,52.71428571428572,29.0,1.0541237113402062,2269659.0,0,200000.0
durg,1018766,3343079.0,52.71428571428572,29.0,1.0541237113402062,3050549.0,0,200000.0
durg,1018766,3343079.0,52.71428571428572,29.0,1.0541237113402062,4913427.0,0,200000.0
durg,1018766,3343079.0,52.71428571428572,29.0,1.0541237113402062,5455260.0,0,200000.0
durg,1018766,3343079.0,52.71428571428572,29.0,1.0541237113402062,5360198.0,0,200000.0
durg,1018766,3343079.0,52.71428571428572,29.0,1.0541237113402062,8289193.0,0,200000.0
durg,1018766,3343079.0,52.71428571428572,29.0,1.0541237113402062,10300130.0,0,200000.0
durg,1018766,3343079.0,52.71428571428572,29.0,1.0541237113402062,11345594.0,0,200000.0
durg,1018766,3343079.0,52.71428571428572,29.0,1.0541237113402062,13554254.0,0,200000.0
durg,1018766,3343079.0,52.71428571428572,29.0,1.0541237113402062,40201479.0,0,200000.0
durg,1018766,3343079.0,52.71428571428572,29.0,1.0541237113402062,48523671.0,0,200000.0
raipur,1136591,4062160.0,70.85714285714286,33.0,1.0865979381443298,323570.0,0,200000.0
raipur,1136591,4062160.0,70.85714285714286,33.0,1.0865979381443298,470127.0,0,200000.0
raipur,1136591,4062160.0,70.85714285714286,33.0,1.0865979381443298,659871.0,0,200000.0
raipur,1136591,4062160.0,70.85714285714286,33.0,1.0865979381443298,891868.0,0,200000.0
raipur,1136591,4062160.0,70.85714285714286,33.0,1.0865979381443298,1847370.0,0,200000.0
raipur,1136591,4062160.0,70.85714285714286,33.0,1.0865979381443298,3068366.0,0,200000.0
raipur,1136591,4062160.0,70.85714285714286,33.0,1.0865979381443298,3977297.0,0,200000.0
raipur,1136591,4062160.0,70.85714285714286,33.0,1.0865979381443298,5644383.0,0,200000.0
raipur,1136591,4062160.0,70.85714285714286,33.0,1.0865979381443298,7165357.0,0,200000.0
raipur,1136591,4062160.0,70.85714285714286,33.0,1.0865979381443298,4506567.0,0,200000.0
raipur,1136591,4062160.0,70.85714285714286,33.0,1.0865979381443298,6042530.0,0,200000.0
raipur,1136591,4062160.0,70.85714285714286,33.0,1.0865979381443298,8570997.0,0,200000.0
raipur,1136591,4062160.0,70.85714285714286,33.0,1.0865979381443298,10625343.0,0,200000.0
raipur,1136591,4062160.0,70.85714285714286,33.0,1.0865979381443298,10882417.0,0,200000.0
raipur,1136591,4062160.0,70.85714285714286,33.0,1.0865979381443298,17276668.0,0,200000.0
raipur,1136591,4062160.0,70.85714285714286,33.0,1.0865979381443298,23353982.0,0,200000.0
raipur,1136591,4062160.0,70.85714285714286,33.0,1.0865979381443298,25836062.0,0,200000.0
raipur,1136591,4062160.0,70.85714285714286,33.0,1.0865979381443298,31131873.0,0,200000.0
raipur,1136591,4062160.0,70.85714285714286,33.0,1.0865979381443298,40322093.0,0,200000.0
raipur,1136591,4062160.0,70.85714285714286,33.0,1.0865979381443298,38862259.0,0,200000.0
mahasamund,273874,1032275.0,58.42857142857143,33.0,1.2029234737747203,64238.0,0,29170.70122952153
mahasamund,273874,1032275.0,58.42857142857143,33.0,1.2029234737747203,93218.0,0,126288.87453993026
mahasamund,273874,1032275.0,58.42857142857143,33.0,1.2029234737747203,125671.0,0,70687.9895847267
mahasamund,273874,1032275.0,58.42857142857143,33.0,1.2029234737747203,178873.0,0,59106.23235043372
mahasamund,273874,1032275.0,58.42857142857143,33.0,1.2029234737747203,195292.0,0,117316.93761682563
mahasamund,273874,1032275.0,58.42857142857143,33.0,1.2029234737747203,186376.0,0,121869.56052018597
mahasamund,273874,1032275.0,58.42857142857143,33.0,1.2029234737747203,245614.0,0,132692.16925107688
mahasamund,273874,1032275.0,58.42857142857143,33.0,1.2029234737747203,320354.0,0,54725.727308742615
mahasamund,273874,1032275.0,58.42857142857143,33.0,1.2029234737747203,395381.0,0,89924.73425776412
mahasamund,273874,1032275.0,58.42857142857143,33.0,1.2029234737747203,554707.0,0,113865.98689079203
mahasamund,273874,1032275.0,58.42857142857143,33.0,1.2029234737747203,711477.0,0,112052.48074648003
mahasamund,273874,1032275.0,58.42857142857143,33.0,1.2029234737747203,1034749.0,0,139670.12700386136
mahasamund,273874,1032275.0,58.42857142857143,33.0,1.2029234737747203,1084511.0,0,88996.57972393636
mahasamund,273874,1032275.0,58.42857142857143,33.0,1.2029234737747203,1375779.0,0,122807.79039009014
mahasamund,273874,1032275.0,58.42857142857143,33.0,1.2029234737747203,1814073.0,0,129442.86703809779
mahasamund,273874,1032275.0,58.42857142857143,33.0,1.2029234737747203,2324300.0,0,92815.63230739307
mahasamund,273874,1032275.0,58.42857142857143,33.0,1.2029234737747203,2788159.0,0,70824.18096828571
mahasamund,273874,1032275.0,58.42857142857143,33.0,1.2029234737747203,3288014.0,0,76463.21371341226
mahasamund,273874,1032275.0,58.42857142857143,33.0,1.2029234737747203,3300018.0,0,76088.16774759923
mahasamund,273874,1032275.0,58.42857142857143,33.0,1.2029234737747203,3890208.0,0,76757.03630877486
dhamtari,242909,799199.0,58.42857142857143,23.0,1.158908507223114,1047786.5,1,66567.97282891531
uttar bastar kanker,197744,1698560.0,58.42857142857143,31.0,1.2838878674801244,1047786.5,1,121086.48242652531
bastar,268528,1698560.0,31.857142857142858,34.0,1.2536115569823434,1047786.5,1,64609.31628014397
narayanpur,23172,1698560.0,58.42857142857143,39.0,1.7488151658767772,1047786.5,1,41956.26693985073
dakshin bastar dantewada,74708,1698560.0,58.42857142857143,31.0,1.2838878674801244,1047786.5,1,17035.84769050491
bijapur,32843,1698560.0,58.42857142857143,28.0,1.8595890410958904,1047786.5,1,8930.198525975438
sheopur,119824,687952.0,58.42857142857143,40.0,1.2797202797202798,1047786.5,1,78440.6767322315
morena,432033,1965137.0,41.142857142857146,40.0,1.2275522755227553,1047786.5,1,128348.32148650412
bhind,418404,1703562.0,30.142857142857142,41.0,1.16794731064764,1047786.5,1,125429.43886425268
gwalior,554096,2030543.0,57.71428571428572,36.0,1.2067736185383244,354555.0,0,160268.82020173583
gwalior,554096,2030543.0,57.71428571428572,36.0,1.2067736185383244,489851.0,0,94973.17825003035
gwalior,554096,2030543.0,57.71428571428572,36.0,1.2067736185383244,726317.0,0,191523.57425227604
gwalior,554096,2030543.0,57.71428571428572,36.0,1.2067736185383244,894712.0,0,120058.52052415251
gwalior,554096,2030543.0,57.71428571428572,36.0,1.2067736185383244,1342886.0,0,180363.12900077656
gwalior,554096,2030543.0,57.71428571428572,36.0,1.2067736185383244,1264694.0,0,118309.06512499889
gwalior,554096,2030543.0,57.71428571428572,36.0,1.2067736185383244,1945426.0,0,176684.2541528142
gwalior,554096,2030543.0,57.71428571428572,36.0,1.2067736185383244,2509157.0,0,187191.7451912231
gwalior,554096,2030543.0,57.71428571428572,36.0,1.2067736185383244,2793829.0,0,179794.5521128996
gwalior,554096,2030543.0,57.71428571428572,36.0,1.2067736185383244,2624767.0,0,142488.68447710143
gwalior,554096,2030543.0,57.71428571428572,36.0,1.2067736185383244,3978884.0,0,156282.47002846538
gwalior,554096,2030543.0,57.71428571428572,36.0,1.2067736185383244,6115831.0,0,171313.5135226081
gwalior,554096,2030543.0,57.71428571428572,36.0,1.2067736185383244,7162483.0,0,166416.0734205815
gwalior,554096,2030543.0,57.71428571428572,36.0,1.2067736185383244,7475892.0,0,137515.97951443662
gwalior,554096,2030543.0,57.71428571428572,36.0,1.2067736185383244,10677148.0,0,183811.55809215177
gwalior,554096,2030543.0,57.71428571428572,36.0,1.2067736185383244,13721879.0,0,197755.26004492876
gwalior,554096,2030543.0,57.71428571428572,36.0,1.2067736185383244,15549106.0,0,152721.3785043914
gwalior,554096,2030543.0,57.71428571428572,36.0,1.2067736185383244,18027874.0,0,181497.48787937962
gwalior,554096,2030543.0,57.71428571428572,36.0,1.2067736185383244,19510123.0,0,152289.89576176897
gwalior,554096,2030543.0,57.71428571428572,36.0,1.2067736185383244,21340912.0,0,196752.02854526753
datia,187630,786375.0,23.857142857142858,30.0,1.135048231511254,1047786.5,1,67543.1072027227
shivpuri,327604,1725818.0,27.571428571428573,42.0,1.1961089494163424,1047786.5,1,136273.19576051796
tikamgarh,288587,1444920.0,21.285714285714285,33.0,1.190174326465927,1047786.5,1,89496.60167656124
chhatarpur,371023,1762857.0,24.571428571428573,40.0,1.2331288343558282,1047786.5,1,99611.76646771115
panna,220419,1016028.0,20.571428571428573,35.0,1.2753768844221105,1047786.5,1,71475.81966397846
sagar,637112,2378295.0,33.285714285714285,30.0,1.2305658381808566,217079.0,0,126571.22299726473
sagar,637112,2378295.0,33.285714285714285,30.0,1.2305658381808566,267894.0,0,200000.0
sagar,637112,2378295.0,33.285714285714285,30.0,1.2305658381808566,792217.0,0,200000.0
sagar,637112,2378295.0,33.285714285714285,30.0,1.2305658381808566,573261.0,0,185088.4207626989
sagar,637112,2378295.0,33.285714285714285,30.0,1.2305658381808566,925998.0,0,171906.26734834196
sagar,637112,2378295.0,33.285714285714285,30.0,1.2305658381808566,758405.0,0,162930.20268738238
sagar,637112,2378295.0,33.285714285714285,30.0,1.2305658381808566,935229.0,0,174805.81308205897
sagar,637112,2378295.0,33.285714285714285,30.0,1.2305658381808566,1218814.0,0,197236.3240322669
sagar,637112,2378295.0,33.285714285714285,30.0,1.2305658381808566,3149917.0,0,200000.0
sagar,637112,2378295.0,33.285714285714285,30.0,1.2305658381808566,4691027.0,0,200000.0
sagar,637112,2378295.0,33.285714285714285,30.0,1.2305658381808566,7000254.0,0,200000.0
damoh,301978,1263703.0,25.142857142857142,40.0,1.2403685092127303,1047786.5,1,92533.49084303819
satna,570730,2228619.0,36.142857142857146,33.0,1.265033407572383,242463.0,0,160575.46746055325
rewa,596185,2363744.0,24.571428571428573,29.0,1.3924575217571489,210786.0,0,181253.67247302912
rewa,596185,2363744.0,24.571428571428573,29.0,1.3924575217571489,298854.0,0,125543.39970704398
rewa,596185,2363744.0,24.571428571428573,29.0,1.3924575217571489,566062.0,0,191908.17995821525
rewa,596185,2363744.0,24.571428571428573,29.0,1.3924575217571489,588836.0,0,141119.37503450844
rewa,596185,2363744.0,24.571428571428573,29.0,1.3924575217571489,866533.0,0,122293.1121691841
rewa,596185,2363744.0,24.571428571428573,29.0,1.3924575217571489,718741.0,0,200000.0
rewa,596185,2363744.0,24.571428571428573,29.0,1.3924575217571489,935300.0,0,182500.70298445382
rewa,596185,2363744.0,24.571428571428573,29.0,1.3924575217571489,1160674.0,0,166635.32634335995
rewa,596185,2363744.0,24.571428571428573,29.0,1.3924575217571489,1358528.0,0,193023.56932445845
rewa,596185,2363744.0,24.571428571428573,29.0,1.3924575217571489,1877915.0,0,155123.09679186085
rewa,596185,2363744.0,24.571428571428573,29.0,1.3924575217571489,2086383.0,0,166424.38752004356
rewa,596185,2363744.0,24.571428571428573,29.0,1.3924575217571489,3045335.0,0,200000.0
rewa,596185,2363744.0,24.571428571428573,29.0,1.3924575217571489,3692722.0,0,175852.59596051436
rewa,596185,2363744.0,24.571428571428573,29.0,1.3924575217571489,6195961.0,0,168465.88049801035
rewa,596185,2363744.0,24.571428571428573,29.0,1.3924575217571489,8417985.0,0,200000.0
rewa,596185,2363744.0,24.571428571428573,29.0,1.3924575217571489,8837903.0,0,199745.67642281298
rewa,596185,2363744.0,24.571428571428573,29.0,1.3924575217571489,9898698.0,0,167292.82219419608
umaria,145765,643579.0,58.42857142857143,27.0,1.281198003327787,1047786.5,1,35511.129848787146
neemuch,200945,825958.0,58.42857142857143,37.0,1.1567489114658926,1047786.5,1,74595.42832952995
mandsaur,331693,1339832.0,44.71428571428572,39.0,1.1200873362445414,1047786.5,1,76703.07500620247
ratlam,340790,1454483.0,43.71428571428572,33.0,1.2457943925233643,1047786.5,1,112706.61341767343
ujjain,510173,1986597.0,49.142857142857146,31.0,1.1444141689373295,223180.0,0,136980.71310043335
ujjain,510173,1986597.0,49.142857142857146,31.0,1.1444141689373295,291630.0,0,122671.13857880194
ujjain,510173,1986597.0,49.142857142857146,31.0,1.1444141689373295,498756.0,0,131415.5232551851
ujjain,510173,1986597.0,49.142857142857146,31.0,1.1444141689373295,585638.0,0,161465.7384694414
ujjain,510173,1986597.0,49.142857142857146,31.0,1.1444141689373295,940607.0,0,188439.91713599974
ujjain,510173,1986597.0,49.142857142857146,31.0,1.1444141689373295,869522.0,0,102053.07558163733
ujjain,510173,1986597.0,49.142857142857146,31.0,1.1444141689373295,1287391.0,0,166762.66351702373
ujjain,510173,1986597.0,49.142857142857146,31.0,1.1444141689373295,1649254.0,0,190955.92131184044
ujjain,510173,1986597.0,49.142857142857146,31.0,1.1444141689373295,1956388.0,0,150058.69515123218
ujjain,510173,1986597.0,49.142857142857146,31.0,1.1444141689373295,2060273.0,0,151403.64136307698
ujjain,510173,1986597.0,49.142857142857146,31.0,1.1444141689373295,2921971.0,0,130690.56894924384
ujjain,510173,1986597.0,49.142857142857146,31.0,1.1444141689373295,4280284.0,0,159487.23405552312
ujjain,510173,1986597.0,49.142857142857146,31.0,1.1444141689373295,4926814.0,0,151034.70352925858
ujjain,510173,1986597.0,49.142857142857146,31.0,1.1444141689373295,4879699.0,0,189584.35385118477
ujjain,510173,1986597.0,49.142857142857146,31.0,1.1444141689373295,7652620.0,0,130836.86483130044
ujjain,510173,1986597.0,49.142857142857146,31.0,1.1444141689373295,9436286.0,0,146399.34402528452
ujjain,510173,1986597.0,49.142857142857146,31.0,1.1444141689373295,11174270.0,0,138749.35335113714
ujjain,510173,1986597.0,49.142857142857146,31.0,1.1444141689373295,12860422.0,0,109349.29780478375
ujjain,510173,1986597.0,49.142857142857146,31.0,1.1444141689373295,14059587.0,0,135615.67480271158
ujjain,510173,1986597.0,49.142857142857146,31.0,1.1444141689373295,16707523.0,0,105980.60584865333
shajapur,351103,1512353.0,39.285714285714285,32.0,1.1630615640599002,1047786.5,1,116785.46472053233
dewas,374653,1563107.0,47.285714285714285,34.0,1.2142857142857142,187518.0,0,113593.09462852548
dewas,374653,1563107.0,47.285714285714285,34.0,1.2142857142857142,501654.0,0,66842.36010024272
dewas,374653,1563107.0,47.285714285714285,34.0,1.2142857142857142,911351.0,0,97252.1440100855
dewas,374653,1563107.0,47.285714285714285,34.0,1.2142857142857142,705805.0,0,81281.19475868795
dewas,374653,1563107.0,47.285714285714285,34.0,1.2142857142857142,992605.0,0,104237.42502581437
dewas,374653,1563107.0,47.285714285714285,34.0,1.2142857142857142,1251392.0,0,111482.24721339412
dewas,374653,1563107.0,47.285714285714285,34.0,1.2142857142857142,1550696.0,0,98566.07636497628
dewas,374653,1563107.0,47.285714285714285,34.0,1.2142857142857142,1913320.0,0,109676.14554549145
dewas,374653,1563107.0,47.285714285714285,34.0,1.2142857142857142,2498225.0,0,126007.709683717
dewas,374653,1563107.0,47.285714285714285,34.0,1.2142857142857142,3659099.0,0,67548.70390213237
dewas,374653,1563107.0,47.285714285714285,34.0,1.2142857142857142,3992803.0,0,108499.1120381621
dewas,374653,1563107.0,47.285714285714285,34.0,1.2142857142857142,4430778.0,0,163920.8929175189
dewas,374653,1563107.0,47.285714285714285,34.0,1.2142857142857142,6092595.0,0,109824.40147080117
dewas,374653,1563107.0,47.285714285714285,34.0,1.2142857142857142,7659615.0,0,137205.71389803442
dewas,374653,1563107.0,47.285714285714285,34.0,1.2142857142857142,8873232.0,0,147438.42360380778
dewas,374653,1563107.0,47.285714285714285,34.0,1.2142857142857142,9969749.0,0,95692.09107297694
dewas,374653,1563107.0,47.285714285714285,34.0,1.2142857142857142,10823857.0,0,136025.73493999083
dewas,374653,1563107.0,47.285714285714285,34.0,1.2142857142857142,11710945.0,0,120128.54174636077
dhar,438859,2184672.0,42.71428571428572,29.0,1.2802631578947368,183246.0,0,130356.84076247485
dhar,438859,2184672.0,42.71428571428572,29.0,1.2802631578947368,238497.0,0,112446.12120144795
dhar,438859,2184672.0,42.71428571428572,29.0,1.2802631578947368,425936.0,0,120178.51954432596
dhar,438859,2184672.0,42.71428571428572,29.0,1.2802631578947368,536104.0,0,143716.32248805132
dhar,438859,2184672.0,42.71428571428572,29.0,1.2802631578947368,976357.0,0,177904.67708278616
dhar,438859,2184672.0,42.71428571428572,29.0,1.2802631578947368,895526.0,0,107250.18342302187
dhar,438859,2184672.0,42.71428571428572,29.0,1.2802631578947368,1194971.0,0,130357.38770902107
dhar,438859,2184672.0,42.71428571428572,29.0,1.2802631578947368,1500274.0,0,158499.85865802455
dhar,438859,2184672.0,42.71428571428572,29.0,1.2802631578947368,1792207.0,0,152761.8191580858
dhar,438859,2184672.0,42.71428571428572,29.0,1.2802631578947368,2527639.0,0,121837.36551987345
dhar,438859,2184672.0,42.71428571428572,29.0,1.2802631578947368,3833814.0,0,155290.11269016808
dhar,438859,2184672.0,42.71428571428572,29.0,1.2802631578947368,4368739.0,0,121854.90151732521
dhar,438859,2184672.0,42.71428571428572,29.0,1.2802631578947368,5029916.0,0,151939.70056329225
dhar,438859,2184672.0,42.71428571428572,29.0,1.2802631578947368,7010257.0,0,133294.76694951212
dhar,438859,2184672.0,42.71428571428572,29.0,1.2802631578947368,8770665.0,0,138787.5807698705
dhar,438859,2184672.0,42.71428571428572,29.0,1.2802631578947368,10117283.0,0,150743.7853311608
dhar,438859,2184672.0,42.71428571428572,29.0,1.2802631578947368,11567048.0,0,164775.07545737416
dhar,438859,2184672.0,42.71428571428572,29.0,1.2802631578947368,12392412.0,0,134778.07537525182
dhar,438859,2184672.0,42.71428571428572,29.0,1.2802631578947368,13287245.0,0,140384.4248463187
indore,1019499,3272335.0,103.0,31.0,1.1173553719008265,1066784.0,0,200000.0
indore,1019499,3272335.0,103.0,31.0,1.1173553719008265,1375908.0,0,200000.0
indore,1019499,3272335.0,103.0,31.0,1.1173553719008265,2082530.0,0,200000.0
indore,1019499,3272335.0,103.0,31.0,1.1173553719008265,2826520.0,0,200000.0
indore,1019499,3272335.0,103.0,31.0,1.1173553719008265,5731364.0,0,200000.0
indore,1019499,3272335.0,103.0,31.0,1.1173553719008265,8459734.0,0,200000.0
indore,1019499,3272335.0,103.0,31.0,1.1173553719008265,11739888.0,0,200000.0
indore,1019499,3272335.0,103.0,31.0,1.1173553719008265,15879423.0,0,200000.0
indore,1019499,3272335.0,103.0,31.0,1.1173553719008265,20249473.0,0,200000.0
indore,1019499,3272335.0,103.0,31.0,1.1173553719008265,13320426.0,0,200000.0
indore,1019499,3272335.0,103.0,31.0,1.1173553719008265,17544816.0,0,200000.0
indore,1019499,3272335.0,103.0,31.0,1.1173553719008265,25715586.0,0,200000.0
indore,1019499,3272335.0,103.0,31.0,1.1173553719008265,37457244.0,0,200000.0
indore,1019499,3272335.0,103.0,31.0,1.1173553719008265,34159162.0,0,200000.0
indore,1019499,3272335.0,103.0,31.0,1.1173553719008265,55970712.0,0,200000.0
indore,1019499,3272335.0,103.0,31.0,1.1173553719008265,73486993.0,0,200000.0
indore,1019499,3272335.0,103.0,31.0,1.1173553719008265,82698834.0,0,200000.0
indore,1019499,3272335.0,103.0,31.0,1.1173553719008265,94002709.0,0,200000.0
indore,1019499,3272335.0,103.0,31.0,1.1173553719008265,140075797.0,0,200000.0
indore,1019499,3272335.0,103.0,31.0,1.1173553719008265,158576063.0,0,200000.0
khargone (west nimar),410806,1698560.0,58.42857142857143,31.0,1.2838878674801244,1047786.5,1,122571.65767459528
barwani,236284,1385659.0,58.42857142857143,25.0,1.3385714285714283,1047786.5,1,60917.297866534514
rajgarh,315448,1546541.0,33.142857142857146,38.0,1.2191044776119404,1047786.5,1,93386.87700345187
vidisha,350574,1458212.0,28.142857142857142,31.0,1.135755258126195,1047786.5,1,109729.30194857343
bhopal,740376,2368145.0,58.42857142857143,40.0,1.1496062992125984,1704495.0,0,200000.0
bhopal,740376,2368145.0,58.42857142857143,40.0,1.1496062992125984,2101870.0,0,200000.0
bhopal,740376,2368145.0,58.42857142857143,40.0,1.1496062992125984,3157810.0,0,189803.00820487482
bhopal,740376,2368145.0,58.42857142857143,40.0,1.1496062992125984,4226983.0,0,200000.0
bhopal,740376,2368145.0,58.42857142857143,40.0,1.1496062992125984,8252290.0,0,200000.0
bhopal,740376,2368145.0,58.42857142857143,40.0,1.1496062992125984,12031142.0,0,200000.0
bhopal,740376,2368145.0,58.42857142857143,40.0,1.1496062992125984,15339970.0,0,186760.40219555012
bhopal,740376,2368145.0,58.42857142857143,40.0,1.1496062992125984,18062429.0,0,166131.30945968395
bhopal,740376,2368145.0,58.42857142857143,40.0,1.1496062992125984,18872294.0,0,200000.0
bhopal,740376,2368145.0,58.42857142857143,40.0,1.1496062992125984,14074026.0,0,200000.0
bhopal,740376,2368145.0,58.42857142857143,40.0,1.1496062992125984,29560361.0,0,200000.0
bhopal,740376,2368145.0,58.42857142857143,40.0,1.1496062992125984,38492334.0,0,200000.0
bhopal,740376,2368145.0,58.42857142857143,40.0,1.1496062992125984,67309234.0,0,200000.0
bhopal,740376,2368145.0,58.42857142857143,40.0,1.1496062992125984,74643630.0,0,200000.0
bhopal,740376,2368145.0,58.42857142857143,40.0,1.1496062992125984,103403998.0,0,164114.52888533595
bhopal,740376,2368145.0,58.42857142857143,40.0,1.1496062992125984,134176541.0,0,175151.8716963851
bhopal,740376,2368145.0,58.42857142857143,40.0,1.1496062992125984,159892411.0,0,200000.0
bhopal,740376,2368145.0,58.42857142857143,40.0,1.1496062992125984,185588829.0,0,200000.0
bhopal,740376,2368145.0,58.42857142857143,40.0,1.1496062992125984,156507125.0,0,163215.1132931474
bhopal,740376,2368145.0,58.42857142857143,40.0,1.1496062992125984,190199488.0,0,197204.7668120404
sehore,311154,1311008.0,35.0,32.0,1.146551724137931,262578.0,0,87989.31048920393
sehore,311154,1311008.0,35.0,32.0,1.146551724137931,344826.0,0,75955.99730246606
sehore,311154,1311008.0,35.0,32.0,1.146551724137931,758026.0,0,117997.33073107191
sehore,311154,1311008.0,35.0,32.0,1.146551724137931,783146.0,0,77275.74559739165
sehore,311154,1311008.0,35.0,32.0,1.146551724137931,1598108.0,0,126037.03493211407
sehore,311154,1311008.0,35.0,32.0,1.146551724137931,1000398.0,0,90896.03910751952
sehore,311154,1311008.0,35.0,32.0,1.146551724137931,1227719.0,0,128350.14289423841
sehore,311154,1311008.0,35.0,32.0,1.146551724137931,1629869.0,0,110751.8039574401
sehore,311154,1311008.0,35.0,32.0,1.146551724137931,1747508.0,0,115217.23574777873
sehore,311154,1311008.0,35.0,32.0,1.146551724137931,2007098.0,0,79657.00714334993
sehore,311154,1311008.0,35.0,32.0,1.146551724137931,2512141.0,0,122193.8506215299
sehore,311154,1311008.0,35.0,32.0,1.146551724137931,3633263.0,0,101767.9344033347
sehore,311154,1311008.0,35.0,32.0,1.146551724137931,3804912.0,0,93001.80090160255
sehore,311154,1311008.0,35.0,32.0,1.146551724137931,4199604.0,0,73688.49784969812
sehore,311154,1311008.0,35.0,32.0,1.146551724137931,5466240.0,0,91502.16032562719
sehore,311154,1311008.0,35.0,32.0,1.146551724137931,6733399.0,0,109242.50618538457
sehore,311154,1311008.0,35.0,32.0,1.146551724137931,7782311.0,0,126632.73072864178
sehore,311154,1311008.0,35.0,32.0,1.146551724137931,8725327.0,0,96250.68094297632
sehore,311154,1311008.0,35.0,32.0,1.146551724137931,8802203.0,0,91232.63694168694
raisen,341127,1331699.0,30.571428571428573,28.0,1.2156862745098038,1047786.5,1,155033.8166319477
betul,409986,1575247.0,35.57142857142857,23.0,1.2139303482587065,1047786.5,1,125342.09209061171
harda,148743,570302.0,58.42857142857143,25.0,1.2574257425742574,1047786.5,1,77382.4532743155
hoshangabad,341445,1240975.0,43.85714285714285,31.0,1.1855104281009878,733352.0,0,122197.90658996975
katni,330190,1291684.0,58.42857142857143,27.0,1.2165745856353591,1047786.5,1,82643.5570281848
jabalpur,776161,2460714.0,58.57142857142857,23.0,1.195121951219512,294739.0,0,200000.0
jabalpur,776161,2460714.0,58.57142857142857,23.0,1.195121951219512,422639.0,0,200000.0
jabalpur,776161,2460714.0,58.57142857142857,23.0,1.195121951219512,701227.0,0,156687.76652502676
jabalpur,776161,2460714.0,58.57142857142857,23.0,1.195121951219512,866243.0,0,200000.0
jabalpur,776161,2460714.0,58.57142857142857,23.0,1.195121951219512,1489827.0,0,200000.0
jabalpur,776161,2460714.0,58.57142857142857,23.0,1.195121951219512,2003659.0,0,200000.0
jabalpur,776161,2460714.0,58.57142857142857,23.0,1.195121951219512,2424190.0,0,200000.0
jabalpur,776161,2460714.0,58.57142857142857,23.0,1.195121951219512,2901762.0,0,200000.0
jabalpur,776161,2460714.0,58.57142857142857,23.0,1.195121951219512,3486010.0,0,200000.0
jabalpur,776161,2460714.0,58.57142857142857,23.0,1.195121951219512,2318052.0,0,200000.0
jabalpur,776161,2460714.0,58.57142857142857,23.0,1.195121951219512,3568035.0,0,188323.7150096326
jabalpur,776161,2460714.0,58.57142857142857,23.0,1.195121951219512,5245511.0,0,200000.0
jabalpur,776161,2460714.0,58.57142857142857,23.0,1.195121951219512,6508756.0,0,200000.0
jabalpur,776161,2460714.0,58.57142857142857,23.0,1.195121951219512,6808088.0,0,198042.33498506804
jabalpur,776161,2460714.0,58.57142857142857,23.0,1.195121951219512,9691966.0,0,200000.0
jabalpur,776161,2460714.0,58.57142857142857,23.0,1.195121951219512,12476449.0,0,200000.0
jabalpur,776161,2460714.0,58.57142857142857,23.0,1.195121951219512,14198131.0,0,160455.49935393102
jabalpur,776161,2460714.0,58.57142857142857,23.0,1.195121951219512,16889784.0,0,200000.0
jabalpur,776161,2460714.0,58.57142857142857,23.0,1.195121951219512,17564654.0,0,195251.0349613963
jabalpur,776161,2460714.0,58.57142857142857,23.0,1.195121951219512,17383664.0,0,179738.44490216693
narsimhapur,305294,1092141.0,58.42857142857143,31.0,1.2838878674801244,1047786.5,1,74014.53590813887
dindori,155955,704218.0,58.42857142857143,31.0,1.2759381898454747,1047786.5,1,81675.49500146588
mandla,256929,1053522.0,28.0,28.0,1.2306451612903226,1047786.5,1,99812.24362942703
chhindwara,562904,2090306.0,32.714285714285715,30.0,1.2395301327885595,1550995.0,0,140160.5045717433
chhindwara,562904,2090306.0,32.714285714285715,30.0,1.2395301327885595,1950309.0,0,191692.55606151727
chhindwara,562904,2090306.0,32.714285714285715,30.0,1.2395301327885595,2113701.0,0,121849.34315347616
chhindwara,562904,2090306.0,32.714285714285715,30.0,1.2395301327885595,3170211.0,0,129920.66444477355
chhindwara,562904,2090306.0,32.714285714285715,30.0,1.2395301327885595,3281453.0,0,144513.90461008204
chhindwara,562904,2090306.0,32.714285714285715,30.0,1.2395301327885595,3787673.0,0,147339.57254425198
chhindwara,562904,2090306.0,32.714285714285715,30.0,1.2395301327885595,5106996.0,0,155366.00855569527
chhindwara,562904,2090306.0,32.714285714285715,30.0,1.2395301327885595,6522234.0,0,134249.15397573856
chhindwara,562904,2090306.0,32.714285714285715,30.0,1.2395301327885595,7709009.0,0,184655.7581746055
chhindwara,562904,2090306.0,32.714285714285715,30.0,1.2395301327885595,8962440.0,0,150970.8887942872
chhindwara,562904,2090306.0,32.714285714285715,30.0,1.2395301327885595,169367916.0,0,132187.5428144471
chhindwara,562904,2090306.0,32.714285714285715,30.0,1.2395301327885595,245710341.0,0,129373.36066787149
seoni,378853,1378876.0,58.42857142857143,27.0,1.1830106183635227,1047786.5,1,157758.45863177642
balaghat,521155,1701156.0,30.428571428571427,30.0,1.2101960784313726,1047786.5,1,164826.74822420767
guna,253443,1240938.0,30.285714285714285,31.0,1.2902458366375893,1047786.5,1,93034.25578234383
ashoknagar,178805,844979.0,58.42857142857143,31.0,1.145631067961165,1047786.5,1,99773.18878780093
shahdol,255433,1064989.0,23.142857142857142,27.0,1.2799013563501849,10700938.0,0,88384.5936200888
anuppur,182475,749521.0,58.42857142857143,29.0,1.2705061082024434,1047786.5,1,48682.61230795164
sidhi,247755,1126515.0,22.0,34.0,1.3394941634241244,1047786.5,1,121044.87942036084
singrauli,225131,1178132.0,58.42857142857143,34.0,1.3180592991913749,1047786.5,1,100909.47099980526
jhabua,137499,1024091.0,16.285714285714285,31.0,1.2938209331651955,1047786.5,1,16829.274234880577
alirajpur,88849,728677.0,58.42857142857143,33.0,1.2653061224489797,1047786.5,1,71543.29682420926
khandwa (east nimar),299356,1698560.0,58.42857142857143,31.0,1.2838878674801244,1047786.5,1,49753.92750258205
burhanpur,175606,756993.0,58.42857142857143,29.0,1.1622641509433962,1047786.5,1,53239.217646020974
kachchh,513080,2090313.0,58.42857142857143,31.0,1.1071789686552074,217912.0,0,154337.55756917596
kachchh,513080,2090313.0,58.42857142857143,31.0,1.1071789686552074,287874.0,0,132351.2471503224
kachchh,513080,2090313.0,58.42857142857143,31.0,1.1071789686552074,421411.0,0,165971.71369854323
kachchh,513080,2090313.0,58.42857142857143,31.0,1.1071789686552074,537116.0,0,149089.58917236485
kachchh,513080,2090313.0,58.42857142857143,31.0,1.1071789686552074,895127.0,0,157347.7880379052
kachchh,513080,2090313.0,58.42857142857143,31.0,1.1071789686552074,688449.0,0,192710.7931031909
kachchh,513080,2090313.0,58.42857142857143,31.0,1.1071789686552074,1305996.0,0,141932.73605858625
kachchh,513080,2090313.0,58.42857142857143,31.0,1.1071789686552074,1428844.0,0,168351.24719091295
kachchh,513080,2090313.0,58.42857142857143,31.0,1.1071789686552074,1762816.0,0,169102.20990829833
kachchh,513080,2090313.0,58.42857142857143,31.0,1.1071789686552074,2405892.0,0,153658.11697393638
kachchh,513080,2090313.0,58.42857142857143,31.0,1.1071789686552074,2664604.0,0,140840.32135562267
kachchh,513080,2090313.0,58.42857142857143,31.0,1.1071789686552074,3268191.0,0,170499.82524298268
kachchh,513080,2090313.0,58.42857142857143,31.0,1.1071789686552074,4378602.0,0,167337.63395352065
kachchh,513080,2090313.0,58.42857142857143,31.0,1.1071789686552074,5470337.0,0,137419.86439769078
kachchh,513080,2090313.0,58.42857142857143,31.0,1.1071789686552074,6493295.0,0,150208.67329228116
kachchh,513080,2090313.0,58.42857142857143,31.0,1.1071789686552074,7934471.0,0,100130.57561659507
kachchh,513080,2090313.0,58.42857142857143,31.0,1.1071789686552074,9375781.0,0,161537.40655924223
kachchh,513080,2090313.0,58.42857142857143,31.0,1.1071789686552074,9617702.0,0,172778.82733712648
banas kantha,656521,3116045.0,58.42857142857143,42.0,1.0954616588419406,237457.0,0,161747.19232617615
banas kantha,656521,3116045.0,58.42857142857143,42.0,1.0954616588419406,307928.0,0,178561.6454022646
banas kantha,656521,3116045.0,58.42857142857143,42.0,1.0954616588419406,396566.0,0,189685.19794036384
banas kantha,656521,3116045.0,58.42857142857143,42.0,1.0954616588419406,529655.0,0,200000.0
banas kantha,656521,3116045.0,58.42857142857143,42.0,1.0954616588419406,805139.0,0,176667.19732642625
banas kantha,656521,3116045.0,58.42857142857143,42.0,1.0954616588419406,642084.0,0,191483.57747005054
banas kantha,656521,3116045.0,58.42857142857143,42.0,1.0954616588419406,909575.0,0,162845.79382028684
banas kantha,656521,3116045.0,58.42857142857143,42.0,1.0954616588419406,1087381.0,0,200000.0
banas kantha,656521,3116045.0,58.42857142857143,42.0,1.0954616588419406,1429235.0,0,197429.5274042869
banas kantha,656521,3116045.0,58.42857142857143,42.0,1.0954616588419406,1860625.0,0,200000.0
banas kantha,656521,3116045.0,58.42857142857143,42.0,1.0954616588419406,2102221.0,0,200000.0
banas kantha,656521,3116045.0,58.42857142857143,42.0,1.0954616588419406,2687464.0,0,188392.45080747048
banas kantha,656521,3116045.0,58.42857142857143,42.0,1.0954616588419406,2927080.0,0,191013.38670706938
banas kantha,656521,3116045.0,58.42857142857143,42.0,1.0954616588419406,3648428.0,0,173586.8297344437
banas kantha,656521,3116045.0,58.42857142857143,42.0,1.0954616588419406,4877149.0,0,158058.23243099058
banas kantha,656521,3116045.0,58.42857142857143,42.0,1.0954616588419406,6396725.0,0,200000.0
banas kantha,656521,3116045.0,58.42857142857143,42.0,1.0954616588419406,7973644.0,0,200000.0
banas kantha,656521,3116045.0,58.42857142857143,42.0,1.0954616588419406,9732655.0,0,183402.81638920202
banas kantha,656521,3116045.0,58.42857142857143,42.0,1.0954616588419406,11035119.0,0,188958.6081615874
banas kantha,656521,3116045.0,58.42857142857143,42.0,1.0954616588419406,12352158.0,0,157682.9243774532
patan,343282,1342746.0,58.42857142857143,38.0,1.0113851992409868,1047786.5,1,122990.81138367878
mahesana,655146,2027727.0,58.42857142857143,36.0,1.0256024096385543,227748.0,0,200000.0
mahesana,655146,2027727.0,58.42857142857143,36.0,1.0256024096385543,286014.0,0,183771.63583793558
mahesana,655146,2027727.0,58.42857142857143,36.0,1.0256024096385543,464894.0,0,150946.38560920005
mahesana,655146,2027727.0,58.42857142857143,36.0,1.0256024096385543,529470.0,0,181440.43726379625
mahesana,655146,2027727.0,58.42857142857143,36.0,1.0256024096385543,899763.0,0,185113.87992067772
mahesana,655146,2027727.0,58.42857142857143,36.0,1.0256024096385543,715052.0,0,200000.0
mahesana,655146,2027727.0,58.42857142857143,36.0,1.0256024096385543,1012086.0,0,137163.70425651348
mahesana,655146,2027727.0,58.42857142857143,36.0,1.0256024096385543,1166283.0,0,200000.0
mahesana,655146,2027727.0,58.42857142857143,36.0,1.0256024096385543,1294012.0,0,200000.0
mahesana,655146,2027727.0,58.42857142857143,36.0,1.0256024096385543,1592579.0,0,188977.28006005049
mahesana,655146,2027727.0,58.42857142857143,36.0,1.0256024096385543,1898909.0,0,193018.42771976953
mahesana,655146,2027727.0,58.42857142857143,36.0,1.0256024096385543,2473227.0,0,152840.91457900876
mahesana,655146,2027727.0,58.42857142857143,36.0,1.0256024096385543,2587041.0,0,190978.1919224274
mahesana,655146,2027727.0,58.42857142857143,36.0,1.0256024096385543,3118685.0,0,142837.57164044096
mahesana,655146,2027727.0,58.42857142857143,36.0,1.0256024096385543,4085272.0,0,200000.0
mahesana,655146,2027727.0,58.42857142857143,36.0,1.0256024096385543,5022604.0,0,166971.4480814232
mahesana,655146,2027727.0,58.42857142857143,36.0,1.0256024096385543,5772191.0,0,171678.77244982606
mahesana,655146,2027727.0,58.42857142857143,36.0,1.0256024096385543,6831581.0,0,163911.45177605396
mahesana,655146,2027727.0,58.42857142857143,36.0,1.0256024096385543,6403784.0,0,173324.79255256947
mahesana,655146,2027727.0,58.42857142857143,36.0,1.0256024096385543,7160396.0,0,200000.0
sabar kantha,660109,2427346.0,58.42857142857143,36.0,1.1547945205479453,1047786.5,1,200000.0
gandhinagar,447808,1387478.0,58.42857142857143,29.0,1.040677966101695,237393.0,0,129826.68408015264
gandhinagar,447808,1387478.0,58.42857142857143,29.0,1.040677966101695,315542.0,0,129628.87236547409
gandhinagar,447808,1387478.0,58.42857142857143,29.0,1.040677966101695,479518.0,0,107483.31354604175
gandhinagar,447808,1387478.0,58.42857142857143,29.0,1.040677966101695,693588.0,0,163582.50291065185
gandhinagar,447808,1387478.0,58.42857142857143,29.0,1.040677966101695,1244457.0,0,152018.53549062184
gandhinagar,447808,1387478.0,58.42857142857143,29.0,1.040677966101695,1205404.0,0,140019.25669126114
gandhinagar,447808,1387478.0,58.42857142857143,29.0,1.040677966101695,1850642.0,0,138337.23283189585
gandhinagar,447808,1387478.0,58.42857142857143,29.0,1.040677966101695,2081714.0,0,148186.92902565585
gandhinagar,447808,1387478.0,58.42857142857143,29.0,1.040677966101695,2337267.0,0,174400.57628538818
gandhinagar,447808,1387478.0,58.42857142857143,29.0,1.040677966101695,2039285.0,0,167088.2473514939
gandhinagar,447808,1387478.0,58.42857142857143,29.0,1.040677966101695,2828558.0,0,139859.35478451202
gandhinagar,447808,1387478.0,58.42857142857143,29.0,1.040677966101695,3802536.0,0,132484.1883930047
gandhinagar,447808,1387478.0,58.42857142857143,29.0,1.040677966101695,4275528.0,0,136144.1750916367
gandhinagar,447808,1387478.0,58.42857142857143,29.0,1.040677966101695,4552010.0,0,163036.35733687397
gandhinagar,447808,1387478.0,58.42857142857143,29.0,1.040677966101695,6318239.0,0,97089.49511336882
gandhinagar,447808,1387478.0,58.42857142857143,29.0,1.040677966101695,7658806.0,0,131583.71568942856
gandhinagar,447808,1387478.0,58.42857142857143,29.0,1.040677966101695,8605006.0,0,176192.79395762284
gandhinagar,447808,1387478.0,58.42857142857143,29.0,1.040677966101695,10158506.0,0,164414.33629080566
gandhinagar,447808,1387478.0,58.42857142857143,29.0,1.040677966101695,10879868.0,0,132202.08373619494
gandhinagar,447808,1387478.0,58.42857142857143,29.0,1.040677966101695,12010565.0,0,163073.82201097568
ahmadabad,2410297,1698560.0,58.42857142857143,49.0,1.1058091286307057,1436152.0,0,200000.0
ahmadabad,2410297,1698560.0,58.42857142857143,49.0,1.1058091286307057,1809774.0,0,200000.0
ahmadabad,2410297,1698560.0,58.42857142857143,49.0,1.1058091286307057,2600288.0,0,200000.0
ahmadabad,2410297,1698560.0,58.42857142857143,49.0,1.1058091286307057,3990090.0,0,200000.0
ahmadabad,2410297,1698560.0,58.42857142857143,49.0,1.1058091286307057,7894660.0,0,200000.0
ahmadabad,2410297,1698560.0,58.42857142857143,49.0,1.1058091286307057,11689965.0,0,200000.0
ahmadabad,2410297,1698560.0,58.42857142857143,49.0,1.1058091286307057,14605589.0,0,200000.0
ahmadabad,2410297,1698560.0,58.42857142857143,49.0,1.1058091286307057,15696056.0,0,200000.0
ahmadabad,2410297,1698560.0,58.42857142857143,49.0,1.1058091286307057,17950876.0,0,200000.0
ahmadabad,2410297,1698560.0,58.42857142857143,49.0,1.1058091286307057,16430916.0,0,200000.0
ahmadabad,2410297,1698560.0,58.42857142857143,49.0,1.1058091286307057,21769867.0,0,200000.0
ahmadabad,2410297,1698560.0,58.42857142857143,49.0,1.1058091286307057,25926518.0,0,200000.0
ahmadabad,2410297,1698560.0,58.42857142857143,49.0,1.1058091286307057,36857358.0,0,200000.0
ahmadabad,2410297,1698560.0,58.42857142857143,49.0,1.1058091286307057,44173046.0,0,200000.0
ahmadabad,2410297,1698560.0,58.42857142857143,49.0,1.1058091286307057,58611265.0,0,200000.0
ahmadabad,2410297,1698560.0,58.42857142857143,49.0,1.1058091286307057,70075885.0,0,200000.0
ahmadabad,2410297,1698560.0,58.42857142857143,49.0,1.1058091286307057,79952986.0,0,200000.0
ahmadabad,2410297,1698560.0,58.42857142857143,49.0,1.1058091286307057,96453555.0,0,200000.0
ahmadabad,2410297,1698560.0,58.42857142857143,49.0,1.1058091286307057,117574996.0,0,200000.0
ahmadabad,2410297,1698560.0,58.42857142857143,49.0,1.1058091286307057,133174553.0,0,200000.0
surendranagar,450405,1755873.0,73.57142857142857,41.0,1.0718038528896672,1047786.5,1,109112.53132405461
rajkot,1210981,3799770.0,92.14285714285714,37.0,1.043261231281198,219190.0,0,200000.0
rajkot,1210981,3799770.0,92.14285714285714,37.0,1.043261231281198,283913.0,0,200000.0
rajkot,1210981,3799770.0,92.14285714285714,37.0,1.043261231281198,402342.0,0,200000.0
rajkot,1210981,3799770.0,92.14285714285714,37.0,1.043261231281198,472933.0,0,200000.0
rajkot,1210981,3799770.0,92.14285714285714,37.0,1.043261231281198,724751.0,0,200000.0
rajkot,1210981,3799770.0,92.14285714285714,37.0,1.043261231281198,1022919.0,0,200000.0
rajkot,1210981,3799770.0,92.14285714285714,37.0,1.043261231281198,1134928.0,0,200000.0
rajkot,1210981,3799770.0,92.14285714285714,37.0,1.043261231281198,1339770.0,0,200000.0
rajkot,1210981,3799770.0,92.14285714285714,37.0,1.043261231281198,1360781.0,0,200000.0
rajkot,1210981,3799770.0,92.14285714285714,37.0,1.043261231281198,1490309.0,0,200000.0
rajkot,1210981,3799770.0,92.14285714285714,37.0,1.043261231281198,1980653.0,0,200000.0
rajkot,1210981,3799770.0,92.14285714285714,37.0,1.043261231281198,2278417.0,0,200000.0
rajkot,1210981,3799770.0,92.14285714285714,37.0,1.043261231281198,2675842.0,0,200000.0
rajkot,1210981,3799770.0,92.14285714285714,37.0,1.043261231281198,3586356.0,0,200000.0
rajkot,1210981,3799770.0,92.14285714285714,37.0,1.043261231281198,4398724.0,0,200000.0
rajkot,1210981,3799770.0,92.14285714285714,37.0,1.043261231281198,5044420.0,0,200000.0
rajkot,1210981,3799770.0,92.14285714285714,37.0,1.043261231281198,6063252.0,0,200000.0
rajkot,1210981,3799770.0,92.14285714285714,37.0,1.043261231281198,8053297.0,0,200000.0
rajkot,1210981,3799770.0,92.14285714285714,37.0,1.043261231281198,9260831.0,0,200000.0
jamnagar,601394,2159130.0,113.0,40.0,1.0610328638497653,1047786.5,1,163214.67311191512
porbandar,172057,586062.0,58.42857142857143,42.0,1.0974025974025974,1047786.5,1,75753.48811294227
junagadh,795837,2742291.0,55.85714285714285,40.0,1.0278884462151394,1047786.5,1,200000.0
amreli,437279,1513614.0,61.142857142857146,42.0,1.048465266558966,1047786.5,1,154967.52082377666
bhavnagar,799884,2877961.0,64.42857142857143,44.0,1.0545977011494252,182948.0,0,200000.0
bhavnagar,799884,2877961.0,64.42857142857143,44.0,1.0545977011494252,253332.0,0,200000.0
bhavnagar,799884,2877961.0,64.42857142857143,44.0,1.0545977011494252,374470.0,0,200000.0
anand,676772,2090276.0,58.42857142857143,30.0,1.022038567493113,955946.0,0,198107.07767097777
kheda,717763,2298934.0,54.71428571428572,31.0,1.0736842105263158,1047786.5,1,200000.0
panch mahals,582751,2388267.0,58.42857142857143,40.0,1.0632716049382716,1047786.5,1,163895.0030474508
dohad,408136,2126558.0,58.42857142857143,44.0,1.0161943319838056,1047786.5,1,147665.35362658108
vadodara,1278993,4157568.0,58.42857142857143,37.0,1.046268656716418,387998.0,0,200000.0
vadodara,1278993,4157568.0,58.42857142857143,37.0,1.046268656716418,528893.0,0,200000.0
vadodara,1278993,4157568.0,58.42857142857143,37.0,1.046268656716418,773456.0,0,200000.0
vadodara,1278993,4157568.0,58.42857142857143,37.0,1.046268656716418,1047381.0,0,200000.0
vadodara,1278993,4157568.0,58.42857142857143,37.0,1.046268656716418,1655864.0,0,200000.0
vadodara,1278993,4157568.0,58.42857142857143,37.0,1.046268656716418,1717964.0,0,200000.0
vadodara,1278993,4157568.0,58.42857142857143,37.0,1.046268656716418,2407408.0,0,200000.0
vadodara,1278993,4157568.0,58.42857142857143,37.0,1.046268656716418,2908059.0,0,200000.0
vadodara,1278993,4157568.0,58.42857142857143,37.0,1.046268656716418,3398524.0,0,200000.0
vadodara,1278993,4157568.0,58.42857142857143,37.0,1.046268656716418,2796615.0,0,200000.0
vadodara,1278993,4157568.0,58.42857142857143,37.0,1.046268656716418,4247473.0,0,200000.0
vadodara,1278993,4157568.0,58.42857142857143,37.0,1.046268656716418,6066452.0,0,200000.0
vadodara,1278993,4157568.0,58.42857142857143,37.0,1.046268656716418,7191021.0,0,200000.0
vadodara,1278993,4157568.0,58.42857142857143,37.0,1.046268656716418,7847805.0,0,200000.0
vadodara,1278993,4157568.0,58.42857142857143,37.0,1.046268656716418,10555446.0,0,200000.0
vadodara,1278993,4157568.0,58.42857142857143,37.0,1.046268656716418,12675332.0,0,200000.0
vadodara,1278993,4157568.0,58.42857142857143,37.0,1.046268656716418,14343830.0,0,200000.0
vadodara,1278993,4157568.0,58.42857142857143,37.0,1.046268656716418,16566055.0,0,200000.0
vadodara,1278993,4157568.0,58.42857142857143,37.0,1.046268656716418,23318716.0,0,200000.0
vadodara,1278993,4157568.0,58.42857142857143,37.0,1.046268656716418,20968443.0,0,200000.0
narmada,158569,590379.0,58.42857142857143,29.0,1.06,1047786.5,1,51853.77428527779
bharuch,495229,1550822.0,120.85714285714286,34.0,1.0151285930408471,210073.0,0,111732.12391467518
bharuch,495229,1550822.0,120.85714285714286,34.0,1.0151285930408471,289862.0,0,149667.08851739333
bharuch,495229,1550822.0,120.85714285714286,34.0,1.0151285930408471,480222.0,0,154364.17071648614
bharuch,495229,1550822.0,120.85714285714286,34.0,1.0151285930408471,603122.0,0,138336.6262685569
bharuch,495229,1550822.0,120.85714285714286,34.0,1.0151285930408471,926374.0,0,110372.61671368862
bharuch,495229,1550822.0,120.85714285714286,34.0,1.0151285930408471,747899.0,0,200000.0
bharuch,495229,1550822.0,120.85714285714286,34.0,1.0151285930408471,1040617.0,0,111536.10109596862
bharuch,495229,1550822.0,120.85714285714286,34.0,1.0151285930408471,1324720.0,0,173271.75152148493
bharuch,495229,1550822.0,120.85714285714286,34.0,1.0151285930408471,1525995.0,0,155212.82588001172
bharuch,495229,1550822.0,120.85714285714286,34.0,1.0151285930408471,1673375.0,0,166739.08705935974
bharuch,495229,1550822.0,120.85714285714286,34.0,1.0151285930408471,2145954.0,0,91211.71949682236
bharuch,495229,1550822.0,120.85714285714286,34.0,1.0151285930408471,3243841.0,0,169024.82549535428
bharuch,495229,1550822.0,120.85714285714286,34.0,1.0151285930408471,3420929.0,0,149150.3657537394
bharuch,495229,1550822.0,120.85714285714286,34.0,1.0151285930408471,3937665.0,0,140479.95831475963
bharuch,495229,1550822.0,120.85714285714286,34.0,1.0151285930408471,5280607.0,0,176341.37828356645
bharuch,495229,1550822.0,120.85714285714286,34.0,1.0151285930408471,6671068.0,0,144561.70994231256
bharuch,495229,1550822.0,120.85714285714286,34.0,1.0151285930408471,7704075.0,0,158190.9110859712
bharuch,495229,1550822.0,120.85714285714286,34.0,1.0151285930408471,8898927.0,0,139590.776523061
bharuch,495229,1550822.0,120.85714285714286,34.0,1.0151285930408471,11270803.0,0,141567.8327475341
bharuch,495229,1550822.0,120.85714285714286,34.0,1.0151285930408471,15879527.0,0,129127.92217333155
the dangs,63654,226769.0,58.42857142857143,31.0,1.2838878674801244,1047786.5,1,46162.15963604169
navsari,462438,1330711.0,58.42857142857143,25.0,1.0639386189258313,1112006.0,0,120945.55568848352
navsari,462438,1330711.0,58.42857142857143,25.0,1.0639386189258313,3136644.0,0,130430.42503206336
navsari,462438,1330711.0,58.42857142857143,25.0,1.0639386189258313,3007618.0,0,129612.09088174289
navsari,462438,1330711.0,58.42857142857143,25.0,1.0639386189258313,2986534.0,0,126531.77284455796
valsad,515129,1703068.0,86.57142857142857,30.0,1.0148305084745763,468363.0,0,90500.13463059739
valsad,515129,1703068.0,86.57142857142857,30.0,1.0148305084745763,750124.0,0,150691.91203068948
valsad,515129,1703068.0,86.57142857142857,30.0,1.0148305084745763,1028011.0,0,136221.77107959834
valsad,515129,1703068.0,86.57142857142857,30.0,1.0148305084745763,1342508.0,0,159020.40869997785
valsad,515129,1703068.0,86.57142857142857,30.0,1.0148305084745763,1498222.0,0,114244.54852458989
valsad,515129,1703068.0,86.57142857142857,30.0,1.0148305084745763,1743270.0,0,200000.0
valsad,515129,1703068.0,86.57142857142857,30.0,1.0148305084745763,2565319.0,0,157588.84339187157
valsad,515129,1703068.0,86.57142857142857,30.0,1.0148305084745763,2745663.0,0,170451.65145461453
valsad,515129,1703068.0,86.57142857142857,30.0,1.0148305084745763,3236626.0,0,117755.05094815232
valsad,515129,1703068.0,86.57142857142857,30.0,1.0148305084745763,4434194.0,0,200000.0
valsad,515129,1703068.0,86.57142857142857,30.0,1.0148305084745763,5798487.0,0,128362.22865378537
valsad,515129,1703068.0,86.57142857142857,30.0,1.0148305084745763,6673719.0,0,153200.82410856738
valsad,515129,1703068.0,86.57142857142857,30.0,1.0148305084745763,8033358.0,0,166664.85648125684
valsad,515129,1703068.0,86.57142857142857,30.0,1.0148305084745763,9633288.0,0,151022.89429623855
valsad,515129,1703068.0,86.57142857142857,30.0,1.0148305084745763,11103340.0,0,155346.05830210046
surat,1883942,6079231.0,97.0,35.0,1.0142450142450143,983723.0,0,200000.0
surat,1883942,6079231.0,97.0,35.0,1.0142450142450143,1310963.0,0,200000.0
surat,1883942,6079231.0,97.0,35.0,1.0142450142450143,1899586.0,0,200000.0
surat,1883942,6079231.0,97.0,35.0,1.0142450142450143,2225031.0,0,200000.0
surat,1883942,6079231.0,97.0,35.0,1.0142450142450143,3283182.0,0,200000.0
surat,1883942,6079231.0,97.0,35.0,1.0142450142450143,3047988.0,0,200000.0
surat,1883942,6079231.0,97.0,35.0,1.0142450142450143,4447301.0,0,200000.0
surat,1883942,6079231.0,97.0,35.0,1.0142450142450143,4988183.0,0,200000.0
surat,1883942,6079231.0,97.0,35.0,1.0142450142450143,6801887.0,0,200000.0
surat,1883942,6079231.0,97.0,35.0,1.0142450142450143,5654552.0,0,200000.0
surat,1883942,6079231.0,97.0,35.0,1.0142450142450143,7272097.0,0,200000.0
surat,1883942,6079231.0,97.0,35.0,1.0142450142450143,10950779.0,0,200000.0
surat,1883942,6079231.0,97.0,35.0,1.0142450142450143,13429789.0,0,200000.0
surat,1883942,6079231.0,97.0,35.0,1.0142450142450143,15230233.0,0,200000.0
surat,1883942,6079231.0,97.0,35.0,1.0142450142450143,21214459.0,0,200000.0
surat,1883942,6079231.0,97.0,35.0,1.0142450142450143,26358525.0,0,200000.0
surat,1883942,6079231.0,97.0,35.0,1.0142450142450143,31199368.0,0,200000.0
surat,1883942,6079231.0,97.0,35.0,1.0142450142450143,37371820.0,0,200000.0
surat,1883942,6079231.0,97.0,35.0,1.0142450142450143,46500453.0,0,200000.0
surat,1883942,6079231.0,97.0,35.0,1.0142450142450143,52037142.0,0,200000.0
tapi,221029,806489.0,58.42857142857143,25.0,1.0285132382892055,1047786.5,1,47781.42168288914
diu,17731,52056.0,58.42857142857143,31.0,1.0,5593.0,0,5000.0
diu,17731,52056.0,58.42857142857143,31.0,1.0,6279.0,0,5000.0
diu,17731,52056.0,58.42857142857143,31.0,1.0,7087.0,0,61983.012431611656
diu,17731,52056.0,58.42857142857143,31.0,1.0,9502.0,0,29757.16427119061
diu,17731,52056.0,58.42857142857143,31.0,1.0,16037.0,0,5000.0
diu,17731,52056.0,58.42857142857143,31.0,1.0,29130.0,0,13437.811932674875
diu,17731,52056.0,58.42857142857143,31.0,1.0,17203.0,0,51522.368561421084
diu,17731,52056.0,58.42857142857143,31.0,1.0,21474.0,0,40759.06898310662
diu,17731,52056.0,58.42857142857143,31.0,1.0,23966.0,0,16477.61326134719
diu,17731,52056.0,58.42857142857143,31.0,1.0,23866.0,0,14761.042877088024
diu,17731,52056.0,58.42857142857143,31.0,1.0,26588.0,0,25135.650409250564
diu,17731,52056.0,58.42857142857143,31.0,1.0,41821.0,0,42680.35377341891
diu,17731,52056.0,58.42857142857143,31.0,1.0,42608.0,0,47880.63510514332
diu,17731,52056.0,58.42857142857143,31.0,1.0,41014.0,0,5000.0
diu,17731,52056.0,58.42857142857143,31.0,1.0,66259.0,0,41417.62752551778
diu,17731,52056.0,58.42857142857143,31.0,1.0,88402.0,0,21723.53323769002
diu,17731,52056.0,58.42857142857143,31.0,1.0,94833.0,0,8438.929431074574
diu,17731,52056.0,58.42857142857143,31.0,1.0,130835.0,0,54509.398252126986
diu,17731,52056.0,58.42857142857143,31.0,1.0,148559.0,0,5000.0
diu,17731,52056.0,58.42857142857143,31.0,1.0,154870.0,0,28753.35545153542
daman,46032,190855.0,58.42857142857143,31.0,1.0357142857142858,50218.0,0,35888.753794620716
daman,46032,190855.0,58.42857142857143,31.0,1.0357142857142858,67705.0,0,28601.316461266637
daman,46032,190855.0,58.42857142857143,31.0,1.0357142857142858,104637.0,0,5000.0
daman,46032,190855.0,58.42857142857143,31.0,1.0357142857142858,147005.0,0,51864.95941322536
daman,46032,190855.0,58.42857142857143,31.0,1.0357142857142858,259564.0,0,91476.87674433542
daman,46032,190855.0,58.42857142857143,31.0,1.0357142857142858,183953.0,0,45612.7901748396
daman,46032,190855.0,58.42857142857143,31.0,1.0357142857142858,235860.0,0,12524.450208128239
daman,46032,190855.0,58.42857142857143,31.0,1.0357142857142858,282085.0,0,74941.52327417198
daman,46032,190855.0,58.42857142857143,31.0,1.0357142857142858,318808.0,0,59246.921545278776
daman,46032,190855.0,58.42857142857143,31.0,1.0357142857142858,342171.0,0,5000.0
daman,46032,190855.0,58.42857142857143,31.0,1.0357142857142858,376291.0,0,25020.32776995498
daman,46032,190855.0,58.42857142857143,31.0,1.0357142857142858,596994.0,0,64025.76732397663
daman,46032,190855.0,58.42857142857143,31.0,1.0357142857142858,664208.0,0,45116.72415718731
daman,46032,190855.0,58.42857142857143,31.0,1.0357142857142858,733176.0,0,39841.631827932266
daman,46032,190855.0,58.42857142857143,31.0,1.0357142857142858,1083689.0,0,44742.509869533664
daman,46032,190855.0,58.42857142857143,31.0,1.0357142857142858,1417153.0,0,54952.278200574845
daman,46032,190855.0,58.42857142857143,31.0,1.0357142857142858,1629797.0,0,65520.82122727519
daman,46032,190855.0,58.42857142857143,31.0,1.0357142857142858,1923407.0,0,36155.73576496768
daman,46032,190855.0,58.42857142857143,31.0,1.0357142857142858,2317701.0,0,5000.0
daman,46032,190855.0,58.42857142857143,31.0,1.0357142857142858,2344860.0,0,5000.0
dadra and nagar haveli,80709,1698560.0,58.42857142857143,13.0,1.0285714285714285,92738.0,0,67867.54696329712
dadra and nagar haveli,80709,1698560.0,58.42857142857143,13.0,1.0285714285714285,128642.0,0,5000.0
dadra and nagar haveli,80709,1698560.0,58.42857142857143,13.0,1.0285714285714285,177851.0,0,55492.00098665473
dadra and nagar haveli,80709,1698560.0,58.42857142857143,13.0,1.0285714285714285,247575.0,0,75663.04544044619
dadra and nagar haveli,80709,1698560.0,58.42857142857143,13.0,1.0285714285714285,386213.0,0,66628.49404388652
dadra and nagar haveli,80709,1698560.0,58.42857142857143,13.0,1.0285714285714285,276573.0,0,69500.88176126407
dadra and nagar haveli,80709,1698560.0,58.42857142857143,13.0,1.0285714285714285,385688.0,0,10385.329698425583
dadra and nagar haveli,80709,1698560.0,58.42857142857143,13.0,1.0285714285714285,465412.0,0,14970.308738362128
dadra and nagar haveli,80709,1698560.0,58.42857142857143,13.0,1.0285714285714285,535805.0,0,62367.403344854785
dadra and nagar haveli,80709,1698560.0,58.42857142857143,13.0,1.0285714285714285,607115.0,0,9738.104879965973
dadra and nagar haveli,80709,1698560.0,58.42857142857143,13.0,1.0285714285714285,735433.0,0,67880.73464220137
dadra and nagar haveli,80709,1698560.0,58.42857142857143,13.0,1.0285714285714285,1178976.0,0,78771.37560372293
dadra and nagar haveli,80709,1698560.0,58.42857142857143,13.0,1.0285714285714285,1218428.0,0,55785.914975605134
dadra and nagar haveli,80709,1698560.0,58.42857142857143,13.0,1.0285714285714285,1350893.0,0,40628.64372649607
dadra and nagar haveli,80709,1698560.0,58.42857142857143,13.0,1.0285714285714285,1979522.0,0,33052.782887467896
dadra and nagar haveli,80709,1698560.0,58.42857142857143,13.0,1.0285714285714285,2651530.0,0,23051.779873721553
dadra and nagar haveli,80709,1698560.0,58.42857142857143,13.0,1.0285714285714285,3078173.0,0,43359.127003607005
dadra and nagar haveli,80709,1698560.0,58.42857142857143,13.0,1.0285714285714285,3705529.0,0,78450.41903704527
dadra and nagar haveli,80709,1698560.0,58.42857142857143,13.0,1.0285714285714285,3999361.0,0,5000.0
dadra and nagar haveli,80709,1698560.0,58.42857142857143,13.0,1.0285714285714285,4689855.0,0,28652.61354737265
nandurbar,394410,1646177.0,58.42857142857143,20.0,1.3730242360379348,1047786.5,1,137941.4888762773
dhule,570528,2048781.0,46.42857142857143,23.0,1.1513353115727003,1047786.5,1,195620.1715450311
jalgaon,1262659,4224442.0,56.71428571428572,22.0,1.3885224274406331,1047786.5,1,200000.0
buldana,830982,2588039.0,58.42857142857143,31.0,1.2838878674801244,1047786.5,1,200000.0
akola,652304,1818617.0,36.0,18.0,1.3948453608247422,1047786.5,1,200000.0
washim,382214,1196714.0,58.42857142857143,18.0,1.540712468193384,16119131.0,0,131630.78790951797
washim,382214,1196714.0,58.42857142857143,18.0,1.540712468193384,27190170.0,0,160635.8406817814
washim,382214,1196714.0,58.42857142857143,18.0,1.540712468193384,47716080.0,0,120438.04379572801
washim,382214,1196714.0,58.42857142857143,18.0,1.540712468193384,58312102.0,0,143992.73693706968
washim,382214,1196714.0,58.42857142857143,18.0,1.540712468193384,73700274.0,0,158047.02560027034
washim,382214,1196714.0,58.42857142857143,18.0,1.540712468193384,98129806.0,0,126304.52306671336
amravati,1044771,2887826.0,58.42857142857143,43.0,1.492620865139949,1047786.5,1,200000.0
wardha,466841,1296157.0,47.0,30.0,1.4879825200291332,1047786.5,1,135381.51666815623
nagpur,1714588,4653171.0,85.85714285714286,26.0,1.3658275307980718,592456.0,0,200000.0
nagpur,1714588,4653171.0,85.85714285714286,26.0,1.3658275307980718,792349.0,0,200000.0
nagpur,1714588,4653171.0,85.85714285714286,26.0,1.3658275307980718,1215989.0,0,200000.0
nagpur,1714588,4653171.0,85.85714285714286,26.0,1.3658275307980718,1884842.0,0,200000.0
nagpur,1714588,4653171.0,85.85714285714286,26.0,1.3658275307980718,3417783.0,0,200000.0
nagpur,1714588,4653171.0,85.85714285714286,26.0,1.3658275307980718,4188658.0,0,200000.0
nagpur,1714588,4653171.0,85.85714285714286,26.0,1.3658275307980718,6165553.0,0,200000.0
nagpur,1714588,4653171.0,85.85714285714286,26.0,1.3658275307980718,8223885.0,0,200000.0
nagpur,1714588,4653171.0,85.85714285714286,26.0,1.3658275307980718,10765004.0,0,200000.0
nagpur,1714588,4653171.0,85.85714285714286,26.0,1.3658275307980718,8581175.0,0,200000.0
nagpur,1714588,4653171.0,85.85714285714286,26.0,1.3658275307980718,11746960.0,0,200000.0
nagpur,1714588,4653171.0,85.85714285714286,26.0,1.3658275307980718,17881031.0,0,200000.0
nagpur,1714588,4653171.0,85.85714285714286,26.0,1.3658275307980718,20132732.0,0,200000.0
nagpur,1714588,4653171.0,85.85714285714286,26.0,1.3658275307980718,22506189.0,0,200000.0
nagpur,1714588,4653171.0,85.85714285714286,26.0,1.3658275307980718,29998841.0,0,200000.0
nagpur,1714588,4653171.0,85.85714285714286,26.0,1.3658275307980718,37294016.0,0,200000.0
nagpur,1714588,4653171.0,85.85714285714286,26.0,1.3658275307980718,43072958.0,0,200000.0
nagpur,1714588,4653171.0,85.85714285714286,26.0,1.3658275307980718,52065290.0,0,200000.0
nagpur,1714588,4653171.0,85.85714285714286,26.0,1.3658275307980718,73292524.0,0,200000.0
nagpur,1714588,4653171.0,85.85714285714286,26.0,1.3658275307980718,82944788.0,0,200000.0
bhandara,411151,1198810.0,40.71428571428572,23.0,1.3516609392898054,1047786.5,1,140674.0150426575
gondiya,461406,1322331.0,58.42857142857143,31.0,1.2838878674801244,1047786.5,1,137584.7543546018
gadchiroli,313255,1071795.0,58.42857142857143,25.0,1.546448087431694,1047786.5,1,79627.72664608479
chandrapur,706050,2194262.0,51.0,30.0,1.4852941176470589,1047786.5,1,200000.0
yavatmal,906594,2775457.0,58.42857142857143,28.0,1.4278301886792453,1047786.5,1,200000.0
nanded,934203,3356566.0,36.71428571428572,28.0,1.3882575757575757,1047786.5,1,200000.0
hingoli,340192,1178973.0,58.42857142857143,33.0,1.5148514851485149,1047786.5,1,140851.66313941628
parbhani,491523,1835982.0,46.0,28.0,1.5266903914590748,1047786.5,1,127339.60443594381
jalna,496095,1958483.0,58.42857142857143,31.0,1.2827225130890052,1047786.5,1,158307.02785389844
aurangabad,1072901,1698560.0,73.57142857142857,32.0,1.3014934660858744,620430.0,0,200000.0
aurangabad,1072901,1698560.0,73.57142857142857,32.0,1.3014934660858744,789032.0,0,200000.0
aurangabad,1072901,1698560.0,73.57142857142857,32.0,1.3014934660858744,1171650.0,0,200000.0
aurangabad,1072901,1698560.0,73.57142857142857,32.0,1.3014934660858744,1685901.0,0,200000.0
aurangabad,1072901,1698560.0,73.57142857142857,32.0,1.3014934660858744,2792378.0,0,200000.0
aurangabad,1072901,1698560.0,73.57142857142857,32.0,1.3014934660858744,3396197.0,0,200000.0
aurangabad,1072901,1698560.0,73.57142857142857,32.0,1.3014934660858744,5823390.0,0,200000.0
aurangabad,1072901,1698560.0,73.57142857142857,32.0,1.3014934660858744,8161133.0,0,200000.0
aurangabad,1072901,1698560.0,73.57142857142857,32.0,1.3014934660858744,9438690.0,0,200000.0
aurangabad,1072901,1698560.0,73.57142857142857,32.0,1.3014934660858744,7820545.0,0,200000.0
aurangabad,1072901,1698560.0,73.57142857142857,32.0,1.3014934660858744,12231686.0,0,200000.0
aurangabad,1072901,1698560.0,73.57142857142857,32.0,1.3014934660858744,19001745.0,0,200000.0
aurangabad,1072901,1698560.0,73.57142857142857,32.0,1.3014934660858744,20324679.0,0,200000.0
aurangabad,1072901,1698560.0,73.57142857142857,32.0,1.3014934660858744,23744887.0,0,200000.0
aurangabad,1072901,1698560.0,73.57142857142857,32.0,1.3014934660858744,32667108.0,0,200000.0
aurangabad,1072901,1698560.0,73.57142857142857,32.0,1.3014934660858744,42089766.0,0,200000.0
aurangabad,1072901,1698560.0,73.57142857142857,32.0,1.3014934660858744,48288544.0,0,200000.0
aurangabad,1072901,1698560.0,73.57142857142857,32.0,1.3014934660858744,55248137.0,0,200000.0
aurangabad,1072901,1698560.0,73.57142857142857,32.0,1.3014934660858744,59756919.0,0,200000.0
aurangabad,1072901,1698560.0,73.57142857142857,32.0,1.3014934660858744,67307091.0,0,200000.0
nashik,1947828,6109052.0,58.42857142857143,25.0,1.309989701338826,669259.0,0,200000.0
nashik,1947828,6109052.0,58.42857142857143,25.0,1.309989701338826,956098.0,0,200000.0
nashik,1947828,6109052.0,58.42857142857143,25.0,1.309989701338826,1321016.0,0,200000.0
nashik,1947828,6109052.0,58.42857142857143,25.0,1.309989701338826,1881354.0,0,200000.0
nashik,1947828,6109052.0,58.42857142857143,25.0,1.309989701338826,2967544.0,0,200000.0
nashik,1947828,6109052.0,58.42857142857143,25.0,1.309989701338826,3923883.0,0,200000.0
nashik,1947828,6109052.0,58.42857142857143,25.0,1.309989701338826,7028066.0,0,200000.0
nashik,1947828,6109052.0,58.42857142857143,25.0,1.309989701338826,10054198.0,0,200000.0
nashik,1947828,6109052.0,58.42857142857143,25.0,1.309989701338826,12019521.0,0,200000.0
nashik,1947828,6109052.0,58.42857142857143,25.0,1.309989701338826,11893531.0,0,200000.0
nashik,1947828,6109052.0,58.42857142857143,25.0,1.309989701338826,17587671.0,0,200000.0
nashik,1947828,6109052.0,58.42857142857143,25.0,1.309989701338826,25886584.0,0,200000.0
nashik,1947828,6109052.0,58.42857142857143,25.0,1.309989701338826,27235543.0,0,200000.0
nashik,1947828,6109052.0,58.42857142857143,25.0,1.309989701338826,28391827.0,0,200000.0
nashik,1947828,6109052.0,58.42857142857143,25.0,1.309989701338826,39927545.0,0,200000.0
nashik,1947828,6109052.0,58.42857142857143,25.0,1.309989701338826,50753398.0,0,200000.0
nashik,1947828,6109052.0,58.42857142857143,25.0,1.309989701338826,59914404.0,0,200000.0
nashik,1947828,6109052.0,58.42857142857143,25.0,1.309989701338826,69128782.0,0,200000.0
nashik,1947828,6109052.0,58.42857142857143,25.0,1.309989701338826,75574380.0,0,200000.0
nashik,1947828,6109052.0,58.42857142857143,25.0,1.309989701338826,95624463.0,0,200000.0
thane,3635765,11054131.0,98.0,21.0,1.407814407814408,1243518.0,0,200000.0
thane,3635765,11054131.0,98.0,21.0,1.407814407814408,1773084.0,0,200000.0
thane,3635765,11054131.0,98.0,21.0,1.407814407814408,2611297.0,0,200000.0
thane,3635765,11054131.0,98.0,21.0,1.407814407814408,4198385.0,0,200000.0
thane,3635765,11054131.0,98.0,21.0,1.407814407814408,6590587.0,0,200000.0
thane,3635765,11054131.0,98.0,21.0,1.407814407814408,7530876.0,0,200000.0
thane,3635765,11054131.0,98.0,21.0,1.407814407814408,11231012.0,0,200000.0
thane,3635765,11054131.0,98.0,21.0,1.407814407814408,13830713.0,0,200000.0
thane,3635765,11054131.0,98.0,21.0,1.407814407814408,15699451.0,0,200000.0
thane,3635765,11054131.0,98.0,21.0,1.407814407814408,12230364.0,0,200000.0
thane,3635765,11054131.0,98.0,21.0,1.407814407814408,16568232.0,0,200000.0
thane,3635765,11054131.0,98.0,21.0,1.407814407814408,30073494.0,0,200000.0
thane,3635765,11054131.0,98.0,21.0,1.407814407814408,33503449.0,0,200000.0
thane,3635765,11054131.0,98.0,21.0,1.407814407814408,34695330.0,0,200000.0
thane,3635765,11054131.0,98.0,21.0,1.407814407814408,46296081.0,0,200000.0
thane,3635765,11054131.0,98.0,21.0,1.407814407814408,58731186.0,0,200000.0
thane,3635765,11054131.0,98.0,21.0,1.407814407814408,66420329.0,0,200000.0
thane,3635765,11054131.0,98.0,21.0,1.407814407814408,76359706.0,0,200000.0
thane,3635765,11054131.0,98.0,21.0,1.407814407814408,80605581.0,0,200000.0
thane,3635765,11054131.0,98.0,21.0,1.407814407814408,96634264.0,0,200000.0
mumbai suburban,3352456,1698560.0,58.42857142857143,31.0,1.2838878674801244,1444587.0,0,200000.0
mumbai suburban,3352456,1698560.0,58.42857142857143,31.0,1.2838878674801244,2055232.0,0,200000.0
mumbai suburban,3352456,1698560.0,58.42857142857143,31.0,1.2838878674801244,3049903.0,0,200000.0
mumbai suburban,3352456,1698560.0,58.42857142857143,31.0,1.2838878674801244,4635750.0,0,200000.0
mumbai suburban,3352456,1698560.0,58.42857142857143,31.0,1.2838878674801244,6743762.0,0,200000.0
mumbai suburban,3352456,1698560.0,58.42857142857143,31.0,1.2838878674801244,7064507.0,0,200000.0
mumbai suburban,3352456,1698560.0,58.42857142857143,31.0,1.2838878674801244,10319061.0,0,200000.0
mumbai suburban,3352456,1698560.0,58.42857142857143,31.0,1.2838878674801244,12837253.0,0,200000.0
mumbai suburban,3352456,1698560.0,58.42857142857143,31.0,1.2838878674801244,23598054.0,0,200000.0
mumbai suburban,3352456,1698560.0,58.42857142857143,31.0,1.2838878674801244,14673823.0,0,200000.0
mumbai suburban,3352456,1698560.0,58.42857142857143,31.0,1.2838878674801244,20687558.0,0,200000.0
mumbai suburban,3352456,1698560.0,58.42857142857143,31.0,1.2838878674801244,31947471.0,0,200000.0
mumbai suburban,3352456,1698560.0,58.42857142857143,31.0,1.2838878674801244,49079788.0,0,200000.0
mumbai suburban,3352456,1698560.0,58.42857142857143,31.0,1.2838878674801244,51172626.0,0,200000.0
mumbai suburban,3352456,1698560.0,58.42857142857143,31.0,1.2838878674801244,67846531.0,0,200000.0
mumbai suburban,3352456,1698560.0,58.42857142857143,31.0,1.2838878674801244,92733033.0,0,200000.0
mumbai suburban,3352456,1698560.0,58.42857142857143,31.0,1.2838878674801244,104595313.0,0,200000.0
mumbai suburban,3352456,1698560.0,58.42857142857143,31.0,1.2838878674801244,125227570.0,0,200000.0
mumbai suburban,3352456,1698560.0,58.42857142857143,31.0,1.2838878674801244,197724164.0,0,200000.0
mumbai suburban,3352456,1698560.0,58.42857142857143,31.0,1.2838878674801244,248827345.0,0,200000.0
mumbai,1098342,1698560.0,58.42857142857143,31.0,1.2838878674801244,2671029.0,0,200000.0
mumbai,1098342,1698560.0,58.42857142857143,31.0,1.2838878674801244,3277612.0,0,200000.0
mumbai,1098342,1698560.0,58.42857142857143,31.0,1.2838878674801244,4090811.0,0,200000.0
mumbai,1098342,1698560.0,58.42857142857143,31.0,1.2838878674801244,6060284.0,0,200000.0
mumbai,1098342,1698560.0,58.42857142857143,31.0,1.2838878674801244,8672352.0,0,200000.0
mumbai,1098342,1698560.0,58.42857142857143,31.0,1.2838878674801244,9050682.0,0,200000.0
mumbai,1098342,1698560.0,58.42857142857143,31.0,1.2838878674801244,10401047.0,0,200000.0
mumbai,1098342,1698560.0,58.42857142857143,31.0,1.2838878674801244,14329105.0,0,200000.0
mumbai,1098342,1698560.0,58.42857142857143,31.0,1.2838878674801244,4716907.0,0,200000.0
mumbai,1098342,1698560.0,58.42857142857143,31.0,1.2838878674801244,72051672.0,0,200000.0
mumbai,1098342,1698560.0,58.42857142857143,31.0,1.2838878674801244,75229421.0,0,200000.0
raigarh,880302,1698560.0,56.71428571428572,34.0,1.2474155754651963,133135.0,0,200000.0
raigarh,880302,1698560.0,56.71428571428572,34.0,1.2474155754651963,190903.0,0,188396.24965908847
raigarh,880302,1698560.0,56.71428571428572,34.0,1.2474155754651963,263831.0,0,200000.0
raigarh,880302,1698560.0,56.71428571428572,34.0,1.2474155754651963,371009.0,0,200000.0
raigarh,880302,1698560.0,56.71428571428572,34.0,1.2474155754651963,487271.0,0,200000.0
raigarh,880302,1698560.0,56.71428571428572,34.0,1.2474155754651963,431031.0,0,200000.0
raigarh,880302,1698560.0,56.71428571428572,34.0,1.2474155754651963,551609.0,0,200000.0
raigarh,880302,1698560.0,56.71428571428572,34.0,1.2474155754651963,727666.0,0,200000.0
raigarh,880302,1698560.0,56.71428571428572,34.0,1.2474155754651963,853049.0,0,200000.0
raigarh,880302,1698560.0,56.71428571428572,34.0,1.2474155754651963,1086995.0,0,200000.0
raigarh,880302,1698560.0,56.71428571428572,34.0,1.2474155754651963,1433072.0,0,200000.0
raigarh,880302,1698560.0,56.71428571428572,34.0,1.2474155754651963,2064164.0,0,200000.0
raigarh,880302,1698560.0,56.71428571428572,34.0,1.2474155754651963,2237708.0,0,200000.0
raigarh,880302,1698560.0,56.71428571428572,34.0,1.2474155754651963,2634959.0,0,200000.0
raigarh,880302,1698560.0,56.71428571428572,34.0,1.2474155754651963,3676121.0,0,200000.0
raigarh,880302,1698560.0,56.71428571428572,34.0,1.2474155754651963,4987956.0,0,200000.0
raigarh,880302,1698560.0,56.71428571428572,34.0,1.2474155754651963,5959088.0,0,200000.0
raigarh,880302,1698560.0,56.71428571428572,34.0,1.2474155754651963,6953143.0,0,200000.0
raigarh,880302,1698560.0,56.71428571428572,34.0,1.2474155754651963,7689276.0,0,200000.0
raigarh,880302,1698560.0,56.71428571428572,34.0,1.2474155754651963,8475730.0,0,200000.0
pune,3231513,9426959.0,125.85714285714286,21.0,1.353498158863756,3842929.0,0,200000.0
pune,3231513,9426959.0,125.85714285714286,21.0,1.353498158863756,5162876.0,0,200000.0
pune,3231513,9426959.0,125.85714285714286,21.0,1.353498158863756,7890491.0,0,200000.0
pune,3231513,9426959.0,125.85714285714286,21.0,1.353498158863756,11075153.0,0,200000.0
pune,3231513,9426959.0,125.85714285714286,21.0,1.353498158863756,23360634.0,0,200000.0
pune,3231513,9426959.0,125.85714285714286,21.0,1.353498158863756,44795652.0,0,200000.0
pune,3231513,9426959.0,125.85714285714286,21.0,1.353498158863756,67093416.0,0,200000.0
pune,3231513,9426959.0,125.85714285714286,21.0,1.353498158863756,91666565.0,0,200000.0
pune,3231513,9426959.0,125.85714285714286,21.0,1.353498158863756,107497963.0,0,200000.0
pune,3231513,9426959.0,125.85714285714286,21.0,1.353498158863756,58840981.0,0,200000.0
pune,3231513,9426959.0,125.85714285714286,21.0,1.353498158863756,101472134.0,0,200000.0
pune,3231513,9426959.0,125.85714285714286,21.0,1.353498158863756,142350762.0,0,200000.0
pune,3231513,9426959.0,125.85714285714286,21.0,1.353498158863756,208930588.0,0,200000.0
pune,3231513,9426959.0,125.85714285714286,21.0,1.353498158863756,218732925.0,0,200000.0
pune,3231513,9426959.0,125.85714285714286,21.0,1.353498158863756,303322956.0,0,200000.0
pune,3231513,9426959.0,125.85714285714286,21.0,1.353498158863756,371337618.0,0,200000.0
pune,3231513,9426959.0,125.85714285714286,21.0,1.353498158863756,424149132.0,0,200000.0
pune,3231513,9426959.0,125.85714285714286,21.0,1.353498158863756,520321567.0,0,200000.0
pune,3231513,9426959.0,125.85714285714286,21.0,1.353498158863756,505018506.0,0,200000.0
pune,3231513,9426959.0,125.85714285714286,21.0,1.353498158863756,544687754.0,0,200000.0
ahmadnagar,1378535,4543083.0,58.42857142857143,31.0,1.2838878674801244,1047786.5,1,200000.0
bid,731322,2585962.0,58.42857142857143,31.0,1.2838878674801244,1047786.5,1,189823.12183415616
latur,718240,2455543.0,58.42857142857143,37.0,1.3287526427061311,1047786.5,1,200000.0
osmanabad,493506,1660311.0,61.285714285714285,31.0,1.3817701453104358,1047786.5,1,151679.19246090914
solapur,1259410,4315527.0,61.0,20.0,1.3428571428571427,451438.0,0,200000.0
solapur,1259410,4315527.0,61.0,20.0,1.3428571428571427,657732.0,0,200000.0
solapur,1259410,4315527.0,61.0,20.0,1.3428571428571427,957281.0,0,200000.0
solapur,1259410,4315527.0,61.0,20.0,1.3428571428571427,1266285.0,0,200000.0
solapur,1259410,4315527.0,61.0,20.0,1.3428571428571427,1711532.0,0,200000.0
solapur,1259410,4315527.0,61.0,20.0,1.3428571428571427,1820589.0,0,200000.0
solapur,1259410,4315527.0,61.0,20.0,1.3428571428571427,2841225.0,0,200000.0
solapur,1259410,4315527.0,61.0,20.0,1.3428571428571427,3759589.0,0,200000.0
solapur,1259410,4315527.0,61.0,20.0,1.3428571428571427,4939298.0,0,200000.0
solapur,1259410,4315527.0,61.0,20.0,1.3428571428571427,6271738.0,0,200000.0
solapur,1259410,4315527.0,61.0,20.0,1.3428571428571427,8375851.0,0,200000.0
solapur,1259410,4315527.0,61.0,20.0,1.3428571428571427,12746918.0,0,200000.0
solapur,1259410,4315527.0,61.0,20.0,1.3428571428571427,13720797.0,0,200000.0
solapur,1259410,4315527.0,61.0,20.0,1.3428571428571427,16828619.0,0,200000.0
solapur,1259410,4315527.0,61.0,20.0,1.3428571428571427,22642205.0,0,200000.0
solapur,1259410,4315527.0,61.0,20.0,1.3428571428571427,29893044.0,0,200000.0
solapur,1259410,4315527.0,61.0,20.0,1.3428571428571427,35130037.0,0,200000.0
solapur,1259410,4315527.0,61.0,20.0,1.3428571428571427,41690075.0,0,200000.0
solapur,1259410,4315527.0,61.0,20.0,1.3428571428571427,43898093.0,0,200000.0
solapur,1259410,4315527.0,61.0,20.0,1.3428571428571427,49452868.0,0,200000.0
satara,1024660,3003922.0,56.285714285714285,22.0,1.2751828925154756,1047786.5,1,200000.0
ratnagiri,580380,1612672.0,71.71428571428571,16.0,1.2569759896171318,1047786.5,1,174381.89441330812
sindhudurg,317778,848868.0,58.42857142857143,17.0,1.2025974025974029,1047786.5,1,87855.0050675879
kolhapur,1266085,3874015.0,80.14285714285714,20.0,1.2461033634126333,351519.0,0,200000.0
sangli,927917,2820575.0,55.142857142857146,24.0,1.234159779614325,1047786.5,1,200000.0
adilabad,626997,2737738.0,54.57142857142857,41.0,1.1396160558464223,1047786.5,1,175183.40558002214
nizamabad,599596,2552073.0,69.28571428571429,35.0,1.041958041958042,705541.0,0,165283.49987310008
nizamabad,599596,2552073.0,69.28571428571429,35.0,1.041958041958042,782289.0,0,174629.5869088485
nizamabad,599596,2552073.0,69.28571428571429,35.0,1.041958041958042,1143733.0,0,183840.48241015256
nizamabad,599596,2552073.0,69.28571428571429,35.0,1.041958041958042,1638281.0,0,172577.93602483478
nizamabad,599596,2552073.0,69.28571428571429,35.0,1.041958041958042,2202642.0,0,200000.0
nizamabad,599596,2552073.0,69.28571428571429,35.0,1.041958041958042,2750473.0,0,185303.95877752552
nizamabad,599596,2552073.0,69.28571428571429,35.0,1.041958041958042,3738711.0,0,166572.47888730495
nizamabad,599596,2552073.0,69.28571428571429,35.0,1.041958041958042,5857682.0,0,188197.85734089804
nizamabad,599596,2552073.0,69.28571428571429,35.0,1.041958041958042,5831809.0,0,177540.49220826273
nizamabad,599596,2552073.0,69.28571428571429,35.0,1.041958041958042,7753597.0,0,151081.15642403942
nizamabad,599596,2552073.0,69.28571428571429,35.0,1.041958041958042,9331288.0,0,191750.36349113315
nizamabad,599596,2552073.0,69.28571428571429,35.0,1.041958041958042,12113902.0,0,200000.0
nizamabad,599596,2552073.0,69.28571428571429,35.0,1.041958041958042,13749642.0,0,162355.89668578116
nizamabad,599596,2552073.0,69.28571428571429,35.0,1.041958041958042,16389018.0,0,174314.4861245413
nizamabad,599596,2552073.0,69.28571428571429,35.0,1.041958041958042,15374558.0,0,183382.5778124202
nizamabad,599596,2552073.0,69.28571428571429,35.0,1.041958041958042,18308473.0,0,183834.9224469684
karimnagar,949591,3811738.0,56.142857142857146,30.0,1.031347962382445,224324.0,0,200000.0
karimnagar,949591,3811738.0,56.142857142857146,30.0,1.031347962382445,253264.0,0,200000.0
karimnagar,949591,3811738.0,56.142857142857146,30.0,1.031347962382445,567417.0,0,200000.0
karimnagar,949591,3811738.0,56.142857142857146,30.0,1.031347962382445,597642.0,0,200000.0
karimnagar,949591,3811738.0,56.142857142857146,30.0,1.031347962382445,1088155.0,0,200000.0
karimnagar,949591,3811738.0,56.142857142857146,30.0,1.031347962382445,1090639.0,0,200000.0
karimnagar,949591,3811738.0,56.142857142857146,30.0,1.031347962382445,1604219.0,0,200000.0
karimnagar,949591,3811738.0,56.142857142857146,30.0,1.031347962382445,2289360.0,0,200000.0
karimnagar,949591,3811738.0,56.142857142857146,30.0,1.031347962382445,3037633.0,0,200000.0
karimnagar,949591,3811738.0,56.142857142857146,30.0,1.031347962382445,3030914.0,0,200000.0
karimnagar,949591,3811738.0,56.142857142857146,30.0,1.031347962382445,4242409.0,0,200000.0
karimnagar,949591,3811738.0,56.142857142857146,30.0,1.031347962382445,6853847.0,0,200000.0
karimnagar,949591,3811738.0,56.142857142857146,30.0,1.031347962382445,6934134.0,0,200000.0
karimnagar,949591,3811738.0,56.142857142857146,30.0,1.031347962382445,8548354.0,0,189126.1576585218
karimnagar,949591,3811738.0,56.142857142857146,30.0,1.031347962382445,10704240.0,0,200000.0
karimnagar,949591,3811738.0,56.142857142857146,30.0,1.031347962382445,13040240.0,0,200000.0
karimnagar,949591,3811738.0,56.142857142857146,30.0,1.031347962382445,14698433.0,0,200000.0
karimnagar,949591,3811738.0,56.142857142857146,30.0,1.031347962382445,17621343.0,0,200000.0
karimnagar,949591,3811738.0,56.142857142857146,30.0,1.031347962382445,17095584.0,0,200000.0
karimnagar,949591,3811738.0,56.142857142857146,30.0,1.031347962382445,19056918.0,0,200000.0
medak,683731,3031877.0,54.285714285714285,38.0,1.1458699472759226,1047786.5,1,187956.08583694967
hyderabad,1349467,4010238.0,209.57142857142856,31.0,1.2838878674801244,2545507.0,0,200000.0
hyderabad,1349467,4010238.0,209.57142857142856,31.0,1.2838878674801244,3156805.0,0,200000.0
hyderabad,1349467,4010238.0,209.57142857142856,31.0,1.2838878674801244,5786941.0,0,200000.0
hyderabad,1349467,4010238.0,209.57142857142856,31.0,1.2838878674801244,9360515.0,0,200000.0
hyderabad,1349467,4010238.0,209.57142857142856,31.0,1.2838878674801244,24838664.0,0,200000.0
hyderabad,1349467,4010238.0,209.57142857142856,31.0,1.2838878674801244,43511186.0,0,200000.0
hyderabad,1349467,4010238.0,209.57142857142856,31.0,1.2838878674801244,55159072.0,0,200000.0
hyderabad,1349467,4010238.0,209.57142857142856,31.0,1.2838878674801244,72987282.0,0,200000.0
hyderabad,1349467,4010238.0,209.57142857142856,31.0,1.2838878674801244,94177232.0,0,200000.0
hyderabad,1349467,4010238.0,209.57142857142856,31.0,1.2838878674801244,56374644.0,0,200000.0
hyderabad,1349467,4010238.0,209.57142857142856,31.0,1.2838878674801244,99285803.0,0,200000.0
hyderabad,1349467,4010238.0,209.57142857142856,31.0,1.2838878674801244,117008707.0,0,200000.0
hyderabad,1349467,4010238.0,209.57142857142856,31.0,1.2838878674801244,169703372.0,0,200000.0
hyderabad,1349467,4010238.0,209.57142857142856,31.0,1.2838878674801244,212326623.0,0,200000.0
hyderabad,1349467,4010238.0,209.57142857142856,31.0,1.2838878674801244,262028284.0,0,200000.0
hyderabad,1349467,4010238.0,209.57142857142856,31.0,1.2838878674801244,325636475.0,0,200000.0
hyderabad,1349467,4010238.0,209.57142857142856,31.0,1.2838878674801244,372711414.0,0,200000.0
hyderabad,1349467,4010238.0,209.57142857142856,31.0,1.2838878674801244,446470234.0,0,200000.0
hyderabad,1349467,4010238.0,209.57142857142856,31.0,1.2838878674801244,1018658174.0,0,200000.0
hyderabad,1349467,4010238.0,209.57142857142856,31.0,1.2838878674801244,1133829812.0,0,200000.0
rangareddy,1589244,1698560.0,58.42857142857143,37.0,1.2838878674801244,1459174.0,0,200000.0
rangareddy,1589244,1698560.0,58.42857142857143,37.0,1.2838878674801244,1939856.0,0,200000.0
rangareddy,1589244,1698560.0,58.42857142857143,37.0,1.2838878674801244,3664948.0,0,200000.0
rangareddy,1589244,1698560.0,58.42857142857143,37.0,1.2838878674801244,5803319.0,0,200000.0
rangareddy,1589244,1698560.0,58.42857142857143,37.0,1.2838878674801244,12952050.0,0,200000.0
rangareddy,1589244,1698560.0,58.42857142857143,37.0,1.2838878674801244,16348519.0,0,200000.0
rangareddy,1589244,1698560.0,58.42857142857143,37.0,1.2838878674801244,23655175.0,0,200000.0
rangareddy,1589244,1698560.0,58.42857142857143,37.0,1.2838878674801244,31237803.0,0,200000.0
rangareddy,1589244,1698560.0,58.42857142857143,37.0,1.2838878674801244,31802492.0,0,200000.0
rangareddy,1589244,1698560.0,58.42857142857143,37.0,1.2838878674801244,18068048.0,0,200000.0
rangareddy,1589244,1698560.0,58.42857142857143,37.0,1.2838878674801244,29573243.0,0,200000.0
rangareddy,1589244,1698560.0,58.42857142857143,37.0,1.2838878674801244,53405219.0,0,200000.0
rangareddy,1589244,1698560.0,58.42857142857143,37.0,1.2838878674801244,60675056.0,0,200000.0
rangareddy,1589244,1698560.0,58.42857142857143,37.0,1.2838878674801244,63155281.0,0,200000.0
rangareddy,1589244,1698560.0,58.42857142857143,37.0,1.2838878674801244,87884143.0,0,200000.0
rangareddy,1589244,1698560.0,58.42857142857143,37.0,1.2838878674801244,111354739.0,0,200000.0
rangareddy,1589244,1698560.0,58.42857142857143,37.0,1.2838878674801244,127675017.0,0,200000.0
rangareddy,1589244,1698560.0,58.42857142857143,37.0,1.2838878674801244,161888380.0,0,200000.0
rangareddy,1589244,1698560.0,58.42857142857143,37.0,1.2838878674801244,169029273.0,0,200000.0
rangareddy,1589244,1698560.0,58.42857142857143,37.0,1.2838878674801244,191136402.0,0,200000.0
mahbubnagar,782260,4042191.0,58.42857142857143,31.0,1.2838878674801244,1047786.5,1,200000.0
nalgonda,840262,3483648.0,57.285714285714285,35.0,1.1284686536485098,204137.0,0,200000.0
nalgonda,840262,3483648.0,57.285714285714285,35.0,1.1284686536485098,246677.0,0,200000.0
nalgonda,840262,3483648.0,57.285714285714285,35.0,1.1284686536485098,336447.0,0,200000.0
nalgonda,840262,3483648.0,57.285714285714285,35.0,1.1284686536485098,520637.0,0,200000.0
nalgonda,840262,3483648.0,57.285714285714285,35.0,1.1284686536485098,995740.0,0,200000.0
nalgonda,840262,3483648.0,57.285714285714285,35.0,1.1284686536485098,982589.0,0,200000.0
nalgonda,840262,3483648.0,57.285714285714285,35.0,1.1284686536485098,1306394.0,0,200000.0
nalgonda,840262,3483648.0,57.285714285714285,35.0,1.1284686536485098,1934313.0,0,200000.0
nalgonda,840262,3483648.0,57.285714285714285,35.0,1.1284686536485098,2636023.0,0,193537.4588598387
nalgonda,840262,3483648.0,57.285714285714285,35.0,1.1284686536485098,3786127.0,0,200000.0
nalgonda,840262,3483648.0,57.285714285714285,35.0,1.1284686536485098,5228596.0,0,200000.0
nalgonda,840262,3483648.0,57.285714285714285,35.0,1.1284686536485098,7966177.0,0,200000.0
nalgonda,840262,3483648.0,57.285714285714285,35.0,1.1284686536485098,8018559.0,0,200000.0
nalgonda,840262,3483648.0,57.285714285714285,35.0,1.1284686536485098,10161723.0,0,200000.0
nalgonda,840262,3483648.0,57.285714285714285,35.0,1.1284686536485098,11844124.0,0,200000.0
nalgonda,840262,3483648.0,57.285714285714285,35.0,1.1284686536485098,14645444.0,0,197839.4320566799
nalgonda,840262,3483648.0,57.285714285714285,35.0,1.1284686536485098,17014104.0,0,200000.0
nalgonda,840262,3483648.0,57.285714285714285,35.0,1.1284686536485098,19977314.0,0,200000.0
nalgonda,840262,3483648.0,57.285714285714285,35.0,1.1284686536485098,19442094.0,0,200000.0
nalgonda,840262,3483648.0,57.285714285714285,35.0,1.1284686536485098,21928009.0,0,200000.0
warangal,885233,3522644.0,65.28571428571429,30.0,1.2838878674801244,1047786.5,1,190398.2689268143
khammam,728594,2798214.0,54.142857142857146,29.0,1.072900158478605,183964.0,0,200000.0
khammam,728594,2798214.0,54.142857142857146,29.0,1.072900158478605,239474.0,0,200000.0
khammam,728594,2798214.0,54.142857142857146,29.0,1.072900158478605,299774.0,0,200000.0
khammam,728594,2798214.0,54.142857142857146,29.0,1.072900158478605,462678.0,0,195431.7340292072
khammam,728594,2798214.0,54.142857142857146,29.0,1.072900158478605,854495.0,0,200000.0
khammam,728594,2798214.0,54.142857142857146,29.0,1.072900158478605,926878.0,0,200000.0
khammam,728594,2798214.0,54.142857142857146,29.0,1.072900158478605,1352931.0,0,196423.6258111492
khammam,728594,2798214.0,54.142857142857146,29.0,1.072900158478605,1917973.0,0,193434.48118593125
khammam,728594,2798214.0,54.142857142857146,29.0,1.072900158478605,2537352.0,0,157992.25492543913
khammam,728594,2798214.0,54.142857142857146,29.0,1.072900158478605,3329665.0,0,184735.09786397585
khammam,728594,2798214.0,54.142857142857146,29.0,1.072900158478605,4612672.0,0,200000.0
khammam,728594,2798214.0,54.142857142857146,29.0,1.072900158478605,7035947.0,0,200000.0
khammam,728594,2798214.0,54.142857142857146,29.0,1.072900158478605,7140986.0,0,187087.36794331248
khammam,728594,2798214.0,54.142857142857146,29.0,1.072900158478605,9096326.0,0,200000.0
khammam,728594,2798214.0,54.142857142857146,29.0,1.072900158478605,10938504.0,0,200000.0
khammam,728594,2798214.0,54.142857142857146,29.0,1.072900158478605,13424236.0,0,200000.0
khammam,728594,2798214.0,54.142857142857146,29.0,1.072900158478605,15266245.0,0,198004.53153898547
khammam,728594,2798214.0,54.142857142857146,29.0,1.072900158478605,17688119.0,0,200000.0
khammam,728594,2798214.0,54.142857142857146,29.0,1.072900158478605,17010697.0,0,200000.0
khammam,728594,2798214.0,54.142857142857146,29.0,1.072900158478605,18924276.0,0,200000.0
srikakulam,637557,2699471.0,59.142857142857146,48.0,1.228222109016811,1047786.5,1,185667.91807632588
vizianagaram,530885,2342868.0,58.42857142857143,50.0,1.3076923076923077,1047786.5,1,156771.5389957071
visakhapatnam,1145371,4288113.0,78.14285714285714,31.0,1.2838878674801244,1256469.0,0,200000.0
visakhapatnam,1145371,4288113.0,78.14285714285714,31.0,1.2838878674801244,1641192.0,0,200000.0
visakhapatnam,1145371,4288113.0,78.14285714285714,31.0,1.2838878674801244,3394576.0,0,200000.0
visakhapatnam,1145371,4288113.0,78.14285714285714,31.0,1.2838878674801244,4791421.0,0,200000.0
visakhapatnam,1145371,4288113.0,78.14285714285714,31.0,1.2838878674801244,9690866.0,0,200000.0
visakhapatnam,1145371,4288113.0,78.14285714285714,31.0,1.2838878674801244,11705738.0,0,200000.0
visakhapatnam,1145371,4288113.0,78.14285714285714,31.0,1.2838878674801244,16694947.0,0,200000.0
visakhapatnam,1145371,4288113.0,78.14285714285714,31.0,1.2838878674801244,23594874.0,0,200000.0
visakhapatnam,1145371,4288113.0,78.14285714285714,31.0,1.2838878674801244,27115031.0,0,200000.0
visakhapatnam,1145371,4288113.0,78.14285714285714,31.0,1.2838878674801244,25300401.0,0,200000.0
visakhapatnam,1145371,4288113.0,78.14285714285714,31.0,1.2838878674801244,34421299.0,0,200000.0
visakhapatnam,1145371,4288113.0,78.14285714285714,31.0,1.2838878674801244,46551467.0,0,200000.0
visakhapatnam,1145371,4288113.0,78.14285714285714,31.0,1.2838878674801244,48248923.0,0,200000.0
visakhapatnam,1145371,4288113.0,78.14285714285714,31.0,1.2838878674801244,54390299.0,0,200000.0
visakhapatnam,1145371,4288113.0,78.14285714285714,31.0,1.2838878674801244,69220981.0,0,200000.0
visakhapatnam,1145371,4288113.0,78.14285714285714,31.0,1.2838878674801244,82711538.0,0,200000.0
visakhapatnam,1145371,4288113.0,78.14285714285714,31.0,1.2838878674801244,88233362.0,0,200000.0
visakhapatnam,1145371,4288113.0,78.14285714285714,31.0,1.2838878674801244,101387402.0,0,200000.0
visakhapatnam,1145371,4288113.0,78.14285714285714,31.0,1.2838878674801244,97434546.0,0,200000.0
visakhapatnam,1145371,4288113.0,78.14285714285714,31.0,1.2838878674801244,103790055.0,0,200000.0
east godavari,1571644,5151549.0,63.57142857142857,42.0,1.289739500265816,943935.0,0,200000.0
east godavari,1571644,5151549.0,63.57142857142857,42.0,1.289739500265816,1221677.0,0,200000.0
east godavari,1571644,5151549.0,63.57142857142857,42.0,1.289739500265816,3226907.0,0,200000.0
east godavari,1571644,5151549.0,63.57142857142857,42.0,1.289739500265816,3052762.0,0,200000.0
east godavari,1571644,5151549.0,63.57142857142857,42.0,1.289739500265816,5440146.0,0,200000.0
east godavari,1571644,5151549.0,63.57142857142857,42.0,1.289739500265816,4699261.0,0,200000.0
east godavari,1571644,5151549.0,63.57142857142857,42.0,1.289739500265816,6537303.0,0,200000.0
east godavari,1571644,5151549.0,63.57142857142857,42.0,1.289739500265816,9285739.0,0,200000.0
east godavari,1571644,5151549.0,63.57142857142857,42.0,1.289739500265816,11346242.0,0,200000.0
east godavari,1571644,5151549.0,63.57142857142857,42.0,1.289739500265816,13130334.0,0,200000.0
east godavari,1571644,5151549.0,63.57142857142857,42.0,1.289739500265816,17972431.0,0,200000.0
east godavari,1571644,5151549.0,63.57142857142857,42.0,1.289739500265816,25989490.0,0,200000.0
east godavari,1571644,5151549.0,63.57142857142857,42.0,1.289739500265816,26190701.0,0,200000.0
east godavari,1571644,5151549.0,63.57142857142857,42.0,1.289739500265816,31717908.0,0,200000.0
east godavari,1571644,5151549.0,63.57142857142857,42.0,1.289739500265816,39572714.0,0,200000.0
east godavari,1571644,5151549.0,63.57142857142857,42.0,1.289739500265816,48992531.0,0,200000.0
east godavari,1571644,5151549.0,63.57142857142857,42.0,1.289739500265816,54738830.0,0,200000.0
east godavari,1571644,5151549.0,63.57142857142857,42.0,1.289739500265816,62072845.0,0,200000.0
east godavari,1571644,5151549.0,63.57142857142857,42.0,1.289739500265816,61467134.0,0,200000.0
east godavari,1571644,5151549.0,63.57142857142857,42.0,1.289739500265816,68016055.0,0,200000.0
west godavari,1273166,3934782.0,66.71428571428571,34.0,1.1265709156193895,577090.0,0,200000.0
west godavari,1273166,3934782.0,66.71428571428571,34.0,1.1265709156193895,786033.0,0,200000.0
west godavari,1273166,3934782.0,66.71428571428571,34.0,1.1265709156193895,1431282.0,0,200000.0
west godavari,1273166,3934782.0,66.71428571428571,34.0,1.1265709156193895,16015685.0,0,200000.0
west godavari,1273166,3934782.0,66.71428571428571,34.0,1.1265709156193895,20950964.0,0,200000.0
west godavari,1273166,3934782.0,66.71428571428571,34.0,1.1265709156193895,26245039.0,0,200000.0
west godavari,1273166,3934782.0,66.71428571428571,34.0,1.1265709156193895,33235175.0,0,200000.0
west godavari,1273166,3934782.0,66.71428571428571,34.0,1.1265709156193895,37271259.0,0,200000.0
west godavari,1273166,3934782.0,66.71428571428571,34.0,1.1265709156193895,44409239.0,0,200000.0
west godavari,1273166,3934782.0,66.71428571428571,34.0,1.1265709156193895,43635951.0,0,200000.0
west godavari,1273166,3934782.0,66.71428571428571,34.0,1.1265709156193895,47919930.0,0,200000.0
krishna,1410759,4529009.0,70.14285714285714,42.0,1.1112099644128113,863935.0,0,200000.0
krishna,1410759,4529009.0,70.14285714285714,42.0,1.1112099644128113,1224987.0,0,200000.0
krishna,1410759,4529009.0,70.14285714285714,42.0,1.1112099644128113,2396934.0,0,200000.0
krishna,1410759,4529009.0,70.14285714285714,42.0,1.1112099644128113,2839161.0,0,200000.0
krishna,1410759,4529009.0,70.14285714285714,42.0,1.1112099644128113,5443981.0,0,200000.0
krishna,1410759,4529009.0,70.14285714285714,42.0,1.1112099644128113,6428472.0,0,200000.0
krishna,1410759,4529009.0,70.14285714285714,42.0,1.1112099644128113,8408474.0,0,200000.0
krishna,1410759,4529009.0,70.14285714285714,42.0,1.1112099644128113,11719402.0,0,200000.0
krishna,1410759,4529009.0,70.14285714285714,42.0,1.1112099644128113,12175289.0,0,200000.0
krishna,1410759,4529009.0,70.14285714285714,42.0,1.1112099644128113,12313709.0,0,200000.0
krishna,1410759,4529009.0,70.14285714285714,42.0,1.1112099644128113,19110457.0,0,200000.0
krishna,1410759,4529009.0,70.14285714285714,42.0,1.1112099644128113,27981050.0,0,200000.0
krishna,1410759,4529009.0,70.14285714285714,42.0,1.1112099644128113,29717175.0,0,200000.0
krishna,1410759,4529009.0,70.14285714285714,42.0,1.1112099644128113,36370960.0,0,200000.0
krishna,1410759,4529009.0,70.14285714285714,42.0,1.1112099644128113,44828275.0,0,200000.0
krishna,1410759,4529009.0,70.14285714285714,42.0,1.1112099644128113,55489829.0,0,200000.0
krishna,1410759,4529009.0,70.14285714285714,42.0,1.1112099644128113,61826199.0,0,200000.0
krishna,1410759,4529009.0,70.14285714285714,42.0,1.1112099644128113,73525814.0,0,200000.0
krishna,1410759,4529009.0,70.14285714285714,42.0,1.1112099644128113,71051144.0,0,200000.0
krishna,1410759,4529009.0,70.14285714285714,42.0,1.1112099644128113,76526667.0,0,200000.0
guntur,1325715,4889230.0,70.28571428571429,39.0,1.1053604436229203,815932.0,0,200000.0
guntur,1325715,4889230.0,70.28571428571429,39.0,1.1053604436229203,1088101.0,0,200000.0
guntur,1325715,4889230.0,70.28571428571429,39.0,1.1053604436229203,1912529.0,0,200000.0
guntur,1325715,4889230.0,70.28571428571429,39.0,1.1053604436229203,2546620.0,0,200000.0
guntur,1325715,4889230.0,70.28571428571429,39.0,1.1053604436229203,4846553.0,0,200000.0
guntur,1325715,4889230.0,70.28571428571429,39.0,1.1053604436229203,5005275.0,0,200000.0
guntur,1325715,4889230.0,70.28571428571429,39.0,1.1053604436229203,6942304.0,0,200000.0
guntur,1325715,4889230.0,70.28571428571429,39.0,1.1053604436229203,9761330.0,0,200000.0
guntur,1325715,4889230.0,70.28571428571429,39.0,1.1053604436229203,11493331.0,0,200000.0
guntur,1325715,4889230.0,70.28571428571429,39.0,1.1053604436229203,12308707.0,0,200000.0
guntur,1325715,4889230.0,70.28571428571429,39.0,1.1053604436229203,17601395.0,0,200000.0
guntur,1325715,4889230.0,70.28571428571429,39.0,1.1053604436229203,26136538.0,0,200000.0
guntur,1325715,4889230.0,70.28571428571429,39.0,1.1053604436229203,27445045.0,0,200000.0
guntur,1325715,4889230.0,70.28571428571429,39.0,1.1053604436229203,32968819.0,0,200000.0
guntur,1325715,4889230.0,70.28571428571429,39.0,1.1053604436229203,41675093.0,0,200000.0
guntur,1325715,4889230.0,70.28571428571429,39.0,1.1053604436229203,50919286.0,0,200000.0
guntur,1325715,4889230.0,70.28571428571429,39.0,1.1053604436229203,57226996.0,0,200000.0
guntur,1325715,4889230.0,70.28571428571429,39.0,1.1053604436229203,66315749.0,0,200000.0
guntur,1325715,4889230.0,70.28571428571429,39.0,1.1053604436229203,65612317.0,0,200000.0
guntur,1325715,4889230.0,70.28571428571429,39.0,1.1053604436229203,70723763.0,0,200000.0
prakasam,796749,3392764.0,58.42857142857143,47.0,1.2304316020482808,534757.0,0,200000.0
prakasam,796749,3392764.0,58.42857142857143,47.0,1.2304316020482808,739991.0,0,174459.85915624094
prakasam,796749,3392764.0,58.42857142857143,47.0,1.2304316020482808,1319651.0,0,200000.0
prakasam,796749,3392764.0,58.42857142857143,47.0,1.2304316020482808,1692862.0,0,200000.0
prakasam,796749,3392764.0,58.42857142857143,47.0,1.2304316020482808,2931081.0,0,194995.8580880956
prakasam,796749,3392764.0,58.42857142857143,47.0,1.2304316020482808,2670529.0,0,200000.0
prakasam,796749,3392764.0,58.42857142857143,47.0,1.2304316020482808,3430750.0,0,200000.0
prakasam,796749,3392764.0,58.42857142857143,47.0,1.2304316020482808,4865473.0,0,200000.0
prakasam,796749,3392764.0,58.42857142857143,47.0,1.2304316020482808,6318396.0,0,187652.46580255387
prakasam,796749,3392764.0,58.42857142857143,47.0,1.2304316020482808,8844580.0,0,200000.0
prakasam,796749,3392764.0,58.42857142857143,47.0,1.2304316020482808,12266310.0,0,185966.0970766093
prakasam,796749,3392764.0,58.42857142857143,47.0,1.2304316020482808,16176867.0,0,171229.32691883936
prakasam,796749,3392764.0,58.42857142857143,47.0,1.2304316020482808,19944047.0,0,200000.0
prakasam,796749,3392764.0,58.42857142857143,47.0,1.2304316020482808,24116580.0,0,200000.0
prakasam,796749,3392764.0,58.42857142857143,47.0,1.2304316020482808,27858275.0,0,200000.0
prakasam,796749,3392764.0,58.42857142857143,47.0,1.2304316020482808,31340975.0,0,133003.89018000377
prakasam,796749,3392764.0,58.42857142857143,47.0,1.2304316020482808,36163507.0,0,200000.0
prakasam,796749,3392764.0,58.42857142857143,47.0,1.2304316020482808,35376080.0,0,200000.0
prakasam,796749,3392764.0,58.42857142857143,47.0,1.2304316020482808,37211077.0,0,200000.0
sri potti sriramulu nellore,820267,1698560.0,58.42857142857143,31.0,1.2838878674801244,1047786.5,1,200000.0
y.s.r.,722067,1698560.0,58.42857142857143,31.0,1.1304347826086956,1047786.5,1,200000.0
kurnool,880792,4046601.0,52.285714285714285,41.0,1.1893382352941178,679623.0,0,200000.0
kurnool,880792,4046601.0,52.285714285714285,41.0,1.1893382352941178,968439.0,0,200000.0
kurnool,880792,4046601.0,52.285714285714285,41.0,1.1893382352941178,2921189.0,0,197532.1048223185
kurnool,880792,4046601.0,52.285714285714285,41.0,1.1893382352941178,2508530.0,0,200000.0
kurnool,880792,4046601.0,52.285714285714285,41.0,1.1893382352941178,4193432.0,0,200000.0
kurnool,880792,4046601.0,52.285714285714285,41.0,1.1893382352941178,3895824.0,0,200000.0
kurnool,880792,4046601.0,52.285714285714285,41.0,1.1893382352941178,5139134.0,0,200000.0
kurnool,880792,4046601.0,52.285714285714285,41.0,1.1893382352941178,7001958.0,0,200000.0
kurnool,880792,4046601.0,52.285714285714285,41.0,1.1893382352941178,8246869.0,0,200000.0
kurnool,880792,4046601.0,52.285714285714285,41.0,1.1893382352941178,9821381.0,0,200000.0
kurnool,880792,4046601.0,52.285714285714285,41.0,1.1893382352941178,13243292.0,0,200000.0
kurnool,880792,4046601.0,52.285714285714285,41.0,1.1893382352941178,18737323.0,0,200000.0
kurnool,880792,4046601.0,52.285714285714285,41.0,1.1893382352941178,17918524.0,0,200000.0
kurnool,880792,4046601.0,52.285714285714285,41.0,1.1893382352941178,21972396.0,0,200000.0
kurnool,880792,4046601.0,52.285714285714285,41.0,1.1893382352941178,26377809.0,0,200000.0
kurnool,880792,4046601.0,52.285714285714285,41.0,1.1893382352941178,31782248.0,0,200000.0
kurnool,880792,4046601.0,52.285714285714285,41.0,1.1893382352941178,35093633.0,0,200000.0
kurnool,880792,4046601.0,52.285714285714285,41.0,1.1893382352941178,40165692.0,0,200000.0
kurnool,880792,4046601.0,52.285714285714285,41.0,1.1893382352941178,39557913.0,0,200000.0
kurnool,880792,4046601.0,52.285714285714285,41.0,1.1893382352941178,43524766.0,0,200000.0
anantapur,972486,4083315.0,58.42857142857143,49.0,1.187551867219917,638664.0,0,200000.0
anantapur,972486,4083315.0,58.42857142857143,49.0,1.187551867219917,937023.0,0,200000.0
anantapur,972486,4083315.0,58.42857142857143,49.0,1.187551867219917,1815215.0,0,200000.0
anantapur,972486,4083315.0,58.42857142857143,49.0,1.187551867219917,2286391.0,0,200000.0
anantapur,972486,4083315.0,58.42857142857143,49.0,1.187551867219917,3891336.0,0,200000.0
anantapur,972486,4083315.0,58.42857142857143,49.0,1.187551867219917,3578836.0,0,200000.0
anantapur,972486,4083315.0,58.42857142857143,49.0,1.187551867219917,4889720.0,0,200000.0
anantapur,972486,4083315.0,58.42857142857143,49.0,1.187551867219917,6764112.0,0,200000.0
anantapur,972486,4083315.0,58.42857142857143,49.0,1.187551867219917,8466129.0,0,200000.0
anantapur,972486,4083315.0,58.42857142857143,49.0,1.187551867219917,10473739.0,0,200000.0
anantapur,972486,4083315.0,58.42857142857143,49.0,1.187551867219917,14447683.0,0,200000.0
anantapur,972486,4083315.0,58.42857142857143,49.0,1.187551867219917,20996384.0,0,200000.0
anantapur,972486,4083315.0,58.42857142857143,49.0,1.187551867219917,20102957.0,0,200000.0
anantapur,972486,4083315.0,58.42857142857143,49.0,1.187551867219917,25123346.0,0,200000.0
anantapur,972486,4083315.0,58.42857142857143,49.0,1.187551867219917,30366444.0,0,200000.0
anantapur,972486,4083315.0,58.42857142857143,49.0,1.187551867219917,36129136.0,0,200000.0
anantapur,972486,4083315.0,58.42857142857143,49.0,1.187551867219917,40613148.0,0,200000.0
anantapur,972486,4083315.0,58.42857142857143,49.0,1.187551867219917,46099366.0,0,200000.0
anantapur,972486,4083315.0,58.42857142857143,49.0,1.187551867219917,45165363.0,0,200000.0
anantapur,972486,4083315.0,58.42857142857143,49.0,1.187551867219917,48299601.0,0,200000.0
chittoor,1183084,4170468.0,49.42857142857143,45.0,1.125,830324.0,0,200000.0
chittoor,1183084,4170468.0,49.42857142857143,45.0,1.125,1185723.0,0,200000.0
chittoor,1183084,4170468.0,49.42857142857143,45.0,1.125,2297429.0,0,200000.0
chittoor,1183084,4170468.0,49.42857142857143,45.0,1.125,3166201.0,0,200000.0
chittoor,1183084,4170468.0,49.42857142857143,45.0,1.125,6486813.0,0,200000.0
chittoor,1183084,4170468.0,49.42857142857143,45.0,1.125,5983308.0,0,200000.0
chittoor,1183084,4170468.0,49.42857142857143,45.0,1.125,8201783.0,0,200000.0
chittoor,1183084,4170468.0,49.42857142857143,45.0,1.125,11246986.0,0,200000.0
chittoor,1183084,4170468.0,49.42857142857143,45.0,1.125,13257740.0,0,200000.0
chittoor,1183084,4170468.0,49.42857142857143,45.0,1.125,14848197.0,0,200000.0
chittoor,1183084,4170468.0,49.42857142857143,45.0,1.125,20501863.0,0,200000.0
chittoor,1183084,4170468.0,49.42857142857143,45.0,1.125,29590411.0,0,200000.0
chittoor,1183084,4170468.0,49.42857142857143,45.0,1.125,29342609.0,0,200000.0
chittoor,1183084,4170468.0,49.42857142857143,45.0,1.125,34344902.0,0,200000.0
chittoor,1183084,4170468.0,49.42857142857143,45.0,1.125,42628568.0,0,200000.0
chittoor,1183084,4170468.0,49.42857142857143,45.0,1.125,51119640.0,0,200000.0
chittoor,1183084,4170468.0,49.42857142857143,45.0,1.125,58561024.0,0,200000.0
chittoor,1183084,4170468.0,49.42857142857143,45.0,1.125,67507661.0,0,200000.0
chittoor,1183084,4170468.0,49.42857142857143,45.0,1.125,65751781.0,0,200000.0
chittoor,1183084,4170468.0,49.42857142857143,45.0,1.125,70322534.0,0,200000.0
belgaum,1326484,4778439.0,41.42857142857143,31.0,1.2838878674801244,1047786.5,1,200000.0
bagalkot,472024,1890826.0,58.42857142857143,31.0,1.286144578313253,1047786.5,1,137540.42816582648
bijapur,517702,1698560.0,58.42857142857143,28.0,1.8595890410958904,1047786.5,1,127642.80885593253
bidar,445475,1700018.0,39.57142857142857,30.0,1.224770642201835,148528.0,0,121065.32734364967
bidar,445475,1700018.0,39.57142857142857,30.0,1.224770642201835,201824.0,0,124797.74609359266
raichur,402556,1924773.0,43.42857142857143,40.0,1.3153759820426487,1047786.5,1,117367.20404893199
koppal,340300,1391292.0,58.42857142857143,41.0,1.200310559006211,1047786.5,1,76796.9235248804
gadag,302999,1065235.0,58.42857142857143,34.0,1.1591591591591592,1047786.5,1,102916.83093758223
dharwad,589888,1846993.0,60.285714285714285,31.0,1.2172701949860725,204568.0,0,163445.4398934652
dharwad,589888,1846993.0,60.285714285714285,31.0,1.2172701949860725,280837.0,0,149257.66575135663
dharwad,589888,1846993.0,60.285714285714285,31.0,1.2172701949860725,431588.0,0,172790.33112294492
dharwad,589888,1846993.0,60.285714285714285,31.0,1.2172701949860725,632389.0,0,121214.54991067344
dharwad,589888,1846993.0,60.285714285714285,31.0,1.2172701949860725,1312093.0,0,172123.76423602345
dharwad,589888,1846993.0,60.285714285714285,31.0,1.2172701949860725,2084046.0,0,181871.81935181306
dharwad,589888,1846993.0,60.285714285714285,31.0,1.2172701949860725,3529480.0,0,110353.46783524966
dharwad,589888,1846993.0,60.285714285714285,31.0,1.2172701949860725,4934246.0,0,185412.87976468186
dharwad,589888,1846993.0,60.285714285714285,31.0,1.2172701949860725,5171963.0,0,174180.03330965765
dharwad,589888,1846993.0,60.285714285714285,31.0,1.2172701949860725,4199998.0,0,173460.17076204898
dharwad,589888,1846993.0,60.285714285714285,31.0,1.2172701949860725,6653211.0,0,155006.604207946
dharwad,589888,1846993.0,60.285714285714285,31.0,1.2172701949860725,9872445.0,0,174305.84972430993
dharwad,589888,1846993.0,60.285714285714285,31.0,1.2172701949860725,11396406.0,0,149894.21351202377
dharwad,589888,1846993.0,60.285714285714285,31.0,1.2172701949860725,11462786.0,0,143486.45776133283
dharwad,589888,1846993.0,60.285714285714285,31.0,1.2172701949860725,17187010.0,0,157062.3702200847
dharwad,589888,1846993.0,60.285714285714285,31.0,1.2172701949860725,21979264.0,0,143260.7604852673
dharwad,589888,1846993.0,60.285714285714285,31.0,1.2172701949860725,25761398.0,0,184486.97234917973
dharwad,589888,1846993.0,60.285714285714285,31.0,1.2172701949860725,30334488.0,0,137813.59100048972
dharwad,589888,1846993.0,60.285714285714285,31.0,1.2172701949860725,25927571.0,0,176323.24694406582
dharwad,589888,1846993.0,60.285714285714285,31.0,1.2172701949860725,27717085.0,0,161594.66117162147
uttara kannada,499807,1436847.0,57.42857142857143,28.0,1.2838878674801244,1047786.5,1,78662.79739210346
haveri,481650,1598506.0,58.42857142857143,33.0,1.164819944598338,1047786.5,1,133585.9260234308
bellary,608181,2532383.0,57.57142857142857,31.0,1.2838878674801244,1047786.5,1,183388.32856188
chitradurga,480204,1660378.0,33.57142857142857,32.0,1.307549504950495,1047786.5,1,156428.80126139135
davanagere,587903,1946905.0,58.42857142857143,32.0,1.2838878674801244,1351913.0,0,137074.82040267315
davanagere,587903,1946905.0,58.42857142857143,32.0,1.2838878674801244,2063312.0,0,197522.08153134544
davanagere,587903,1946905.0,58.42857142857143,32.0,1.2838878674801244,2704786.0,0,150349.97848238106
davanagere,587903,1946905.0,58.42857142857143,32.0,1.2838878674801244,5205295.0,0,174520.70741654778
davanagere,587903,1946905.0,58.42857142857143,32.0,1.2838878674801244,7262656.0,0,171591.84920493924
davanagere,587903,1946905.0,58.42857142857143,32.0,1.2838878674801244,9322884.0,0,163352.28201831089
davanagere,587903,1946905.0,58.42857142857143,32.0,1.2838878674801244,11241732.0,0,126137.371521249
davanagere,587903,1946905.0,58.42857142857143,32.0,1.2838878674801244,15967687.0,0,160555.1496891881
davanagere,587903,1946905.0,58.42857142857143,32.0,1.2838878674801244,19885521.0,0,147710.41512394656
davanagere,587903,1946905.0,58.42857142857143,32.0,1.2838878674801244,22581033.0,0,124477.92832207926
davanagere,587903,1946905.0,58.42857142857143,32.0,1.2838878674801244,28378650.0,0,164619.03346969828
shimoga,588078,1755512.0,58.42857142857143,31.0,1.2838878674801244,1047786.5,1,167949.46871757193
udupi,460725,1177908.0,58.42857142857143,32.0,1.0766129032258065,1047786.5,1,155836.98711080878
chikmagalur,380088,1698560.0,58.42857142857143,31.0,1.2838878674801244,1047786.5,1,116104.43231481072
tumkur,807367,2681449.0,38.42857142857143,31.0,1.2838878674801244,1047786.5,1,200000.0
bangalore,3434235,1698560.0,171.14285714285714,31.0,1.2838878674801244,1047786.5,1,200000.0
mandya,510981,1808680.0,42.142857142857146,27.0,1.308214947498456,1047786.5,1,157367.8833086731
hassan,556420,1776221.0,54.0,31.0,1.3324587706146926,1047786.5,1,168514.78281004154
dakshina kannada,802304,2083625.0,92.71428571428572,36.0,1.2838878674801244,185407.0,0,200000.0
dakshina kannada,802304,2083625.0,92.71428571428572,36.0,1.2838878674801244,262880.0,0,200000.0
dakshina kannada,802304,2083625.0,92.71428571428572,36.0,1.2838878674801244,363684.0,0,200000.0
dakshina kannada,802304,2083625.0,92.71428571428572,36.0,1.2838878674801244,572445.0,0,200000.0
dakshina kannada,802304,2083625.0,92.71428571428572,36.0,1.2838878674801244,1086942.0,0,200000.0
dakshina kannada,802304,2083625.0,92.71428571428572,36.0,1.2838878674801244,1632538.0,0,200000.0
dakshina kannada,802304,2083625.0,92.71428571428572,36.0,1.2838878674801244,3129205.0,0,200000.0
dakshina kannada,802304,2083625.0,92.71428571428572,36.0,1.2838878674801244,4307358.0,0,200000.0
dakshina kannada,802304,2083625.0,92.71428571428572,36.0,1.2838878674801244,4233207.0,0,200000.0
dakshina kannada,802304,2083625.0,92.71428571428572,36.0,1.2838878674801244,3531912.0,0,200000.0
dakshina kannada,802304,2083625.0,92.71428571428572,36.0,1.2838878674801244,5509516.0,0,200000.0
dakshina kannada,802304,2083625.0,92.71428571428572,36.0,1.2838878674801244,7794258.0,0,182575.27291448272
dakshina kannada,802304,2083625.0,92.71428571428572,36.0,1.2838878674801244,9626991.0,0,200000.0
dakshina kannada,802304,2083625.0,92.71428571428572,36.0,1.2838878674801244,10734091.0,0,200000.0
dakshina kannada,802304,2083625.0,92.71428571428572,36.0,1.2838878674801244,15180931.0,0,200000.0
dakshina kannada,802304,2083625.0,92.71428571428572,36.0,1.2838878674801244,19368239.0,0,200000.0
dakshina kannada,802304,2083625.0,92.71428571428572,36.0,1.2838878674801244,23170221.0,0,200000.0
dakshina kannada,802304,2083625.0,92.71428571428572,36.0,1.2838878674801244,26596843.0,0,200000.0
dakshina kannada,802304,2083625.0,92.71428571428572,36.0,1.2838878674801244,17248777.0,0,200000.0
dakshina kannada,802304,2083625.0,92.71428571428572,36.0,1.2838878674801244,20604812.0,0,200000.0
kodagu,197575,554762.0,58.42857142857143,29.0,1.387858347386172,1047786.5,1,111764.78371660644
mysore,898414,2994744.0,62.71428571428572,31.0,1.2838878674801244,1047786.5,1,200000.0
chamarajanagar,252322,1698560.0,58.42857142857143,31.0,1.330264672036824,1047786.5,1,148885.50437376517
gulbarga,599009,2564892.0,58.42857142857143,31.0,1.2838878674801244,1047786.5,1,186253.07998899874
yadgir,203252,1698560.0,58.42857142857143,27.0,1.3499005964214712,1047786.5,1,53004.22867912626
kolar,452109,1540231.0,24.142857142857142,34.0,1.2747374239911553,306174.0,0,94067.56660714757
kolar,452109,1540231.0,24.142857142857142,34.0,1.2747374239911553,560804.0,0,126444.99348221908
kolar,452109,1540231.0,24.142857142857142,34.0,1.2747374239911553,1051914.0,0,132023.41274106168
kolar,452109,1540231.0,24.142857142857142,34.0,1.2747374239911553,1122326.0,0,107164.62217201108
kolar,452109,1540231.0,24.142857142857142,34.0,1.2747374239911553,1615545.0,0,135629.91312809504
kolar,452109,1540231.0,24.142857142857142,34.0,1.2747374239911553,2360285.0,0,175628.87043121003
kolar,452109,1540231.0,24.142857142857142,34.0,1.2747374239911553,3093003.0,0,145421.9552766664
kolar,452109,1540231.0,24.142857142857142,34.0,1.2747374239911553,3965696.0,0,127622.67967802452
kolar,452109,1540231.0,24.142857142857142,34.0,1.2747374239911553,5319243.0,0,129112.86669231227
kolar,452109,1540231.0,24.142857142857142,34.0,1.2747374239911553,7877407.0,0,169198.50732036002
kolar,452109,1540231.0,24.142857142857142,34.0,1.2747374239911553,7957144.0,0,75998.36197601071
kolar,452109,1540231.0,24.142857142857142,34.0,1.2747374239911553,9352225.0,0,124057.9521258296
kolar,452109,1540231.0,24.142857142857142,34.0,1.2747374239911553,12345736.0,0,114574.41737229582
kolar,452109,1540231.0,24.142857142857142,34.0,1.2747374239911553,19634287.0,0,111991.3731492626
kolar,452109,1540231.0,24.142857142857142,34.0,1.2747374239911553,20890491.0,0,132003.98323883297
chikkaballapura,341064,1254377.0,58.42857142857143,29.0,1.2838878674801244,1047786.5,1,101448.35628305688
bangalore rural,303438,987257.0,58.42857142857143,31.0,1.2838878674801244,1047786.5,1,54314.57166464312
ramanagara,296297,1082739.0,58.42857142857143,31.0,1.15990990990991,928541.0,0,39086.79680833257
ramanagara,296297,1082739.0,58.42857142857143,31.0,1.15990990990991,988447.0,0,73426.75602133667
north goa,311322,817761.0,58.42857142857143,18.0,1.0325581395348835,95114.0,0,96014.58420901738
north goa,311322,817761.0,58.42857142857143,18.0,1.0325581395348835,133429.0,0,138631.60016678378
north goa,311322,817761.0,58.42857142857143,18.0,1.0325581395348835,194726.0,0,99586.70755046443
north goa,311322,817761.0,58.42857142857143,18.0,1.0325581395348835,305380.0,0,130540.1282261193
north goa,311322,817761.0,58.42857142857143,18.0,1.0325581395348835,441807.0,0,120257.64187614381
north goa,311322,817761.0,58.42857142857143,18.0,1.0325581395348835,470250.0,0,93643.73845396757
north goa,311322,817761.0,58.42857142857143,18.0,1.0325581395348835,673971.0,0,86647.02078253787
north goa,311322,817761.0,58.42857142857143,18.0,1.0325581395348835,980231.0,0,124382.2690145775
north goa,311322,817761.0,58.42857142857143,18.0,1.0325581395348835,1277387.0,0,115981.09020713976
north goa,311322,817761.0,58.42857142857143,18.0,1.0325581395348835,883695.0,0,48762.61440694903
north goa,311322,817761.0,58.42857142857143,18.0,1.0325581395348835,1165122.0,0,156700.25900018582
north goa,311322,817761.0,58.42857142857143,18.0,1.0325581395348835,2504378.0,0,66599.04260130433
north goa,311322,817761.0,58.42857142857143,18.0,1.0325581395348835,3797921.0,0,105741.98703257756
north goa,311322,817761.0,58.42857142857143,18.0,1.0325581395348835,3083639.0,0,84344.5316209392
north goa,311322,817761.0,58.42857142857143,18.0,1.0325581395348835,4282602.0,0,82351.08204927201
north goa,311322,817761.0,58.42857142857143,18.0,1.0325581395348835,7808548.0,0,116342.06288934812
north goa,311322,817761.0,58.42857142857143,18.0,1.0325581395348835,8513573.0,0,106943.09308649479
north goa,311322,817761.0,58.42857142857143,18.0,1.0325581395348835,9999773.0,0,87042.85997444516
north goa,311322,817761.0,58.42857142857143,18.0,1.0325581395348835,8310698.0,0,97393.20261091621
north goa,311322,817761.0,58.42857142857143,18.0,1.0325581395348835,11455490.0,0,120007.35845848707
south goa,238342,639962.0,58.42857142857143,18.0,1.1016042780748665,65783.0,0,90440.4316096157
south goa,238342,639962.0,58.42857142857143,18.0,1.1016042780748665,96146.0,0,108607.35598029125
south goa,238342,639962.0,58.42857142857143,18.0,1.1016042780748665,144785.0,0,96038.35093782621
south goa,238342,639962.0,58.42857142857143,18.0,1.1016042780748665,209375.0,0,49123.711050776605
south goa,238342,639962.0,58.42857142857143,18.0,1.1016042780748665,297005.0,0,92390.97762468955
south goa,238342,639962.0,58.42857142857143,18.0,1.1016042780748665,298191.0,0,68510.87912137664
south goa,238342,639962.0,58.42857142857143,18.0,1.1016042780748665,418445.0,0,61663.50677389486
south goa,238342,639962.0,58.42857142857143,18.0,1.1016042780748665,535041.0,0,62433.272426314856
south goa,238342,639962.0,58.42857142857143,18.0,1.1016042780748665,603850.0,0,65673.18719350861
south goa,238342,639962.0,58.42857142857143,18.0,1.1016042780748665,598397.0,0,92705.53557112621
south goa,238342,639962.0,58.42857142857143,18.0,1.1016042780748665,750409.0,0,68290.13129681988
south goa,238342,639962.0,58.42857142857143,18.0,1.1016042780748665,1297003.0,0,98413.58178264143
south goa,238342,639962.0,58.42857142857143,18.0,1.1016042780748665,1533628.0,0,80683.90044010284
south goa,238342,639962.0,58.42857142857143,18.0,1.1016042780748665,1626496.0,0,80716.35342466898
south goa,238342,639962.0,58.42857142857143,18.0,1.1016042780748665,2185161.0,0,86215.25171865328
south goa,238342,639962.0,58.42857142857143,18.0,1.1016042780748665,3280211.0,0,54852.706312909584
south goa,238342,639962.0,58.42857142857143,18.0,1.1016042780748665,3700525.0,0,97461.03348583283
south goa,238342,639962.0,58.42857142857143,18.0,1.1016042780748665,4216281.0,0,120394.5029958816
south goa,238342,639962.0,58.42857142857143,18.0,1.1016042780748665,4877989.0,0,115515.77702189787
south goa,238342,639962.0,58.42857142857143,18.0,1.1016042780748665,5737184.0,0,98717.16587878112
lakshadweep,24530,64429.0,58.42857142857143,31.0,1.2838878674801244,778.0,0,5000.0
lakshadweep,24530,64429.0,58.42857142857143,31.0,1.2838878674801244,2132.0,0,5000.0
lakshadweep,24530,64429.0,58.42857142857143,31.0,1.2838878674801244,1703.0,0,27316.99448913632
lakshadweep,24530,64429.0,58.42857142857143,31.0,1.2838878674801244,1642.0,0,39630.08977623365
lakshadweep,24530,64429.0,58.42857142857143,31.0,1.2838878674801244,2481.0,0,57437.11390247222
lakshadweep,24530,64429.0,58.42857142857143,31.0,1.2838878674801244,2926.0,0,5000.0
lakshadweep,24530,64429.0,58.42857142857143,31.0,1.2838878674801244,3104.0,0,18053.71265545148
lakshadweep,24530,64429.0,58.42857142857143,31.0,1.2838878674801244,3765.0,0,53214.18976073755
lakshadweep,24530,64429.0,58.42857142857143,31.0,1.2838878674801244,5151.0,0,5000.0
lakshadweep,24530,64429.0,58.42857142857143,31.0,1.2838878674801244,7220.0,0,84926.53496157462
lakshadweep,24530,64429.0,58.42857142857143,31.0,1.2838878674801244,8589.0,0,5000.0
lakshadweep,24530,64429.0,58.42857142857143,31.0,1.2838878674801244,11650.0,0,64863.05646339933
lakshadweep,24530,64429.0,58.42857142857143,31.0,1.2838878674801244,9085.0,0,25221.40168102734
lakshadweep,24530,64429.0,58.42857142857143,31.0,1.2838878674801244,11384.0,0,66140.49302589601
lakshadweep,24530,64429.0,58.42857142857143,31.0,1.2838878674801244,13370.0,0,5000.0
lakshadweep,24530,64429.0,58.42857142857143,31.0,1.2838878674801244,15470.0,0,10963.677951655487
lakshadweep,24530,64429.0,58.42857142857143,31.0,1.2838878674801244,16397.0,0,14686.703793995908
lakshadweep,24530,64429.0,58.42857142857143,31.0,1.2838878674801244,17569.0,0,24020.107557129464
lakshadweep,24530,64429.0,58.42857142857143,31.0,1.2838878674801244,15241.0,0,21258.626055916262
lakshadweep,24530,64429.0,58.42857142857143,31.0,1.2838878674801244,17147.0,0,42321.62171475125
kasaragod,521016,1302600.0,58.42857142857143,31.0,1.0,1047786.5,1,151838.73597047984
kannur,1125478,2525637.0,70.85714285714286,34.0,1.0,92260.0,0,200000.0
kannur,1125478,2525637.0,70.85714285714286,34.0,1.0,123543.0,0,200000.0
kannur,1125478,2525637.0,70.85714285714286,34.0,1.0,161613.0,0,200000.0
kannur,1125478,2525637.0,70.85714285714286,34.0,1.0,221021.0,0,200000.0
kannur,1125478,2525637.0,70.85714285714286,34.0,1.0,309217.0,0,200000.0
kannur,1125478,2525637.0,70.85714285714286,34.0,1.0,350753.0,0,200000.0
kannur,1125478,2525637.0,70.85714285714286,34.0,1.0,467512.0,0,200000.0
kannur,1125478,2525637.0,70.85714285714286,34.0,1.0,616688.0,0,200000.0
kannur,1125478,2525637.0,70.85714285714286,34.0,1.0,703334.0,0,200000.0
kannur,1125478,2525637.0,70.85714285714286,34.0,1.0,998243.0,0,200000.0
kannur,1125478,2525637.0,70.85714285714286,34.0,1.0,1278504.0,0,200000.0
kannur,1125478,2525637.0,70.85714285714286,34.0,1.0,1966681.0,0,200000.0
kannur,1125478,2525637.0,70.85714285714286,34.0,1.0,2044936.0,0,200000.0
kannur,1125478,2525637.0,70.85714285714286,34.0,1.0,2477621.0,0,200000.0
kannur,1125478,2525637.0,70.85714285714286,34.0,1.0,3200023.0,0,200000.0
kannur,1125478,2525637.0,70.85714285714286,34.0,1.0,4171542.0,0,200000.0
kannur,1125478,2525637.0,70.85714285714286,34.0,1.0,4837076.0,0,200000.0
kannur,1125478,2525637.0,70.85714285714286,34.0,1.0,5415196.0,0,200000.0
kannur,1125478,2525637.0,70.85714285714286,34.0,1.0,5631041.0,0,200000.0
kannur,1125478,2525637.0,70.85714285714286,34.0,1.0,6407573.0,0,200000.0
wayanad,317449,816558.0,58.42857142857143,36.0,1.0,1047786.5,1,79281.89245198997
kozhikode,1348504,3089543.0,65.0,33.0,1.01,206971.0,0,200000.0
kozhikode,1348504,3089543.0,65.0,33.0,1.01,262368.0,0,200000.0
kozhikode,1348504,3089543.0,65.0,33.0,1.01,374581.0,0,200000.0
kozhikode,1348504,3089543.0,65.0,33.0,1.01,492826.0,0,200000.0
kozhikode,1348504,3089543.0,65.0,33.0,1.01,705959.0,0,200000.0
kozhikode,1348504,3089543.0,65.0,33.0,1.01,540752.0,0,200000.0
kozhikode,1348504,3089543.0,65.0,33.0,1.01,791143.0,0,200000.0
kozhikode,1348504,3089543.0,65.0,33.0,1.01,1048192.0,0,200000.0
kozhikode,1348504,3089543.0,65.0,33.0,1.01,1568774.0,0,200000.0
kozhikode,1348504,3089543.0,65.0,33.0,1.01,1566564.0,0,200000.0
kozhikode,1348504,3089543.0,65.0,33.0,1.01,2170142.0,0,200000.0
kozhikode,1348504,3089543.0,65.0,33.0,1.01,3436777.0,0,200000.0
kozhikode,1348504,3089543.0,65.0,33.0,1.01,4287518.0,0,200000.0
kozhikode,1348504,3089543.0,65.0,33.0,1.01,4726028.0,0,200000.0
kozhikode,1348504,3089543.0,65.0,33.0,1.01,6483184.0,0,200000.0
kozhikode,1348504,3089543.0,65.0,33.0,1.01,8306264.0,0,200000.0
kozhikode,1348504,3089543.0,65.0,33.0,1.01,9526680.0,0,200000.0
kozhikode,1348504,3089543.0,65.0,33.0,1.01,10478852.0,0,200000.0
kozhikode,1348504,3089543.0,65.0,33.0,1.01,10298519.0,0,200000.0
kozhikode,1348504,3089543.0,65.0,33.0,1.01,11205522.0,0,200000.0
malappuram,1713911,4110956.0,58.71428571428572,34.0,1.0081967213114753,239508.0,0,200000.0
malappuram,1713911,4110956.0,58.71428571428572,34.0,1.0081967213114753,268993.0,0,200000.0
malappuram,1713911,4110956.0,58.71428571428572,34.0,1.0081967213114753,323771.0,0,200000.0
malappuram,1713911,4110956.0,58.71428571428572,34.0,1.0081967213114753,445963.0,0,200000.0
malappuram,1713911,4110956.0,58.71428571428572,34.0,1.0081967213114753,695313.0,0,200000.0
malappuram,1713911,4110956.0,58.71428571428572,34.0,1.0081967213114753,575048.0,0,200000.0
malappuram,1713911,4110956.0,58.71428571428572,34.0,1.0081967213114753,669092.0,0,200000.0
malappuram,1713911,4110956.0,58.71428571428572,34.0,1.0081967213114753,888327.0,0,200000.0
malappuram,1713911,4110956.0,58.71428571428572,34.0,1.0081967213114753,1032834.0,0,200000.0
malappuram,1713911,4110956.0,58.71428571428572,34.0,1.0081967213114753,1257378.0,0,200000.0
malappuram,1713911,4110956.0,58.71428571428572,34.0,1.0081967213114753,1898768.0,0,200000.0
malappuram,1713911,4110956.0,58.71428571428572,34.0,1.0081967213114753,2988328.0,0,200000.0
malappuram,1713911,4110956.0,58.71428571428572,34.0,1.0081967213114753,4147591.0,0,200000.0
malappuram,1713911,4110956.0,58.71428571428572,34.0,1.0081967213114753,4693842.0,0,200000.0
malappuram,1713911,4110956.0,58.71428571428572,34.0,1.0081967213114753,6691321.0,0,200000.0
malappuram,1713911,4110956.0,58.71428571428572,34.0,1.0081967213114753,8689226.0,0,200000.0
malappuram,1713911,4110956.0,58.71428571428572,34.0,1.0081967213114753,10270093.0,0,200000.0
malappuram,1713911,4110956.0,58.71428571428572,34.0,1.0081967213114753,11218062.0,0,200000.0
malappuram,1713911,4110956.0,58.71428571428572,34.0,1.0081967213114753,11727280.0,0,200000.0
malappuram,1713911,4110956.0,58.71428571428572,34.0,1.0081967213114753,12667960.0,0,200000.0
palakkad,1116892,2810892.0,63.0,24.0,1.0,119324.0,0,200000.0
palakkad,1116892,2810892.0,63.0,24.0,1.0,148865.0,0,200000.0
palakkad,1116892,2810892.0,63.0,24.0,1.0,201468.0,0,200000.0
palakkad,1116892,2810892.0,63.0,24.0,1.0,278099.0,0,200000.0
palakkad,1116892,2810892.0,63.0,24.0,1.0,390957.0,0,200000.0
palakkad,1116892,2810892.0,63.0,24.0,1.0,358416.0,0,200000.0
palakkad,1116892,2810892.0,63.0,24.0,1.0,468478.0,0,200000.0
palakkad,1116892,2810892.0,63.0,24.0,1.0,607193.0,0,200000.0
palakkad,1116892,2810892.0,63.0,24.0,1.0,715756.0,0,200000.0
palakkad,1116892,2810892.0,63.0,24.0,1.0,893115.0,0,200000.0
palakkad,1116892,2810892.0,63.0,24.0,1.0,1116331.0,0,200000.0
palakkad,1116892,2810892.0,63.0,24.0,1.0,1675633.0,0,200000.0
palakkad,1116892,2810892.0,63.0,24.0,1.0,1892633.0,0,200000.0
palakkad,1116892,2810892.0,63.0,24.0,1.0,2232317.0,0,200000.0
palakkad,1116892,2810892.0,63.0,24.0,1.0,2841134.0,0,200000.0
palakkad,1116892,2810892.0,63.0,24.0,1.0,3813936.0,0,200000.0
palakkad,1116892,2810892.0,63.0,24.0,1.0,4504996.0,0,200000.0
palakkad,1116892,2810892.0,63.0,24.0,1.0,4998295.0,0,200000.0
palakkad,1116892,2810892.0,63.0,24.0,1.0,6174837.0,0,200000.0
palakkad,1116892,2810892.0,63.0,24.0,1.0,6558445.0,0,200000.0
thrissur,1396287,3110327.0,75.57142857142857,29.0,1.013953488372093,148871.0,0,200000.0
thrissur,1396287,3110327.0,75.57142857142857,29.0,1.013953488372093,194698.0,0,200000.0
thrissur,1396287,3110327.0,75.57142857142857,29.0,1.013953488372093,265041.0,0,200000.0
thrissur,1396287,3110327.0,75.57142857142857,29.0,1.013953488372093,369941.0,0,200000.0
thrissur,1396287,3110327.0,75.57142857142857,29.0,1.013953488372093,583045.0,0,200000.0
thrissur,1396287,3110327.0,75.57142857142857,29.0,1.013953488372093,768852.0,0,200000.0
thrissur,1396287,3110327.0,75.57142857142857,29.0,1.013953488372093,913742.0,0,200000.0
thrissur,1396287,3110327.0,75.57142857142857,29.0,1.013953488372093,1136317.0,0,200000.0
thrissur,1396287,3110327.0,75.57142857142857,29.0,1.013953488372093,1370029.0,0,200000.0
thrissur,1396287,3110327.0,75.57142857142857,29.0,1.013953488372093,1351787.0,0,200000.0
thrissur,1396287,3110327.0,75.57142857142857,29.0,1.013953488372093,1849073.0,0,200000.0
thrissur,1396287,3110327.0,75.57142857142857,29.0,1.013953488372093,2628494.0,0,200000.0
thrissur,1396287,3110327.0,75.57142857142857,29.0,1.013953488372093,3475629.0,0,200000.0
thrissur,1396287,3110327.0,75.57142857142857,29.0,1.013953488372093,3881737.0,0,200000.0
thrissur,1396287,3110327.0,75.57142857142857,29.0,1.013953488372093,5059971.0,0,200000.0
thrissur,1396287,3110327.0,75.57142857142857,29.0,1.013953488372093,6471411.0,0,200000.0
thrissur,1396287,3110327.0,75.57142857142857,29.0,1.013953488372093,7612460.0,0,200000.0
thrissur,1396287,3110327.0,75.57142857142857,29.0,1.013953488372093,8767715.0,0,200000.0
thrissur,1396287,3110327.0,75.57142857142857,29.0,1.013953488372093,9037575.0,0,200000.0
thrissur,1396287,3110327.0,75.57142857142857,29.0,1.013953488372093,12802574.0,0,200000.0
ernakulam,1429953,3279860.0,58.42857142857143,31.0,1.0083333333333333,390006.0,0,200000.0
ernakulam,1429953,3279860.0,58.42857142857143,31.0,1.0083333333333333,521535.0,0,200000.0
ernakulam,1429953,3279860.0,58.42857142857143,31.0,1.0083333333333333,731827.0,0,200000.0
ernakulam,1429953,3279860.0,58.42857142857143,31.0,1.0083333333333333,1012043.0,0,200000.0
ernakulam,1429953,3279860.0,58.42857142857143,31.0,1.0083333333333333,1657527.0,0,200000.0
ernakulam,1429953,3279860.0,58.42857142857143,31.0,1.0083333333333333,2327469.0,0,200000.0
ernakulam,1429953,3279860.0,58.42857142857143,31.0,1.0083333333333333,2730518.0,0,200000.0
ernakulam,1429953,3279860.0,58.42857142857143,31.0,1.0083333333333333,3714876.0,0,200000.0
ernakulam,1429953,3279860.0,58.42857142857143,31.0,1.0083333333333333,5025201.0,0,200000.0
ernakulam,1429953,3279860.0,58.42857142857143,31.0,1.0083333333333333,4530511.0,0,200000.0
ernakulam,1429953,3279860.0,58.42857142857143,31.0,1.0083333333333333,5931363.0,0,200000.0
ernakulam,1429953,3279860.0,58.42857142857143,31.0,1.0083333333333333,8950159.0,0,200000.0
ernakulam,1429953,3279860.0,58.42857142857143,31.0,1.0083333333333333,13390058.0,0,200000.0
ernakulam,1429953,3279860.0,58.42857142857143,31.0,1.0083333333333333,14177054.0,0,200000.0
ernakulam,1429953,3279860.0,58.42857142857143,31.0,1.0083333333333333,19207421.0,0,200000.0
ernakulam,1429953,3279860.0,58.42857142857143,31.0,1.0083333333333333,25306923.0,0,200000.0
ernakulam,1429953,3279860.0,58.42857142857143,31.0,1.0083333333333333,29451475.0,0,200000.0
ernakulam,1429953,3279860.0,58.42857142857143,31.0,1.0083333333333333,32257485.0,0,200000.0
ernakulam,1429953,3279860.0,58.42857142857143,31.0,1.0083333333333333,35009862.0,0,200000.0
ernakulam,1429953,3279860.0,58.42857142857143,31.0,1.0083333333333333,39069167.0,0,200000.0
idukki,451129,1107453.0,58.42857142857143,32.0,1.010989010989011,1047786.5,1,110110.11380149715
kottayam,888206,1979384.0,110.28571428571428,32.0,1.048780487804878,102446.0,0,200000.0
kottayam,888206,1979384.0,110.28571428571428,32.0,1.048780487804878,132766.0,0,200000.0
kottayam,888206,1979384.0,110.28571428571428,32.0,1.048780487804878,185591.0,0,200000.0
kottayam,888206,1979384.0,110.28571428571428,32.0,1.048780487804878,244161.0,0,200000.0
kottayam,888206,1979384.0,110.28571428571428,32.0,1.048780487804878,348566.0,0,200000.0
kottayam,888206,1979384.0,110.28571428571428,32.0,1.048780487804878,373169.0,0,200000.0
kottayam,888206,1979384.0,110.28571428571428,32.0,1.048780487804878,455029.0,0,200000.0
kottayam,888206,1979384.0,110.28571428571428,32.0,1.048780487804878,621352.0,0,200000.0
kottayam,888206,1979384.0,110.28571428571428,32.0,1.048780487804878,752571.0,0,200000.0
kottayam,888206,1979384.0,110.28571428571428,32.0,1.048780487804878,761782.0,0,200000.0
kottayam,888206,1979384.0,110.28571428571428,32.0,1.048780487804878,1001447.0,0,200000.0
kottayam,888206,1979384.0,110.28571428571428,32.0,1.048780487804878,1486474.0,0,200000.0
kottayam,888206,1979384.0,110.28571428571428,32.0,1.048780487804878,1808155.0,0,200000.0
kottayam,888206,1979384.0,110.28571428571428,32.0,1.048780487804878,2131122.0,0,200000.0
kottayam,888206,1979384.0,110.28571428571428,32.0,1.048780487804878,2719376.0,0,200000.0
kottayam,888206,1979384.0,110.28571428571428,32.0,1.048780487804878,3504049.0,0,200000.0
kottayam,888206,1979384.0,110.28571428571428,32.0,1.048780487804878,4029330.0,0,197373.36025687345
kottayam,888206,1979384.0,110.28571428571428,32.0,1.048780487804878,4440370.0,0,200000.0
kottayam,888206,1979384.0,110.28571428571428,32.0,1.048780487804878,5918541.0,0,200000.0
kottayam,888206,1979384.0,110.28571428571428,32.0,1.048780487804878,6551967.0,0,200000.0
alappuzha,962245,2121943.0,78.85714285714286,29.0,1.0303030303030305,74941.0,0,200000.0
alappuzha,962245,2121943.0,78.85714285714286,29.0,1.0303030303030305,101141.0,0,200000.0
alappuzha,962245,2121943.0,78.85714285714286,29.0,1.0303030303030305,129138.0,0,200000.0
alappuzha,962245,2121943.0,78.85714285714286,29.0,1.0303030303030305,180730.0,0,200000.0
alappuzha,962245,2121943.0,78.85714285714286,29.0,1.0303030303030305,252186.0,0,200000.0
alappuzha,962245,2121943.0,78.85714285714286,29.0,1.0303030303030305,282582.0,0,200000.0
alappuzha,962245,2121943.0,78.85714285714286,29.0,1.0303030303030305,412404.0,0,200000.0
alappuzha,962245,2121943.0,78.85714285714286,29.0,1.0303030303030305,581762.0,0,200000.0
alappuzha,962245,2121943.0,78.85714285714286,29.0,1.0303030303030305,655979.0,0,200000.0
alappuzha,962245,2121943.0,78.85714285714286,29.0,1.0303030303030305,755556.0,0,200000.0
alappuzha,962245,2121943.0,78.85714285714286,29.0,1.0303030303030305,1034921.0,0,200000.0
alappuzha,962245,2121943.0,78.85714285714286,29.0,1.0303030303030305,1562242.0,0,200000.0
alappuzha,962245,2121943.0,78.85714285714286,29.0,1.0303030303030305,1681817.0,0,200000.0
alappuzha,962245,2121943.0,78.85714285714286,29.0,1.0303030303030305,1921008.0,0,200000.0
alappuzha,962245,2121943.0,78.85714285714286,29.0,1.0303030303030305,2505822.0,0,200000.0
alappuzha,962245,2121943.0,78.85714285714286,29.0,1.0303030303030305,3177335.0,0,200000.0
alappuzha,962245,2121943.0,78.85714285714286,29.0,1.0303030303030305,3687088.0,0,200000.0
alappuzha,962245,2121943.0,78.85714285714286,29.0,1.0303030303030305,4151240.0,0,200000.0
alappuzha,962245,2121943.0,78.85714285714286,29.0,1.0303030303030305,5705022.0,0,200000.0
alappuzha,962245,2121943.0,78.85714285714286,29.0,1.0303030303030305,6094707.0,0,200000.0
pathanamthitta,563372,1195537.0,58.42857142857143,32.0,1.0,1047786.5,1,158114.6188713151
kollam,1165928,2629703.0,75.28571428571429,31.0,1.0,76713.0,0,200000.0
kollam,1165928,2629703.0,75.28571428571429,31.0,1.0,107011.0,0,200000.0
kollam,1165928,2629703.0,75.28571428571429,31.0,1.0,154891.0,0,200000.0
kollam,1165928,2629703.0,75.28571428571429,31.0,1.0,201274.0,0,200000.0
kollam,1165928,2629703.0,75.28571428571429,31.0,1.0,267030.0,0,200000.0
kollam,1165928,2629703.0,75.28571428571429,31.0,1.0,285888.0,0,200000.0
kollam,1165928,2629703.0,75.28571428571429,31.0,1.0,434861.0,0,200000.0
kollam,1165928,2629703.0,75.28571428571429,31.0,1.0,625681.0,0,200000.0
kollam,1165928,2629703.0,75.28571428571429,31.0,1.0,773621.0,0,200000.0
kollam,1165928,2629703.0,75.28571428571429,31.0,1.0,893973.0,0,200000.0
kollam,1165928,2629703.0,75.28571428571429,31.0,1.0,1338722.0,0,200000.0
kollam,1165928,2629703.0,75.28571428571429,31.0,1.0,1917078.0,0,200000.0
kollam,1165928,2629703.0,75.28571428571429,31.0,1.0,2127176.0,0,200000.0
kollam,1165928,2629703.0,75.28571428571429,31.0,1.0,2534369.0,0,200000.0
kollam,1165928,2629703.0,75.28571428571429,31.0,1.0,3321904.0,0,200000.0
kollam,1165928,2629703.0,75.28571428571429,31.0,1.0,4107417.0,0,200000.0
kollam,1165928,2629703.0,75.28571428571429,31.0,1.0,4851496.0,0,200000.0
kollam,1165928,2629703.0,75.28571428571429,31.0,1.0,5799455.0,0,200000.0
kollam,1165928,2629703.0,75.28571428571429,31.0,1.0,7100622.0,0,200000.0
kollam,1165928,2629703.0,75.28571428571429,31.0,1.0,7022669.0,0,200000.0
thiruvananthapuram,1430551,3307284.0,107.14285714285714,32.0,1.0,172079.0,0,200000.0
thiruvananthapuram,1430551,3307284.0,107.14285714285714,32.0,1.0,241695.0,0,200000.0
thiruvananthapuram,1430551,3307284.0,107.14285714285714,32.0,1.0,341861.0,0,200000.0
thiruvananthapuram,1430551,3307284.0,107.14285714285714,32.0,1.0,475377.0,0,200000.0
thiruvananthapuram,1430551,3307284.0,107.14285714285714,32.0,1.0,736407.0,0,200000.0
thiruvananthapuram,1430551,3307284.0,107.14285714285714,32.0,1.0,897152.0,0,200000.0
thiruvananthapuram,1430551,3307284.0,107.14285714285714,32.0,1.0,1210326.0,0,200000.0
thiruvananthapuram,1430551,3307284.0,107.14285714285714,32.0,1.0,1653618.0,0,200000.0
thiruvananthapuram,1430551,3307284.0,107.14285714285714,32.0,1.0,1957687.0,0,200000.0
thiruvananthapuram,1430551,3307284.0,107.14285714285714,32.0,1.0,1742767.0,0,200000.0
thiruvananthapuram,1430551,3307284.0,107.14285714285714,32.0,1.0,2081035.0,0,200000.0
thiruvananthapuram,1430551,3307284.0,107.14285714285714,32.0,1.0,3376010.0,0,200000.0
thiruvananthapuram,1430551,3307284.0,107.14285714285714,32.0,1.0,3878020.0,0,200000.0
thiruvananthapuram,1430551,3307284.0,107.14285714285714,32.0,1.0,4154572.0,0,200000.0
thiruvananthapuram,1430551,3307284.0,107.14285714285714,32.0,1.0,5427449.0,0,200000.0
thiruvananthapuram,1430551,3307284.0,107.14285714285714,32.0,1.0,6802679.0,0,200000.0
thiruvananthapuram,1430551,3307284.0,107.14285714285714,32.0,1.0,7747326.0,0,200000.0
thiruvananthapuram,1430551,3307284.0,107.14285714285714,32.0,1.0,8942858.0,0,200000.0
thiruvananthapuram,1430551,3307284.0,107.14285714285714,32.0,1.0,11886964.0,0,200000.0
thiruvananthapuram,1430551,3307284.0,107.14285714285714,32.0,1.0,12176949.0,0,200000.0
thiruvallur,1296010,3725697.0,58.42857142857143,31.0,1.2127371273712737,413340.0,0,200000.0
thiruvallur,1296010,3725697.0,58.42857142857143,31.0,1.2127371273712737,615860.0,0,200000.0
thiruvallur,1296010,3725697.0,58.42857142857143,31.0,1.2127371273712737,957503.0,0,200000.0
thiruvallur,1296010,3725697.0,58.42857142857143,31.0,1.2127371273712737,1578958.0,0,200000.0
thiruvallur,1296010,3725697.0,58.42857142857143,31.0,1.2127371273712737,2305713.0,0,200000.0
thiruvallur,1296010,3725697.0,58.42857142857143,31.0,1.2127371273712737,2486358.0,0,200000.0
thiruvallur,1296010,3725697.0,58.42857142857143,31.0,1.2127371273712737,3497534.0,0,200000.0
thiruvallur,1296010,3725697.0,58.42857142857143,31.0,1.2127371273712737,4441180.0,0,200000.0
thiruvallur,1296010,3725697.0,58.42857142857143,31.0,1.2127371273712737,5190597.0,0,200000.0
thiruvallur,1296010,3725697.0,58.42857142857143,31.0,1.2127371273712737,3872452.0,0,200000.0
thiruvallur,1296010,3725697.0,58.42857142857143,31.0,1.2127371273712737,5496010.0,0,200000.0
thiruvallur,1296010,3725697.0,58.42857142857143,31.0,1.2127371273712737,10184454.0,0,200000.0
thiruvallur,1296010,3725697.0,58.42857142857143,31.0,1.2127371273712737,11085004.0,0,200000.0
thiruvallur,1296010,3725697.0,58.42857142857143,31.0,1.2127371273712737,10992425.0,0,200000.0
thiruvallur,1296010,3725697.0,58.42857142857143,31.0,1.2127371273712737,15395149.0,0,200000.0
thiruvallur,1296010,3725697.0,58.42857142857143,31.0,1.2127371273712737,19146359.0,0,200000.0
thiruvallur,1296010,3725697.0,58.42857142857143,31.0,1.2127371273712737,21243322.0,0,200000.0
thiruvallur,1296010,3725697.0,58.42857142857143,31.0,1.2127371273712737,25490825.0,0,200000.0
thiruvallur,1296010,3725697.0,58.42857142857143,31.0,1.2127371273712737,25690184.0,0,200000.0
thiruvallur,1296010,3725697.0,58.42857142857143,31.0,1.2127371273712737,27335584.0,0,200000.0
chennai,1808197,4681087.0,304.2857142857143,31.0,1.2838878674801244,2656230.0,0,200000.0
chennai,1808197,4681087.0,304.2857142857143,31.0,1.2838878674801244,3719593.0,0,200000.0
chennai,1808197,4681087.0,304.2857142857143,31.0,1.2838878674801244,5887343.0,0,200000.0
chennai,1808197,4681087.0,304.2857142857143,31.0,1.2838878674801244,8007699.0,0,200000.0
chennai,1808197,4681087.0,304.2857142857143,31.0,1.2838878674801244,11642449.0,0,200000.0
chennai,1808197,4681087.0,304.2857142857143,31.0,1.2838878674801244,10577435.0,0,200000.0
chennai,1808197,4681087.0,304.2857142857143,31.0,1.2838878674801244,11333032.0,0,200000.0
chennai,1808197,4681087.0,304.2857142857143,31.0,1.2838878674801244,16437269.0,0,200000.0
chennai,1808197,4681087.0,304.2857142857143,31.0,1.2838878674801244,21747309.0,0,200000.0
chennai,1808197,4681087.0,304.2857142857143,31.0,1.2838878674801244,12611208.0,0,200000.0
chennai,1808197,4681087.0,304.2857142857143,31.0,1.2838878674801244,17354210.0,0,200000.0
chennai,1808197,4681087.0,304.2857142857143,31.0,1.2838878674801244,24172148.0,0,200000.0
chennai,1808197,4681087.0,304.2857142857143,31.0,1.2838878674801244,39623781.0,0,200000.0
chennai,1808197,4681087.0,304.2857142857143,31.0,1.2838878674801244,43737916.0,0,200000.0
chennai,1808197,4681087.0,304.2857142857143,31.0,1.2838878674801244,60971210.0,0,200000.0
chennai,1808197,4681087.0,304.2857142857143,31.0,1.2838878674801244,76229690.0,0,200000.0
chennai,1808197,4681087.0,304.2857142857143,31.0,1.2838878674801244,87458453.0,0,200000.0
chennai,1808197,4681087.0,304.2857142857143,31.0,1.2838878674801244,105344784.0,0,200000.0
chennai,1808197,4681087.0,304.2857142857143,31.0,1.2838878674801244,42908667.0,0,200000.0
chennai,1808197,4681087.0,304.2857142857143,31.0,1.2838878674801244,36087169.0,0,200000.0
kancheepuram,1401921,3990897.0,58.42857142857143,31.0,1.2838878674801244,308279.0,0,200000.0
kancheepuram,1401921,3990897.0,58.42857142857143,31.0,1.2838878674801244,460276.0,0,200000.0
kancheepuram,1401921,3990897.0,58.42857142857143,31.0,1.2838878674801244,766192.0,0,200000.0
kancheepuram,1401921,3990897.0,58.42857142857143,31.0,1.2838878674801244,1161731.0,0,200000.0
kancheepuram,1401921,3990897.0,58.42857142857143,31.0,1.2838878674801244,1732340.0,0,200000.0
kancheepuram,1401921,3990897.0,58.42857142857143,31.0,1.2838878674801244,1656532.0,0,200000.0
kancheepuram,1401921,3990897.0,58.42857142857143,31.0,1.2838878674801244,2374121.0,0,200000.0
kancheepuram,1401921,3990897.0,58.42857142857143,31.0,1.2838878674801244,3134851.0,0,200000.0
kancheepuram,1401921,3990897.0,58.42857142857143,31.0,1.2838878674801244,3618880.0,0,200000.0
kancheepuram,1401921,3990897.0,58.42857142857143,31.0,1.2838878674801244,2203060.0,0,200000.0
kancheepuram,1401921,3990897.0,58.42857142857143,31.0,1.2838878674801244,3333347.0,0,200000.0
kancheepuram,1401921,3990897.0,58.42857142857143,31.0,1.2838878674801244,6509711.0,0,200000.0
kancheepuram,1401921,3990897.0,58.42857142857143,31.0,1.2838878674801244,7239244.0,0,200000.0
kancheepuram,1401921,3990897.0,58.42857142857143,31.0,1.2838878674801244,6712965.0,0,200000.0
kancheepuram,1401921,3990897.0,58.42857142857143,31.0,1.2838878674801244,9646258.0,0,200000.0
kancheepuram,1401921,3990897.0,58.42857142857143,31.0,1.2838878674801244,11777894.0,0,200000.0
kancheepuram,1401921,3990897.0,58.42857142857143,31.0,1.2838878674801244,13219354.0,0,200000.0
kancheepuram,1401921,3990897.0,58.42857142857143,31.0,1.2838878674801244,15868496.0,0,200000.0
kancheepuram,1401921,3990897.0,58.42857142857143,31.0,1.2838878674801244,16476680.0,0,200000.0
kancheepuram,1401921,3990897.0,58.42857142857143,31.0,1.2838878674801244,17540782.0,0,200000.0
vellore,1269573,3928106.0,58.42857142857143,41.0,1.218487394957983,1236004.0,0,200000.0
tiruvannamalai,717010,2468965.0,58.42857142857143,33.0,1.216076058772688,1047786.5,1,197699.5219274385
viluppuram,961297,3463284.0,58.42857142857143,31.0,1.2838878674801244,1047786.5,1,200000.0
salem,1000455,3480008.0,63.285714285714285,41.0,1.2220472440944885,219916.0,0,200000.0
salem,1000455,3480008.0,63.285714285714285,41.0,1.2220472440944885,333175.0,0,200000.0
salem,1000455,3480008.0,63.285714285714285,41.0,1.2220472440944885,484460.0,0,200000.0
salem,1000455,3480008.0,63.285714285714285,41.0,1.2220472440944885,696312.0,0,200000.0
salem,1000455,3480008.0,63.285714285714285,41.0,1.2220472440944885,949562.0,0,200000.0
salem,1000455,3480008.0,63.285714285714285,41.0,1.2220472440944885,1018100.0,0,200000.0
salem,1000455,3480008.0,63.285714285714285,41.0,1.2220472440944885,1348219.0,0,200000.0
salem,1000455,3480008.0,63.285714285714285,41.0,1.2220472440944885,1754893.0,0,200000.0
salem,1000455,3480008.0,63.285714285714285,41.0,1.2220472440944885,1816883.0,0,200000.0
salem,1000455,3480008.0,63.285714285714285,41.0,1.2220472440944885,1996687.0,0,200000.0
salem,1000455,3480008.0,63.285714285714285,41.0,1.2220472440944885,3016579.0,0,200000.0
salem,1000455,3480008.0,63.285714285714285,41.0,1.2220472440944885,4407759.0,0,200000.0
salem,1000455,3480008.0,63.285714285714285,41.0,1.2220472440944885,5675889.0,0,200000.0
salem,1000455,3480008.0,63.285714285714285,41.0,1.2220472440944885,6557056.0,0,200000.0
salem,1000455,3480008.0,63.285714285714285,41.0,1.2220472440944885,8972048.0,0,200000.0
salem,1000455,3480008.0,63.285714285714285,41.0,1.2220472440944885,11783515.0,0,200000.0
salem,1000455,3480008.0,63.285714285714285,41.0,1.2220472440944885,13278693.0,0,200000.0
salem,1000455,3480008.0,63.285714285714285,41.0,1.2220472440944885,16106627.0,0,200000.0
salem,1000455,3480008.0,63.285714285714285,41.0,1.2220472440944885,31403065.0,0,200000.0
salem,1000455,3480008.0,63.285714285714285,41.0,1.2220472440944885,33193962.0,0,200000.0
namakkal,522819,1721179.0,58.42857142857143,37.0,1.113744075829384,1047786.5,1,190447.14807021938
erode,664362,2259608.0,58.42857142857143,39.0,1.078369905956113,1662818.0,0,163428.03816116793
erode,664362,2259608.0,58.42857142857143,39.0,1.078369905956113,2534766.0,0,200000.0
erode,664362,2259608.0,58.42857142857143,39.0,1.078369905956113,3015359.0,0,200000.0
erode,664362,2259608.0,58.42857142857143,39.0,1.078369905956113,3273510.0,0,183841.92854187542
erode,664362,2259608.0,58.42857142857143,39.0,1.078369905956113,4668549.0,0,170871.3215569354
erode,664362,2259608.0,58.42857142857143,39.0,1.078369905956113,6109637.0,0,182187.9897638556
erode,664362,2259608.0,58.42857142857143,39.0,1.078369905956113,6860000.0,0,158483.90950130482
erode,664362,2259608.0,58.42857142857143,39.0,1.078369905956113,8037374.0,0,172869.79623791756
erode,664362,2259608.0,58.42857142857143,39.0,1.078369905956113,9576460.0,0,157931.59123811964
the nilgiris,270200,735071.0,107.85714285714286,34.0,1.0816326530612246,1047786.5,1,123476.59625619533
dindigul,665654,2161367.0,58.42857142857143,41.0,1.141388174807198,1047786.5,1,200000.0
karur,325318,1076588.0,58.42857142857143,40.0,1.068181818181818,1047786.5,1,99841.32465006891
tiruchirappalli,951216,2713858.0,58.42857142857143,43.0,1.1740812379110253,149186.0,0,200000.0
tiruchirappalli,951216,2713858.0,58.42857142857143,43.0,1.1740812379110253,245903.0,0,200000.0
tiruchirappalli,951216,2713858.0,58.42857142857143,43.0,1.1740812379110253,342744.0,0,200000.0
tiruchirappalli,951216,2713858.0,58.42857142857143,43.0,1.1740812379110253,521026.0,0,200000.0
tiruchirappalli,951216,2713858.0,58.42857142857143,43.0,1.1740812379110253,739515.0,0,200000.0
tiruchirappalli,951216,2713858.0,58.42857142857143,43.0,1.1740812379110253,776306.0,0,200000.0
tiruchirappalli,951216,2713858.0,58.42857142857143,43.0,1.1740812379110253,1028271.0,0,200000.0
tiruchirappalli,951216,2713858.0,58.42857142857143,43.0,1.1740812379110253,1364259.0,0,200000.0
tiruchirappalli,951216,2713858.0,58.42857142857143,43.0,1.1740812379110253,1239752.0,0,200000.0
tiruchirappalli,951216,2713858.0,58.42857142857143,43.0,1.1740812379110253,10348183.0,0,200000.0
perambalur,167812,564511.0,58.42857142857143,37.0,1.1597633136094674,1047786.5,1,101934.50526046389
ariyalur,211022,1698560.0,58.42857142857143,27.0,1.1285140562248996,1047786.5,1,65649.9154496218
cuddalore,814959,2600880.0,58.42857142857143,27.0,1.2200460829493087,1047786.5,1,200000.0
nagapattinam,572092,1614069.0,58.42857142857143,48.0,1.1663366336633665,1047786.5,1,159119.43739312587
thiruvarur,443386,1268094.0,58.42857142857143,31.0,1.216998191681736,1047786.5,1,132620.15322412451
thanjavur,846734,2402781.0,51.0,38.0,1.1008303677342823,1047786.5,1,200000.0
pudukkottai,501769,1618725.0,58.42857142857143,36.0,1.2122969837587008,1047786.5,1,182105.2106786898
sivaganga,433440,1341250.0,58.42857142857143,31.0,1.233287858117326,1047786.5,1,187522.49375631125
madurai,1049620,3041038.0,72.85714285714286,34.0,1.1748031496062992,129858.0,0,200000.0
madurai,1049620,3041038.0,72.85714285714286,34.0,1.1748031496062992,213788.0,0,200000.0
madurai,1049620,3041038.0,72.85714285714286,34.0,1.1748031496062992,322515.0,0,200000.0
madurai,1049620,3041038.0,72.85714285714286,34.0,1.1748031496062992,474612.0,0,200000.0
madurai,1049620,3041038.0,72.85714285714286,34.0,1.1748031496062992,662080.0,0,200000.0
madurai,1049620,3041038.0,72.85714285714286,34.0,1.1748031496062992,741073.0,0,200000.0
madurai,1049620,3041038.0,72.85714285714286,34.0,1.1748031496062992,1004838.0,0,200000.0
madurai,1049620,3041038.0,72.85714285714286,34.0,1.1748031496062992,1315576.0,0,200000.0
madurai,1049620,3041038.0,72.85714285714286,34.0,1.1748031496062992,1334450.0,0,200000.0
madurai,1049620,3041038.0,72.85714285714286,34.0,1.1748031496062992,1479517.0,0,200000.0
madurai,1049620,3041038.0,72.85714285714286,34.0,1.1748031496062992,2157858.0,0,200000.0
madurai,1049620,3041038.0,72.85714285714286,34.0,1.1748031496062992,3222620.0,0,200000.0
madurai,1049620,3041038.0,72.85714285714286,34.0,1.1748031496062992,3516926.0,0,200000.0
madurai,1049620,3041038.0,72.85714285714286,34.0,1.1748031496062992,3953976.0,0,200000.0
madurai,1049620,3041038.0,72.85714285714286,34.0,1.1748031496062992,5142737.0,0,200000.0
madurai,1049620,3041038.0,72.85714285714286,34.0,1.1748031496062992,6309318.0,0,200000.0
madurai,1049620,3041038.0,72.85714285714286,34.0,1.1748031496062992,7084562.0,0,200000.0
madurai,1049620,3041038.0,72.85714285714286,34.0,1.1748031496062992,8320838.0,0,200000.0
madurai,1049620,3041038.0,72.85714285714286,34.0,1.1748031496062992,18854500.0,0,200000.0
madurai,1049620,3041038.0,72.85714285714286,34.0,1.1748031496062992,21930141.0,0,200000.0
theni,390677,1243684.0,58.42857142857143,25.0,1.135483870967742,1047786.5,1,116266.79391930964
virudhunagar,638413,1943309.0,58.42857142857143,55.0,1.2617728531855956,1047786.5,1,200000.0
ramanathapuram,442459,1337560.0,58.42857142857143,46.0,1.18359375,1047786.5,1,121201.2187054417
thoothukkudi,646591,1738376.0,58.42857142857143,45.0,1.2838878674801244,1047786.5,1,200000.0
tirunelveli,1062747,3072880.0,58.42857142857143,38.0,1.1538461538461535,1047786.5,1,200000.0
kanniyakumari,768197,1863174.0,58.42857142857143,44.0,1.0859375,1047786.5,1,167747.51269223925
dharmapuri,390110,1502900.0,58.42857142857143,34.0,1.1414538310412574,1047786.5,1,119998.15249178407
krishnagiri,520896,1698560.0,58.42857142857143,32.0,1.2479108635097491,153618.0,0,148795.17237812112
krishnagiri,520896,1698560.0,58.42857142857143,32.0,1.2479108635097491,240421.0,0,131224.67842052085
krishnagiri,520896,1698560.0,58.42857142857143,32.0,1.2479108635097491,421247.0,0,149769.89879283117
krishnagiri,520896,1698560.0,58.42857142857143,32.0,1.2479108635097491,593519.0,0,161721.4603532123
krishnagiri,520896,1698560.0,58.42857142857143,32.0,1.2479108635097491,848874.0,0,115776.59247067478
krishnagiri,520896,1698560.0,58.42857142857143,32.0,1.2479108635097491,663016.0,0,125334.61618762383
krishnagiri,520896,1698560.0,58.42857142857143,32.0,1.2479108635097491,906439.0,0,200000.0
krishnagiri,520896,1698560.0,58.42857142857143,32.0,1.2479108635097491,1302647.0,0,150446.24314486797
krishnagiri,520896,1698560.0,58.42857142857143,32.0,1.2479108635097491,1806032.0,0,180262.65573011083
krishnagiri,520896,1698560.0,58.42857142857143,32.0,1.2479108635097491,1815882.0,0,160954.4966851235
krishnagiri,520896,1698560.0,58.42857142857143,32.0,1.2479108635097491,2701216.0,0,125784.10908043878
krishnagiri,520896,1698560.0,58.42857142857143,32.0,1.2479108635097491,5011992.0,0,158324.6457231171
krishnagiri,520896,1698560.0,58.42857142857143,32.0,1.2479108635097491,5202492.0,0,164957.6393407216
krishnagiri,520896,1698560.0,58.42857142857143,32.0,1.2479108635097491,5709389.0,0,129255.09058548434
krishnagiri,520896,1698560.0,58.42857142857143,32.0,1.2479108635097491,8122339.0,0,199912.8502339918
krishnagiri,520896,1698560.0,58.42857142857143,32.0,1.2479108635097491,10363352.0,0,182526.94310128252
krishnagiri,520896,1698560.0,58.42857142857143,32.0,1.2479108635097491,11729353.0,0,161158.749150803
krishnagiri,520896,1698560.0,58.42857142857143,32.0,1.2479108635097491,13942838.0,0,169539.3531612659
krishnagiri,520896,1698560.0,58.42857142857143,32.0,1.2479108635097491,14932340.0,0,152142.7600535794
krishnagiri,520896,1698560.0,58.42857142857143,32.0,1.2479108635097491,16419186.0,0,96373.02631924192
coimbatore,1241117,3472578.0,106.57142857142856,29.0,1.0871369294605808,533919.0,0,200000.0
coimbatore,1241117,3472578.0,106.57142857142856,29.0,1.0871369294605808,871802.0,0,200000.0
coimbatore,1241117,3472578.0,106.57142857142856,29.0,1.0871369294605808,1469560.0,0,200000.0
coimbatore,1241117,3472578.0,106.57142857142856,29.0,1.0871369294605808,1902305.0,0,200000.0
coimbatore,1241117,3472578.0,106.57142857142856,29.0,1.0871369294605808,2709665.0,0,200000.0
coimbatore,1241117,3472578.0,106.57142857142856,29.0,1.0871369294605808,3191687.0,0,200000.0
coimbatore,1241117,3472578.0,106.57142857142856,29.0,1.0871369294605808,4303835.0,0,200000.0
coimbatore,1241117,3472578.0,106.57142857142856,29.0,1.0871369294605808,5937176.0,0,200000.0
coimbatore,1241117,3472578.0,106.57142857142856,29.0,1.0871369294605808,6238270.0,0,200000.0
coimbatore,1241117,3472578.0,106.57142857142856,29.0,1.0871369294605808,4598586.0,0,200000.0
coimbatore,1241117,3472578.0,106.57142857142856,29.0,1.0871369294605808,6742559.0,0,200000.0
coimbatore,1241117,3472578.0,106.57142857142856,29.0,1.0871369294605808,10473572.0,0,200000.0
coimbatore,1241117,3472578.0,106.57142857142856,29.0,1.0871369294605808,13630124.0,0,200000.0
coimbatore,1241117,3472578.0,106.57142857142856,29.0,1.0871369294605808,13478464.0,0,200000.0
coimbatore,1241117,3472578.0,106.57142857142856,29.0,1.0871369294605808,20245762.0,0,200000.0
coimbatore,1241117,3472578.0,106.57142857142856,29.0,1.0871369294605808,27081380.0,0,200000.0
coimbatore,1241117,3472578.0,106.57142857142856,29.0,1.0871369294605808,30679187.0,0,200000.0
coimbatore,1241117,3472578.0,106.57142857142856,29.0,1.0871369294605808,36695888.0,0,200000.0
coimbatore,1241117,3472578.0,106.57142857142856,29.0,1.0871369294605808,43610373.0,0,200000.0
coimbatore,1241117,3472578.0,106.57142857142856,29.0,1.0871369294605808,40259816.0,0,200000.0
tiruppur,800943,1698560.0,58.42857142857143,42.0,1.1129032258064515,239740.0,0,200000.0
tiruppur,800943,1698560.0,58.42857142857143,42.0,1.1129032258064515,391330.0,0,200000.0
tiruppur,800943,1698560.0,58.42857142857143,42.0,1.1129032258064515,583538.0,0,200000.0
tiruppur,800943,1698560.0,58.42857142857143,42.0,1.1129032258064515,811860.0,0,198739.21800953624
tiruppur,800943,1698560.0,58.42857142857143,42.0,1.1129032258064515,1078231.0,0,200000.0
tiruppur,800943,1698560.0,58.42857142857143,42.0,1.1129032258064515,1179119.0,0,188906.84348106626
tiruppur,800943,1698560.0,58.42857142857143,42.0,1.1129032258064515,1583318.0,0,200000.0
tiruppur,800943,1698560.0,58.42857142857143,42.0,1.1129032258064515,2020118.0,0,200000.0
tiruppur,800943,1698560.0,58.42857142857143,42.0,1.1129032258064515,1918620.0,0,197007.6838181484
tiruppur,800943,1698560.0,58.42857142857143,42.0,1.1129032258064515,1672101.0,0,200000.0
tiruppur,800943,1698560.0,58.42857142857143,42.0,1.1129032258064515,2654998.0,0,200000.0
tiruppur,800943,1698560.0,58.42857142857143,42.0,1.1129032258064515,4364806.0,0,200000.0
tiruppur,800943,1698560.0,58.42857142857143,42.0,1.1129032258064515,4975985.0,0,199424.33486418723
tiruppur,800943,1698560.0,58.42857142857143,42.0,1.1129032258064515,5150795.0,0,200000.0
tiruppur,800943,1698560.0,58.42857142857143,42.0,1.1129032258064515,8398025.0,0,200000.0
tiruppur,800943,1698560.0,58.42857142857143,42.0,1.1129032258064515,11167439.0,0,178156.25067818005
tiruppur,800943,1698560.0,58.42857142857143,42.0,1.1129032258064515,12755181.0,0,200000.0
tiruppur,800943,1698560.0,58.42857142857143,42.0,1.1129032258064515,15482000.0,0,200000.0
tiruppur,800943,1698560.0,58.42857142857143,42.0,1.1129032258064515,17847117.0,0,200000.0
tiruppur,800943,1698560.0,58.42857142857143,42.0,1.1129032258064515,20078625.0,0,200000.0
yanam,19355,55616.0,58.42857142857143,31.0,1.2838878674801244,5948.0,0,5000.0
yanam,19355,55616.0,58.42857142857143,31.0,1.2838878674801244,6204.0,0,8763.398019781858
yanam,19355,55616.0,58.42857142857143,31.0,1.2838878674801244,14243.0,0,15585.75802900114
yanam,19355,55616.0,58.42857142857143,31.0,1.2838878674801244,14991.0,0,88675.90048105498
yanam,19355,55616.0,58.42857142857143,31.0,1.2838878674801244,24489.0,0,5000.0
yanam,19355,55616.0,58.42857142857143,31.0,1.2838878674801244,23022.0,0,84139.69632186547
yanam,19355,55616.0,58.42857142857143,31.0,1.2838878674801244,33240.0,0,46356.08716288401
yanam,19355,55616.0,58.42857142857143,31.0,1.2838878674801244,48736.0,0,47768.26842857241
yanam,19355,55616.0,58.42857142857143,31.0,1.2838878674801244,65016.0,0,11488.980950033243
yanam,19355,55616.0,58.42857142857143,31.0,1.2838878674801244,78024.0,0,19727.483297856037
yanam,19355,55616.0,58.42857142857143,31.0,1.2838878674801244,105613.0,0,5299.613180226157
yanam,19355,55616.0,58.42857142857143,31.0,1.2838878674801244,182547.0,0,64553.03406689514
yanam,19355,55616.0,58.42857142857143,31.0,1.2838878674801244,178609.0,0,6441.4581595779255
yanam,19355,55616.0,58.42857142857143,31.0,1.2838878674801244,212893.0,0,5000.0
yanam,19355,55616.0,58.42857142857143,31.0,1.2838878674801244,289263.0,0,15566.936867743761
yanam,19355,55616.0,58.42857142857143,31.0,1.2838878674801244,360182.0,0,5000.0
yanam,19355,55616.0,58.42857142857143,31.0,1.2838878674801244,410527.0,0,25371.33669933053
yanam,19355,55616.0,58.42857142857143,31.0,1.2838878674801244,481753.0,0,59720.63004072009
yanam,19355,55616.0,58.42857142857143,31.0,1.2838878674801244,466305.0,0,55693.96914666173
yanam,19355,55616.0,58.42857142857143,31.0,1.2838878674801244,536311.0,0,5000.0
pondicherry,345703,946600.0,58.42857142857143,25.0,1.2838878674801244,1047786.5,1,145855.5243113048
mahe,19860,41934.0,58.42857142857143,31.0,1.2838878674801244,1512.0,0,21387.153739087713
mahe,19860,41934.0,58.42857142857143,31.0,1.2838878674801244,2686.0,0,49915.8643573413
mahe,19860,41934.0,58.42857142857143,31.0,1.2838878674801244,4707.0,0,41545.91747346083
mahe,19860,41934.0,58.42857142857143,31.0,1.2838878674801244,4767.0,0,35646.704665192185
mahe,19860,41934.0,58.42857142857143,31.0,1.2838878674801244,6551.0,0,25629.607297368166
mahe,19860,41934.0,58.42857142857143,31.0,1.2838878674801244,6166.0,0,76197.9263926686
mahe,19860,41934.0,58.42857142857143,31.0,1.2838878674801244,8418.0,0,59137.48128618098
mahe,19860,41934.0,58.42857142857143,31.0,1.2838878674801244,11424.0,0,36502.6388287231
mahe,19860,41934.0,58.42857142857143,31.0,1.2838878674801244,13890.0,0,5000.0
mahe,19860,41934.0,58.42857142857143,31.0,1.2838878674801244,21650.0,0,21476.08650519076
mahe,19860,41934.0,58.42857142857143,31.0,1.2838878674801244,23859.0,0,25835.284107095176
mahe,19860,41934.0,58.42857142857143,31.0,1.2838878674801244,42107.0,0,16457.441880752198
mahe,19860,41934.0,58.42857142857143,31.0,1.2838878674801244,48945.0,0,37979.09209011695
mahe,19860,41934.0,58.42857142857143,31.0,1.2838878674801244,52427.0,0,30728.34501758851
mahe,19860,41934.0,58.42857142857143,31.0,1.2838878674801244,76232.0,0,47199.76388036081
mahe,19860,41934.0,58.42857142857143,31.0,1.2838878674801244,101037.0,0,28934.856438494797
mahe,19860,41934.0,58.42857142857143,31.0,1.2838878674801244,116179.0,0,56969.92768242094
mahe,19860,41934.0,58.42857142857143,31.0,1.2838878674801244,127396.0,0,26633.166423081268
mahe,19860,41934.0,58.42857142857143,31.0,1.2838878674801244,126887.0,0,50325.20630646743
mahe,19860,41934.0,58.42857142857143,31.0,1.2838878674801244,148799.0,0,5000.0
karaikal,75013,200314.0,58.42857142857143,31.0,1.2838878674801244,10266.0,0,73430.77112166396
karaikal,75013,200314.0,58.42857142857143,31.0,1.2838878674801244,18649.0,0,41515.20190833077
karaikal,75013,200314.0,58.42857142857143,31.0,1.2838878674801244,23605.0,0,29573.707008840374
karaikal,75013,200314.0,58.42857142857143,31.0,1.2838878674801244,34809.0,0,28145.681511864055
karaikal,75013,200314.0,58.42857142857143,31.0,1.2838878674801244,47329.0,0,51229.95302296239
karaikal,75013,200314.0,58.42857142857143,31.0,1.2838878674801244,31079.0,0,56133.992162356735
karaikal,75013,200314.0,58.42857142857143,31.0,1.2838878674801244,45737.0,0,34993.4203411639
karaikal,75013,200314.0,58.42857142857143,31.0,1.2838878674801244,58510.0,0,34292.940689745075
karaikal,75013,200314.0,58.42857142857143,31.0,1.2838878674801244,68088.0,0,51360.016189710026
karaikal,75013,200314.0,58.42857142857143,31.0,1.2838878674801244,64779.0,0,71062.48725531674
karaikal,75013,200314.0,58.42857142857143,31.0,1.2838878674801244,85556.0,0,67428.6885650298
karaikal,75013,200314.0,58.42857142857143,31.0,1.2838878674801244,141895.0,0,46458.02481600673
karaikal,75013,200314.0,58.42857142857143,31.0,1.2838878674801244,161642.0,0,50491.11459764002
karaikal,75013,200314.0,58.42857142857143,31.0,1.2838878674801244,169944.0,0,66827.24978565788
karaikal,75013,200314.0,58.42857142857143,31.0,1.2838878674801244,241468.0,0,32078.116617635744
karaikal,75013,200314.0,58.42857142857143,31.0,1.2838878674801244,300601.0,0,58658.311453693575
karaikal,75013,200314.0,58.42857142857143,31.0,1.2838878674801244,362403.0,0,28659.55047890864
karaikal,75013,200314.0,58.42857142857143,31.0,1.2838878674801244,417480.0,0,43090.74112977534
karaikal,75013,200314.0,58.42857142857143,31.0,1.2838878674801244,456795.0,0,9583.688503135229
karaikal,75013,200314.0,58.42857142857143,31.0,1.2838878674801244,488147.0,0,30934.420121724783
nicobars,9935,36819.0,58.42857142857143,28.0,1.0,528.0,0,29796.426292559096
nicobars,9935,36819.0,58.42857142857143,28.0,1.0,1120.0,0,32927.42933201606
nicobars,9935,36819.0,58.42857142857143,28.0,1.0,1471.0,0,31648.456229494528
nicobars,9935,36819.0,58.42857142857143,28.0,1.0,1485.0,0,5423.856900480952
nicobars,9935,36819.0,58.42857142857143,28.0,1.0,1539.0,0,5000.0
nicobars,9935,36819.0,58.42857142857143,28.0,1.0,1828.0,0,21881.10496026268
nicobars,9935,36819.0,58.42857142857143,28.0,1.0,2300.0,0,16060.870053199002
nicobars,9935,36819.0,58.42857142857143,28.0,1.0,2600.0,0,25234.545238518163
nicobars,9935,36819.0,58.42857142857143,28.0,1.0,2911.0,0,60836.45816674547
nicobars,9935,36819.0,58.42857142857143,28.0,1.0,3895.0,0,34172.14106507284
nicobars,9935,36819.0,58.42857142857143,28.0,1.0,5413.0,0,45047.342453307996
nicobars,9935,36819.0,58.42857142857143,28.0,1.0,8688.0,0,13448.302156570271
nicobars,9935,36819.0,58.42857142857143,28.0,1.0,10302.0,0,8172.783588114942
nicobars,9935,36819.0,58.42857142857143,28.0,1.0,15307.0,0,5000.0
nicobars,9935,36819.0,58.42857142857143,28.0,1.0,20754.0,0,6103.822513060402
nicobars,9935,36819.0,58.42857142857143,28.0,1.0,24437.0,0,17147.739662267908
nicobars,9935,36819.0,58.42857142857143,28.0,1.0,29177.0,0,5000.0
nicobars,9935,36819.0,58.42857142857143,28.0,1.0,43769.0,0,5000.0
nicobars,9935,36819.0,58.42857142857143,28.0,1.0,49550.0,0,5000.0
nicobars,9935,36819.0,58.42857142857143,28.0,1.0,58646.0,0,34946.93118046063
north  and middle andaman,35497,1698560.0,58.42857142857143,31.0,1.2838878674801244,1047786.5,1,41970.14706712229
south andaman,84472,1698560.0,58.42857142857143,8.0,1.2838878674801244,5688.0,0,80445.25404071965
south andaman,84472,1698560.0,58.42857142857143,8.0,1.2838878674801244,9395.0,0,44084.65287106612
south andaman,84472,1698560.0,58.42857142857143,8.0,1.2838878674801244,13511.0,0,20049.981814990915
south andaman,84472,1698560.0,58.42857142857143,8.0,1.2838878674801244,20136.0,0,69648.08102132997
south andaman,84472,1698560.0,58.42857142857143,8.0,1.2838878674801244,25683.0,0,5000.0
south andaman,84472,1698560.0,58.42857142857143,8.0,1.2838878674801244,28490.0,0,51072.37267892908
south andaman,84472,1698560.0,58.42857142857143,8.0,1.2838878674801244,27421.0,0,5000.0
south andaman,84472,1698560.0,58.42857142857143,8.0,1.2838878674801244,27843.0,0,56968.47342911396
south andaman,84472,1698560.0,58.42857142857143,8.0,1.2838878674801244,32713.0,0,66392.53860431167
south andaman,84472,1698560.0,58.42857142857143,8.0,1.2838878674801244,48088.0,0,16584.79859609744
south andaman,84472,1698560.0,58.42857142857143,8.0,1.2838878674801244,95323.0,0,14287.299647120504
south andaman,84472,1698560.0,58.42857142857143,8.0,1.2838878674801244,186494.0,0,24968.851009724247
south andaman,84472,1698560.0,58.42857142857143,8.0,1.2838878674801244,207092.0,0,45095.122592112304
south andaman,84472,1698560.0,58.42857142857143,8.0,1.2838878674801244,286907.0,0,23044.902502471145
south andaman,84472,1698560.0,58.42857142857143,8.0,1.2838878674801244,382418.0,0,75055.2975288444
south andaman,84472,1698560.0,58.42857142857143,8.0,1.2838878674801244,558571.0,0,25755.440897990273
south andaman,84472,1698560.0,58.42857142857143,8.0,1.2838878674801244,705512.0,0,5000.0
south andaman,84472,1698560.0,58.42857142857143,8.0,1.2838878674801244,954875.0,0,78310.3659912253
south andaman,84472,1698560.0,58.42857142857143,8.0,1.2838878674801244,1455255.0,0,20182.583693335553
south andaman,84472,1698560.0,58.42857142857143,8.0,1.2838878674801244,1835592.0,0,46563.248691898276
